condition_id,dex_f_percent,dex_mw_kda,dex_conc_log1p_mg_ml,slot1_additive_conc_log1p_mM,slot1_molformer_pca16_00,slot1_molformer_pca16_01,slot1_molformer_pca16_02,slot1_molformer_pca16_03,slot1_molformer_pca16_04,slot1_molformer_pca16_05,slot1_molformer_pca16_06,slot1_molformer_pca16_07,slot1_molformer_pca16_08,slot1_molformer_pca16_09,slot1_molformer_pca16_10,slot1_molformer_pca16_11,slot1_molformer_pca16_12,slot1_molformer_pca16_13,slot1_molformer_pca16_14,slot1_molformer_pca16_15,slot2_salt_conc_log1p_mM,slot2_molformer_pca16_00,slot2_molformer_pca16_01,slot2_molformer_pca16_02,slot2_molformer_pca16_03,slot2_molformer_pca16_04,slot2_molformer_pca16_05,slot2_molformer_pca16_06,slot2_molformer_pca16_07,slot2_molformer_pca16_08,slot2_molformer_pca16_09,slot2_molformer_pca16_10,slot2_molformer_pca16_11,slot2_molformer_pca16_12,slot2_molformer_pca16_13,slot2_molformer_pca16_14,slot2_molformer_pca16_15,buffer_di_water,observed_class,target_lcst,target_ucst,target_none,target_lcst_temperature_c
578ab17390eba9a2,60,20,0.004321373782642574,0,0,0,0,0,0,0,0,0,0,0,0,0,0,0,0,0,0,0,0,0,0,0,0,0,0,0,0,0,0,0,0,0,0,1,NONE,0,0,1,
08e2de1aa62fad1a,60,20,0.004321373782642574,0,0,0,0,0,0,0,0,0,0,0,0,0,0,0,0,0,0,0,0,0,0,0,0,0,0,0,0,0,0,0,0,0,0,0,NONE,0,0,1,
634b851422cf6029,60,20,0.041392685158225036,1.7075701760979363,-7.127574585534647,-5.356386754622263,-7.438231245774954,2.7653565354547007,-3.6567544811477886,-2.6483892782159035,-4.390912720992246,2.2548428756581655,-2.718503574171856,2.218663092146349,-3.1387715472282234,1.9294180294749461,0.5239017580170809,0.9986709041408968,1.637779568612508,0.6299890907400444,2.0043213737826426,4.403417654792204,12.246616267624727,-2.098301432208356,-1.6959189494788864,-0.33888702766907497,6.1271255536583915,-2.909019640684782,5.623158276998221,2.8166934910233206,0.308433010199633,-0.15980758466204525,-1.5194480887653747,0.2887807621600118,1.2539147285980163,-0.07711396252121006,-0.41518809212676944,0,LCST,1,0,0,53.93
a2b4698c3d37ecb7,60,20,0.041392685158225036,0.004321373782642574,-4.1909286648703405,-0.28399657013129076,-6.184955495560864,-1.980264240861543,5.1380795481928105,-2.747696387134738,8.374506179708572,4.313096062158067,0.3252534015509645,0.9347613058877416,-0.4933668304889838,0.8654800163394125,-0.05933941394160991,0.12598008056768994,-0.17516022631776518,0.21647538259689902,1.322219294733919,-7.847000468143248,-0.8397134591346669,8.120370506137512,1.7935698545771155,-1.7921363124167458,-0.04817594596969066,0.6452701911461499,0.4800703678423419,0.17166122805917294,-1.7866489926608367,-0.10556751427437083,-1.2449260073996045,-1.9944009938663847,0.3924954358470437,0.6194773289479572,1.2100458323095438,0,LCST,1,0,0,25.01
9c53cabe16fb0d29,60,20,0.041392685158225036,2.0043213737826426,-7.8145941632435925,-3.9635630005501827,-2.3521157241748476,1.9956289013525184,-1.997621350005787,-1.7407029152928297,-1.8081407050202234,2.328220226087466,-1.8072461527782917,-2.0157761659112476,-0.7875043280835059,-2.0654608774659753,-0.7742679751297369,-2.708152120688246,-2.612283326223875,-1.5402402562891409,1.8808135922807911,4.403417654792204,12.246616267624727,-2.098301432208356,-1.6959189494788864,-0.33888702766907497,6.1271255536583915,-2.909019640684782,5.623158276998221,2.8166934910233206,0.308433010199633,-0.15980758466204525,-1.5194480887653747,0.2887807621600118,1.2539147285980163,-0.07711396252121006,-0.41518809212676944,0,LCST,1,0,0,20.01
526efca6b73549e5,60,20,0.041392685158225036,1.041392685158225,-5.997670127070119,-10.339755956233766,-10.823897832288274,0.5420876388940874,-2.0060913645877188,1.6238651196196114,-0.7123641952512402,-1.8542020633227587,3.0560287405426374,0.4116742618953433,5.336422099674927,-0.5412297275902689,-0.27654533655721125,0.7811373487465116,-0.29845770720246545,0.40766417527507626,0.30102999566398114,4.403417654792204,12.246616267624727,-2.098301432208356,-1.6959189494788864,-0.33888702766907497,6.1271255536583915,-2.909019640684782,5.623158276998221,2.8166934910233206,0.308433010199633,-0.15980758466204525,-1.5194480887653747,0.2887807621600118,1.2539147285980163,-0.07711396252121006,-0.41518809212676944,0,NONE,0,0,1,
cc2e6c95aa39c79b,60,20,0.30102999566398114,0,0,0,0,0,0,0,0,0,0,0,0,0,0,0,0,0,0,0,0,0,0,0,0,0,0,0,0,0,0,0,0,0,0,1,LCST,1,0,0,66.54418461
8337c58848ab80b1,60,20,0.30102999566398114,0,0,0,0,0,0,0,0,0,0,0,0,0,0,0,0,0,0,0,0,0,0,0,0,0,0,0,0,0,0,0,0,0,0,0,LCST,1,0,0,48.81121276
cd93277808af805a,60,20,0.4771212547196623,1.7075701760979363,-1.3670533020138635,-3.5285249314275076,-4.380120329794209,-2.274239945800719,-1.6176085964671514,7.037075971482818,2.953720316730639,-4.733687565175484,0.46204313229975913,0.12828014721772432,-4.713938549598462,-1.1830939684856485,0.38283630172783367,-0.5077968362344959,0.11703102977370028,-0.0611814778949622,0.7781512503836435,-7.847000468143248,-0.8397134591346669,8.120370506137512,1.7935698545771155,-1.7921363124167458,-0.04817594596969066,0.6452701911461499,0.4800703678423419,0.17166122805917294,-1.7866489926608367,-0.10556751427437083,-1.2449260073996045,-1.9944009938663847,0.3924954358470437,0.6194773289479572,1.2100458323095438,0,UCST,0,1,0,
f1271bf1a2030e7f,60,20,0.4771212547196623,2.0043213737826426,-1.3670533020138635,-3.5285249314275076,-4.380120329794209,-2.274239945800719,-1.6176085964671514,7.037075971482818,2.953720316730639,-4.733687565175484,0.46204313229975913,0.12828014721772432,-4.713938549598462,-1.1830939684856485,0.38283630172783367,-0.5077968362344959,0.11703102977370028,-0.0611814778949622,1.041392685158225,4.403417654792204,12.246616267624727,-2.098301432208356,-1.6959189494788864,-0.33888702766907497,6.1271255536583915,-2.909019640684782,5.623158276998221,2.8166934910233206,0.308433010199633,-0.15980758466204525,-1.5194480887653747,0.2887807621600118,1.2539147285980163,-0.07711396252121006,-0.41518809212676944,0,LCST,1,0,0,50.91
5a4f46d0eada1c20,60,20,0.4771212547196623,3.0004340774793183,-4.265478414649323,0.37417112134854325,-1.636055176794605,-6.1272721050612695,7.444373354033543,-1.326783634230292,-2.9506662676903557,-1.4174213730550624,0.3176397741886463,-6.071798253754154,-0.40784104621120765,1.6488820714490058,0.9287013875002255,0.6452319544550569,0.5469716888162197,-0.20620609525294809,1.041392685158225,4.403417654792204,12.246616267624727,-2.098301432208356,-1.6959189494788864,-0.33888702766907497,6.1271255536583915,-2.909019640684782,5.623158276998221,2.8166934910233206,0.308433010199633,-0.15980758466204525,-1.5194480887653747,0.2887807621600118,1.2539147285980163,-0.07711396252121006,-0.41518809212676944,0,NONE,0,0,1,
eb3aaccca44decb0,60,20,1.041392685158225,0,0,0,0,0,0,0,0,0,0,0,0,0,0,0,0,0,0,0,0,0,0,0,0,0,0,0,0,0,0,0,0,0,0,1,LCST,1,0,0,60.95474403
9e679d4ada6f904c,60,20,1.041392685158225,0,0,0,0,0,0,0,0,0,0,0,0,0,0,0,0,0,0,0,0,0,0,0,0,0,0,0,0,0,0,0,0,0,0,0,LCST,1,0,0,45.14795779
4b09d73651afa8dc,60,20,1.041392685158225,0.6020599913279623,-4.1909286648703405,-0.28399657013129076,-6.184955495560864,-1.980264240861543,5.1380795481928105,-2.747696387134738,8.374506179708572,4.313096062158067,0.3252534015509645,0.9347613058877416,-0.4933668304889838,0.8654800163394125,-0.05933941394160991,0.12598008056768994,-0.17516022631776518,0.21647538259689902,1.8808135922807911,4.403417654792204,12.246616267624727,-2.098301432208356,-1.6959189494788864,-0.33888702766907497,6.1271255536583915,-2.909019640684782,5.623158276998221,2.8166934910233206,0.308433010199633,-0.15980758466204525,-1.5194480887653747,0.2887807621600118,1.2539147285980163,-0.07711396252121006,-0.41518809212676944,0,LCST,1,0,0,57.56
43294e321cc1829a,60,20,1.041392685158225,1.041392685158225,-5.997670127070119,-10.339755956233766,-10.823897832288274,0.5420876388940874,-2.0060913645877188,1.6238651196196114,-0.7123641952512402,-1.8542020633227587,3.0560287405426374,0.4116742618953433,5.336422099674927,-0.5412297275902689,-0.27654533655721125,0.7811373487465116,-0.29845770720246545,0.40766417527507626,0.30102999566398114,-7.847000468143248,-0.8397134591346669,8.120370506137512,1.7935698545771155,-1.7921363124167458,-0.04817594596969066,0.6452701911461499,0.4800703678423419,0.17166122805917294,-1.7866489926608367,-0.10556751427437083,-1.2449260073996045,-1.9944009938663847,0.3924954358470437,0.6194773289479572,1.2100458323095438,0,LCST,1,0,0,44.39
42b0028ade3ee95c,60,20,1.322219294733919,0,0,0,0,0,0,0,0,0,0,0,0,0,0,0,0,0,0,0,0,0,0,0,0,0,0,0,0,0,0,0,0,0,0,1,LCST,1,0,0,55.03445743
945dee5a77f3a785,60,20,1.322219294733919,0,0,0,0,0,0,0,0,0,0,0,0,0,0,0,0,0,0,0,0,0,0,0,0,0,0,0,0,0,0,0,0,0,0,0,LCST,1,0,0,42.18644813
7a0bd5033383232f,60,20,1.4913616938342726,0,0,0,0,0,0,0,0,0,0,0,0,0,0,0,0,0,0,0,0,0,0,0,0,0,0,0,0,0,0,0,0,0,0,1,LCST,1,0,0,53.12062126
89932056ce050f15,60,20,1.4913616938342726,0,0,0,0,0,0,0,0,0,0,0,0,0,0,0,0,0,0,0,0,0,0,0,0,0,0,0,0,0,0,0,0,0,0,0,LCST,1,0,0,41.61341375
cacd5688466cd79e,60,20,1.6127838567197355,0,0,0,0,0,0,0,0,0,0,0,0,0,0,0,0,0,0,0,0,0,0,0,0,0,0,0,0,0,0,0,0,0,0,1,LCST,1,0,0,53.30596246
c3c715ee719a2137,60,20,1.6127838567197355,0,0,0,0,0,0,0,0,0,0,0,0,0,0,0,0,0,0,0,0,0,0,0,0,0,0,0,0,0,0,0,0,0,0,0,LCST,1,0,0,41.88755593
02d0617506cd60e6,60,20,1.7075701760979363,0,0,0,0,0,0,0,0,0,0,0,0,0,0,0,0,0,0,0,0,0,0,0,0,0,0,0,0,0,0,0,0,0,0,1,LCST,1,0,0,54.74205843
9aefe95a1ccdccb4,60,20,1.7075701760979363,0,0,0,0,0,0,0,0,0,0,0,0,0,0,0,0,0,0,0,0,0,0,0,0,0,0,0,0,0,0,0,0,0,0,0,LCST,1,0,0,42.67373707
ed38fcfff5d332fe,60,20,2.0043213737826426,1.7075701760979363,-7.127574585534647,-5.356386754622263,-7.438231245774954,2.7653565354547007,-3.6567544811477886,-2.6483892782159035,-4.390912720992246,2.2548428756581655,-2.718503574171856,2.218663092146349,-3.1387715472282234,1.9294180294749461,0.5239017580170809,0.9986709041408968,1.637779568612508,0.6299890907400444,2.0043213737826426,-7.847000468143248,-0.8397134591346669,8.120370506137512,1.7935698545771155,-1.7921363124167458,-0.04817594596969066,0.6452701911461499,0.4800703678423419,0.17166122805917294,-1.7866489926608367,-0.10556751427437083,-1.2449260073996045,-1.9944009938663847,0.3924954358470437,0.6194773289479572,1.2100458323095438,0,LCST,1,0,0,19.83
e3b86878adc6f6ec,60,20,2.0043213737826426,2.0043213737826426,-7.8145941632435925,-3.9635630005501827,-2.3521157241748476,1.9956289013525184,-1.997621350005787,-1.7407029152928297,-1.8081407050202234,2.328220226087466,-1.8072461527782917,-2.0157761659112476,-0.7875043280835059,-2.0654608774659753,-0.7742679751297369,-2.708152120688246,-2.612283326223875,-1.5402402562891409,1.8808135922807911,-7.847000468143248,-0.8397134591346669,8.120370506137512,1.7935698545771155,-1.7921363124167458,-0.04817594596969066,0.6452701911461499,0.4800703678423419,0.17166122805917294,-1.7866489926608367,-0.10556751427437083,-1.2449260073996045,-1.9944009938663847,0.3924954358470437,0.6194773289479572,1.2100458323095438,0,LCST,1,0,0,26.7
e3c176b810c4f1d6,60,20,2.0043213737826426,3.0004340774793183,-4.265478414649323,0.37417112134854325,-1.636055176794605,-6.1272721050612695,7.444373354033543,-1.326783634230292,-2.9506662676903557,-1.4174213730550624,0.3176397741886463,-6.071798253754154,-0.40784104621120765,1.6488820714490058,0.9287013875002255,0.6452319544550569,0.5469716888162197,-0.20620609525294809,1.8808135922807911,-7.847000468143248,-0.8397134591346669,8.120370506137512,1.7935698545771155,-1.7921363124167458,-0.04817594596969066,0.6452701911461499,0.4800703678423419,0.17166122805917294,-1.7866489926608367,-0.10556751427437083,-1.2449260073996045,-1.9944009938663847,0.3924954358470437,0.6194773289479572,1.2100458323095438,0,LCST,1,0,0,45.58
ccac50002ecb4c53,60,40,0.004321373782642574,0,0,0,0,0,0,0,0,0,0,0,0,0,0,0,0,0,0,0,0,0,0,0,0,0,0,0,0,0,0,0,0,0,0,1,NONE,0,0,1,
95ff7845b0f75e0c,60,40,0.004321373782642574,0,0,0,0,0,0,0,0,0,0,0,0,0,0,0,0,0,0,0,0,0,0,0,0,0,0,0,0,0,0,0,0,0,0,0,NONE,0,0,1,
96e642bc76867081,60,40,0.041392685158225036,1.7075701760979363,-7.127574585534647,-5.356386754622263,-7.438231245774954,2.7653565354547007,-3.6567544811477886,-2.6483892782159035,-4.390912720992246,2.2548428756581655,-2.718503574171856,2.218663092146349,-3.1387715472282234,1.9294180294749461,0.5239017580170809,0.9986709041408968,1.637779568612508,0.6299890907400444,2.0043213737826426,4.403417654792204,12.246616267624727,-2.098301432208356,-1.6959189494788864,-0.33888702766907497,6.1271255536583915,-2.909019640684782,5.623158276998221,2.8166934910233206,0.308433010199633,-0.15980758466204525,-1.5194480887653747,0.2887807621600118,1.2539147285980163,-0.07711396252121006,-0.41518809212676944,0,LCST,1,0,0,53.6
ef12f9796add32ba,60,40,0.041392685158225036,0.004321373782642574,-4.1909286648703405,-0.28399657013129076,-6.184955495560864,-1.980264240861543,5.1380795481928105,-2.747696387134738,8.374506179708572,4.313096062158067,0.3252534015509645,0.9347613058877416,-0.4933668304889838,0.8654800163394125,-0.05933941394160991,0.12598008056768994,-0.17516022631776518,0.21647538259689902,1.322219294733919,-7.847000468143248,-0.8397134591346669,8.120370506137512,1.7935698545771155,-1.7921363124167458,-0.04817594596969066,0.6452701911461499,0.4800703678423419,0.17166122805917294,-1.7866489926608367,-0.10556751427437083,-1.2449260073996045,-1.9944009938663847,0.3924954358470437,0.6194773289479572,1.2100458323095438,0,LCST,1,0,0,25.65
f5918531fdf47be9,60,40,0.041392685158225036,2.0043213737826426,-7.8145941632435925,-3.9635630005501827,-2.3521157241748476,1.9956289013525184,-1.997621350005787,-1.7407029152928297,-1.8081407050202234,2.328220226087466,-1.8072461527782917,-2.0157761659112476,-0.7875043280835059,-2.0654608774659753,-0.7742679751297369,-2.708152120688246,-2.612283326223875,-1.5402402562891409,1.8808135922807911,4.403417654792204,12.246616267624727,-2.098301432208356,-1.6959189494788864,-0.33888702766907497,6.1271255536583915,-2.909019640684782,5.623158276998221,2.8166934910233206,0.308433010199633,-0.15980758466204525,-1.5194480887653747,0.2887807621600118,1.2539147285980163,-0.07711396252121006,-0.41518809212676944,0,LCST,1,0,0,16.59
914a628b9c4c4e54,60,40,0.041392685158225036,1.041392685158225,-5.997670127070119,-10.339755956233766,-10.823897832288274,0.5420876388940874,-2.0060913645877188,1.6238651196196114,-0.7123641952512402,-1.8542020633227587,3.0560287405426374,0.4116742618953433,5.336422099674927,-0.5412297275902689,-0.27654533655721125,0.7811373487465116,-0.29845770720246545,0.40766417527507626,0.30102999566398114,4.403417654792204,12.246616267624727,-2.098301432208356,-1.6959189494788864,-0.33888702766907497,6.1271255536583915,-2.909019640684782,5.623158276998221,2.8166934910233206,0.308433010199633,-0.15980758466204525,-1.5194480887653747,0.2887807621600118,1.2539147285980163,-0.07711396252121006,-0.41518809212676944,0,NONE,0,0,1,
61c7f6b42bc7bef0,60,40,0.30102999566398114,0,0,0,0,0,0,0,0,0,0,0,0,0,0,0,0,0,0,0,0,0,0,0,0,0,0,0,0,0,0,0,0,0,0,1,NONE,0,0,1,
888fd96724d875bf,60,40,0.30102999566398114,0,0,0,0,0,0,0,0,0,0,0,0,0,0,0,0,0,0,0,0,0,0,0,0,0,0,0,0,0,0,0,0,0,0,0,LCST,1,0,0,39.84886726
afae24ef0758edab,60,40,0.4771212547196623,1.7075701760979363,-1.3670533020138635,-3.5285249314275076,-4.380120329794209,-2.274239945800719,-1.6176085964671514,7.037075971482818,2.953720316730639,-4.733687565175484,0.46204313229975913,0.12828014721772432,-4.713938549598462,-1.1830939684856485,0.38283630172783367,-0.5077968362344959,0.11703102977370028,-0.0611814778949622,0.7781512503836435,-7.847000468143248,-0.8397134591346669,8.120370506137512,1.7935698545771155,-1.7921363124167458,-0.04817594596969066,0.6452701911461499,0.4800703678423419,0.17166122805917294,-1.7866489926608367,-0.10556751427437083,-1.2449260073996045,-1.9944009938663847,0.3924954358470437,0.6194773289479572,1.2100458323095438,0,UCST,0,1,0,
a52d8fce49d6a4fd,60,40,0.4771212547196623,2.0043213737826426,-1.3670533020138635,-3.5285249314275076,-4.380120329794209,-2.274239945800719,-1.6176085964671514,7.037075971482818,2.953720316730639,-4.733687565175484,0.46204313229975913,0.12828014721772432,-4.713938549598462,-1.1830939684856485,0.38283630172783367,-0.5077968362344959,0.11703102977370028,-0.0611814778949622,1.041392685158225,4.403417654792204,12.246616267624727,-2.098301432208356,-1.6959189494788864,-0.33888702766907497,6.1271255536583915,-2.909019640684782,5.623158276998221,2.8166934910233206,0.308433010199633,-0.15980758466204525,-1.5194480887653747,0.2887807621600118,1.2539147285980163,-0.07711396252121006,-0.41518809212676944,0,LCST,1,0,0,53.52
cc9ee37a3b61876d,60,40,0.4771212547196623,3.0004340774793183,-4.265478414649323,0.37417112134854325,-1.636055176794605,-6.1272721050612695,7.444373354033543,-1.326783634230292,-2.9506662676903557,-1.4174213730550624,0.3176397741886463,-6.071798253754154,-0.40784104621120765,1.6488820714490058,0.9287013875002255,0.6452319544550569,0.5469716888162197,-0.20620609525294809,1.041392685158225,4.403417654792204,12.246616267624727,-2.098301432208356,-1.6959189494788864,-0.33888702766907497,6.1271255536583915,-2.909019640684782,5.623158276998221,2.8166934910233206,0.308433010199633,-0.15980758466204525,-1.5194480887653747,0.2887807621600118,1.2539147285980163,-0.07711396252121006,-0.41518809212676944,0,NONE,0,0,1,
4b1ffb6a32b1400b,60,40,1.041392685158225,0,0,0,0,0,0,0,0,0,0,0,0,0,0,0,0,0,0,0,0,0,0,0,0,0,0,0,0,0,0,0,0,0,0,1,LCST,1,0,0,66.41521236
48da60ebf581eb49,60,40,1.041392685158225,0,0,0,0,0,0,0,0,0,0,0,0,0,0,0,0,0,0,0,0,0,0,0,0,0,0,0,0,0,0,0,0,0,0,0,LCST,1,0,0,38.10495987
cb5e585253234c42,60,40,1.041392685158225,0.6020599913279623,-4.1909286648703405,-0.28399657013129076,-6.184955495560864,-1.980264240861543,5.1380795481928105,-2.747696387134738,8.374506179708572,4.313096062158067,0.3252534015509645,0.9347613058877416,-0.4933668304889838,0.8654800163394125,-0.05933941394160991,0.12598008056768994,-0.17516022631776518,0.21647538259689902,1.8808135922807911,4.403417654792204,12.246616267624727,-2.098301432208356,-1.6959189494788864,-0.33888702766907497,6.1271255536583915,-2.909019640684782,5.623158276998221,2.8166934910233206,0.308433010199633,-0.15980758466204525,-1.5194480887653747,0.2887807621600118,1.2539147285980163,-0.07711396252121006,-0.41518809212676944,0,LCST,1,0,0,58.47
3fc7f371ec60de63,60,40,1.041392685158225,1.041392685158225,-5.997670127070119,-10.339755956233766,-10.823897832288274,0.5420876388940874,-2.0060913645877188,1.6238651196196114,-0.7123641952512402,-1.8542020633227587,3.0560287405426374,0.4116742618953433,5.336422099674927,-0.5412297275902689,-0.27654533655721125,0.7811373487465116,-0.29845770720246545,0.40766417527507626,0.30102999566398114,-7.847000468143248,-0.8397134591346669,8.120370506137512,1.7935698545771155,-1.7921363124167458,-0.04817594596969066,0.6452701911461499,0.4800703678423419,0.17166122805917294,-1.7866489926608367,-0.10556751427437083,-1.2449260073996045,-1.9944009938663847,0.3924954358470437,0.6194773289479572,1.2100458323095438,0,LCST,1,0,0,33.8
cf212b6ccf08f2cb,60,40,1.322219294733919,0,0,0,0,0,0,0,0,0,0,0,0,0,0,0,0,0,0,0,0,0,0,0,0,0,0,0,0,0,0,0,0,0,0,1,LCST,1,0,0,62.94215051
d1930f60b4b11c87,60,40,1.322219294733919,0,0,0,0,0,0,0,0,0,0,0,0,0,0,0,0,0,0,0,0,0,0,0,0,0,0,0,0,0,0,0,0,0,0,0,LCST,1,0,0,37.18985012
9c8a211a276f0101,60,40,1.4913616938342726,0,0,0,0,0,0,0,0,0,0,0,0,0,0,0,0,0,0,0,0,0,0,0,0,0,0,0,0,0,0,0,0,0,0,1,LCST,1,0,0,62.13444418
42b29ac754823b3e,60,40,1.4913616938342726,0,0,0,0,0,0,0,0,0,0,0,0,0,0,0,0,0,0,0,0,0,0,0,0,0,0,0,0,0,0,0,0,0,0,0,LCST,1,0,0,36.83782226
14c2c6b4a2f24325,60,40,1.6127838567197355,0,0,0,0,0,0,0,0,0,0,0,0,0,0,0,0,0,0,0,0,0,0,0,0,0,0,0,0,0,0,0,0,0,0,1,LCST,1,0,0,60.55712821
4ae7d2c9c0daebe3,60,40,1.6127838567197355,0,0,0,0,0,0,0,0,0,0,0,0,0,0,0,0,0,0,0,0,0,0,0,0,0,0,0,0,0,0,0,0,0,0,0,LCST,1,0,0,37.46951494
12346fe2371284a6,60,40,1.7075701760979363,0,0,0,0,0,0,0,0,0,0,0,0,0,0,0,0,0,0,0,0,0,0,0,0,0,0,0,0,0,0,0,0,0,0,1,LCST,1,0,0,61.4069001
55ca0270c5e76b59,60,40,1.7075701760979363,0,0,0,0,0,0,0,0,0,0,0,0,0,0,0,0,0,0,0,0,0,0,0,0,0,0,0,0,0,0,0,0,0,0,0,LCST,1,0,0,37.86439551
4035c0ff74617cac,60,40,2.0043213737826426,1.7075701760979363,-7.127574585534647,-5.356386754622263,-7.438231245774954,2.7653565354547007,-3.6567544811477886,-2.6483892782159035,-4.390912720992246,2.2548428756581655,-2.718503574171856,2.218663092146349,-3.1387715472282234,1.9294180294749461,0.5239017580170809,0.9986709041408968,1.637779568612508,0.6299890907400444,2.0043213737826426,-7.847000468143248,-0.8397134591346669,8.120370506137512,1.7935698545771155,-1.7921363124167458,-0.04817594596969066,0.6452701911461499,0.4800703678423419,0.17166122805917294,-1.7866489926608367,-0.10556751427437083,-1.2449260073996045,-1.9944009938663847,0.3924954358470437,0.6194773289479572,1.2100458323095438,0,LCST,1,0,0,23.25
ea838c412d6ad08e,60,40,2.0043213737826426,2.0043213737826426,-7.8145941632435925,-3.9635630005501827,-2.3521157241748476,1.9956289013525184,-1.997621350005787,-1.7407029152928297,-1.8081407050202234,2.328220226087466,-1.8072461527782917,-2.0157761659112476,-0.7875043280835059,-2.0654608774659753,-0.7742679751297369,-2.708152120688246,-2.612283326223875,-1.5402402562891409,1.8808135922807911,-7.847000468143248,-0.8397134591346669,8.120370506137512,1.7935698545771155,-1.7921363124167458,-0.04817594596969066,0.6452701911461499,0.4800703678423419,0.17166122805917294,-1.7866489926608367,-0.10556751427437083,-1.2449260073996045,-1.9944009938663847,0.3924954358470437,0.6194773289479572,1.2100458323095438,0,LCST,1,0,0,27.4
88aa5be45cafac92,60,40,2.0043213737826426,3.0004340774793183,-4.265478414649323,0.37417112134854325,-1.636055176794605,-6.1272721050612695,7.444373354033543,-1.326783634230292,-2.9506662676903557,-1.4174213730550624,0.3176397741886463,-6.071798253754154,-0.40784104621120765,1.6488820714490058,0.9287013875002255,0.6452319544550569,0.5469716888162197,-0.20620609525294809,1.8808135922807911,-7.847000468143248,-0.8397134591346669,8.120370506137512,1.7935698545771155,-1.7921363124167458,-0.04817594596969066,0.6452701911461499,0.4800703678423419,0.17166122805917294,-1.7866489926608367,-0.10556751427437083,-1.2449260073996045,-1.9944009938663847,0.3924954358470437,0.6194773289479572,1.2100458323095438,0,LCST,1,0,0,49.31
6422fcd34804682a,70,86,0.041392685158225036,0,0,0,0,0,0,0,0,0,0,0,0,0,0,0,0,0,0,0,0,0,0,0,0,0,0,0,0,0,0,0,0,0,0,0,NONE,0,0,1,
9b24c473ecc05020,70,86,0.17609125905568124,0,0,0,0,0,0,0,0,0,0,0,0,0,0,0,0,0,0,0,0,0,0,0,0,0,0,0,0,0,0,0,0,0,0,0,LCST,1,0,0,62
c9b8b38db038f9c9,70,86,0.30102999566398114,0.041392685158225036,-1.3670533020138635,-3.5285249314275076,-4.380120329794209,-2.274239945800719,-1.6176085964671514,7.037075971482818,2.953720316730639,-4.733687565175484,0.46204313229975913,0.12828014721772432,-4.713938549598462,-1.1830939684856485,0.38283630172783367,-0.5077968362344959,0.11703102977370028,-0.0611814778949622,0,0,0,0,0,0,0,0,0,0,0,0,0,0,0,0,0,0,LCST,1,0,0,57.2125
53c05fa6405349fc,70,86,0.30102999566398114,0.30102999566398114,-1.3670533020138635,-3.5285249314275076,-4.380120329794209,-2.274239945800719,-1.6176085964671514,7.037075971482818,2.953720316730639,-4.733687565175484,0.46204313229975913,0.12828014721772432,-4.713938549598462,-1.1830939684856485,0.38283630172783367,-0.5077968362344959,0.11703102977370028,-0.0611814778949622,0,0,0,0,0,0,0,0,0,0,0,0,0,0,0,0,0,0,LCST,1,0,0,57.025
e797f08397be3a7b,70,86,0.30102999566398114,1.041392685158225,-1.3670533020138635,-3.5285249314275076,-4.380120329794209,-2.274239945800719,-1.6176085964671514,7.037075971482818,2.953720316730639,-4.733687565175484,0.46204313229975913,0.12828014721772432,-4.713938549598462,-1.1830939684856485,0.38283630172783367,-0.5077968362344959,0.11703102977370028,-0.0611814778949622,0,0,0,0,0,0,0,0,0,0,0,0,0,0,0,0,0,0,LCST,1,0,0,53.61666666666667
ae201af7c9e0af5d,70,86,0.30102999566398114,1.7075701760979363,-1.3670533020138635,-3.5285249314275076,-4.380120329794209,-2.274239945800719,-1.6176085964671514,7.037075971482818,2.953720316730639,-4.733687565175484,0.46204313229975913,0.12828014721772432,-4.713938549598462,-1.1830939684856485,0.38283630172783367,-0.5077968362344959,0.11703102977370028,-0.0611814778949622,0,0,0,0,0,0,0,0,0,0,0,0,0,0,0,0,0,0,NONE,0,0,1,
c86173ada96269ae,70,86,0.30102999566398114,2.0043213737826426,-1.3670533020138635,-3.5285249314275076,-4.380120329794209,-2.274239945800719,-1.6176085964671514,7.037075971482818,2.953720316730639,-4.733687565175484,0.46204313229975913,0.12828014721772432,-4.713938549598462,-1.1830939684856485,0.38283630172783367,-0.5077968362344959,0.11703102977370028,-0.0611814778949622,0,0,0,0,0,0,0,0,0,0,0,0,0,0,0,0,0,0,NONE,0,0,1,
3220f94a2c6eb2d9,70,86,0.30102999566398114,0.041392685158225036,-7.127574585534647,-5.356386754622263,-7.438231245774954,2.7653565354547007,-3.6567544811477886,-2.6483892782159035,-4.390912720992246,2.2548428756581655,-2.718503574171856,2.218663092146349,-3.1387715472282234,1.9294180294749461,0.5239017580170809,0.9986709041408968,1.637779568612508,0.6299890907400444,0,0,0,0,0,0,0,0,0,0,0,0,0,0,0,0,0,0,LCST,1,0,0,52.68333333333334
8eb8fdcb70c30855,70,86,0.30102999566398114,0.30102999566398114,-7.127574585534647,-5.356386754622263,-7.438231245774954,2.7653565354547007,-3.6567544811477886,-2.6483892782159035,-4.390912720992246,2.2548428756581655,-2.718503574171856,2.218663092146349,-3.1387715472282234,1.9294180294749461,0.5239017580170809,0.9986709041408968,1.637779568612508,0.6299890907400444,0,0,0,0,0,0,0,0,0,0,0,0,0,0,0,0,0,0,LCST,1,0,0,38.94
fda1aeaa17b45e03,70,86,0.30102999566398114,1.041392685158225,-7.127574585534647,-5.356386754622263,-7.438231245774954,2.7653565354547007,-3.6567544811477886,-2.6483892782159035,-4.390912720992246,2.2548428756581655,-2.718503574171856,2.218663092146349,-3.1387715472282234,1.9294180294749461,0.5239017580170809,0.9986709041408968,1.637779568612508,0.6299890907400444,0,0,0,0,0,0,0,0,0,0,0,0,0,0,0,0,0,0,NONE,0,0,1,
8ad6925f3a54b831,70,86,0.30102999566398114,2.0043213737826426,-7.127574585534647,-5.356386754622263,-7.438231245774954,2.7653565354547007,-3.6567544811477886,-2.6483892782159035,-4.390912720992246,2.2548428756581655,-2.718503574171856,2.218663092146349,-3.1387715472282234,1.9294180294749461,0.5239017580170809,0.9986709041408968,1.637779568612508,0.6299890907400444,0,0,0,0,0,0,0,0,0,0,0,0,0,0,0,0,0,0,NONE,0,0,1,
938f08e69deb97aa,70,86,0.30102999566398114,0,0,0,0,0,0,0,0,0,0,0,0,0,0,0,0,0,0,0,0,0,0,0,0,0,0,0,0,0,0,0,0,0,0,0,LCST,1,0,0,57.55
e94d380d526341d3,70,86,0.30102999566398114,0.004321373782642574,-4.1909286648703405,-0.28399657013129076,-6.184955495560864,-1.980264240861543,5.1380795481928105,-2.747696387134738,8.374506179708572,4.313096062158067,0.3252534015509645,0.9347613058877416,-0.4933668304889838,0.8654800163394125,-0.05933941394160991,0.12598008056768994,-0.17516022631776518,0.21647538259689902,0,0,0,0,0,0,0,0,0,0,0,0,0,0,0,0,0,0,LCST,1,0,0,62.224999999999994
2790ef31aa024199,70,86,0.30102999566398114,0.041392685158225036,-4.1909286648703405,-0.28399657013129076,-6.184955495560864,-1.980264240861543,5.1380795481928105,-2.747696387134738,8.374506179708572,4.313096062158067,0.3252534015509645,0.9347613058877416,-0.4933668304889838,0.8654800163394125,-0.05933941394160991,0.12598008056768994,-0.17516022631776518,0.21647538259689902,0,0,0,0,0,0,0,0,0,0,0,0,0,0,0,0,0,0,NONE,0,0,1,
181efcae0fd56bbb,70,86,0.30102999566398114,0.30102999566398114,-4.1909286648703405,-0.28399657013129076,-6.184955495560864,-1.980264240861543,5.1380795481928105,-2.747696387134738,8.374506179708572,4.313096062158067,0.3252534015509645,0.9347613058877416,-0.4933668304889838,0.8654800163394125,-0.05933941394160991,0.12598008056768994,-0.17516022631776518,0.21647538259689902,0,0,0,0,0,0,0,0,0,0,0,0,0,0,0,0,0,0,NONE,0,0,1,
2a4e25e3d629ee0e,70,86,0.30102999566398114,1.041392685158225,-4.1909286648703405,-0.28399657013129076,-6.184955495560864,-1.980264240861543,5.1380795481928105,-2.747696387134738,8.374506179708572,4.313096062158067,0.3252534015509645,0.9347613058877416,-0.4933668304889838,0.8654800163394125,-0.05933941394160991,0.12598008056768994,-0.17516022631776518,0.21647538259689902,0,0,0,0,0,0,0,0,0,0,0,0,0,0,0,0,0,0,NONE,0,0,1,
9c71273768db48ab,70,86,0.30102999566398114,0.041392685158225036,-7.8145941632435925,-3.9635630005501827,-2.3521157241748476,1.9956289013525184,-1.997621350005787,-1.7407029152928297,-1.8081407050202234,2.328220226087466,-1.8072461527782917,-2.0157761659112476,-0.7875043280835059,-2.0654608774659753,-0.7742679751297369,-2.708152120688246,-2.612283326223875,-1.5402402562891409,0,0,0,0,0,0,0,0,0,0,0,0,0,0,0,0,0,0,LCST,1,0,0,56.36
22ad5233fe533003,70,86,0.30102999566398114,0.30102999566398114,-7.8145941632435925,-3.9635630005501827,-2.3521157241748476,1.9956289013525184,-1.997621350005787,-1.7407029152928297,-1.8081407050202234,2.328220226087466,-1.8072461527782917,-2.0157761659112476,-0.7875043280835059,-2.0654608774659753,-0.7742679751297369,-2.708152120688246,-2.612283326223875,-1.5402402562891409,0,0,0,0,0,0,0,0,0,0,0,0,0,0,0,0,0,0,LCST,1,0,0,60.075
4c2920a91c9b3080,70,86,0.30102999566398114,1.041392685158225,-7.8145941632435925,-3.9635630005501827,-2.3521157241748476,1.9956289013525184,-1.997621350005787,-1.7407029152928297,-1.8081407050202234,2.328220226087466,-1.8072461527782917,-2.0157761659112476,-0.7875043280835059,-2.0654608774659753,-0.7742679751297369,-2.708152120688246,-2.612283326223875,-1.5402402562891409,0,0,0,0,0,0,0,0,0,0,0,0,0,0,0,0,0,0,NONE,0,0,1,
c3a30215859c0967,70,86,0.30102999566398114,2.0043213737826426,-7.8145941632435925,-3.9635630005501827,-2.3521157241748476,1.9956289013525184,-1.997621350005787,-1.7407029152928297,-1.8081407050202234,2.328220226087466,-1.8072461527782917,-2.0157761659112476,-0.7875043280835059,-2.0654608774659753,-0.7742679751297369,-2.708152120688246,-2.612283326223875,-1.5402402562891409,0,0,0,0,0,0,0,0,0,0,0,0,0,0,0,0,0,0,NONE,0,0,1,
ff42150710573df6,70,86,0.4771212547196623,0,0,0,0,0,0,0,0,0,0,0,0,0,0,0,0,0,0,0,0,0,0,0,0,0,0,0,0,0,0,0,0,0,0,0,LCST,1,0,0,53.21666666666667
7f2892ca0867c7b7,70,86,0.7781512503836435,0,0,0,0,0,0,0,0,0,0,0,0,0,0,0,0,0,0,0,0,0,0,0,0,0,0,0,0,0,0,0,0,0,0,0,LCST,1,0,0,50.166666666666664
ed459820bfdc2aa4,70,86,1.041392685158225,0.041392685158225036,-1.3670533020138635,-3.5285249314275076,-4.380120329794209,-2.274239945800719,-1.6176085964671514,7.037075971482818,2.953720316730639,-4.733687565175484,0.46204313229975913,0.12828014721772432,-4.713938549598462,-1.1830939684856485,0.38283630172783367,-0.5077968362344959,0.11703102977370028,-0.0611814778949622,0,0,0,0,0,0,0,0,0,0,0,0,0,0,0,0,0,0,LCST,1,0,0,49.57142857142857
f581852ea0c88dc6,70,86,1.041392685158225,0.30102999566398114,-1.3670533020138635,-3.5285249314275076,-4.380120329794209,-2.274239945800719,-1.6176085964671514,7.037075971482818,2.953720316730639,-4.733687565175484,0.46204313229975913,0.12828014721772432,-4.713938549598462,-1.1830939684856485,0.38283630172783367,-0.5077968362344959,0.11703102977370028,-0.0611814778949622,0,0,0,0,0,0,0,0,0,0,0,0,0,0,0,0,0,0,LCST,1,0,0,52.98571428571428
32f65e49dad54849,70,86,1.041392685158225,1.041392685158225,-1.3670533020138635,-3.5285249314275076,-4.380120329794209,-2.274239945800719,-1.6176085964671514,7.037075971482818,2.953720316730639,-4.733687565175484,0.46204313229975913,0.12828014721772432,-4.713938549598462,-1.1830939684856485,0.38283630172783367,-0.5077968362344959,0.11703102977370028,-0.0611814778949622,0,0,0,0,0,0,0,0,0,0,0,0,0,0,0,0,0,0,LCST,1,0,0,51.51428571428572
cffacde7f1e88cbc,70,86,1.041392685158225,1.7075701760979363,-1.3670533020138635,-3.5285249314275076,-4.380120329794209,-2.274239945800719,-1.6176085964671514,7.037075971482818,2.953720316730639,-4.733687565175484,0.46204313229975913,0.12828014721772432,-4.713938549598462,-1.1830939684856485,0.38283630172783367,-0.5077968362344959,0.11703102977370028,-0.0611814778949622,0,0,0,0,0,0,0,0,0,0,0,0,0,0,0,0,0,0,NONE,0,0,1,
c8fbf6577a75b578,70,86,1.041392685158225,2.0043213737826426,-1.3670533020138635,-3.5285249314275076,-4.380120329794209,-2.274239945800719,-1.6176085964671514,7.037075971482818,2.953720316730639,-4.733687565175484,0.46204313229975913,0.12828014721772432,-4.713938549598462,-1.1830939684856485,0.38283630172783367,-0.5077968362344959,0.11703102977370028,-0.0611814778949622,0,0,0,0,0,0,0,0,0,0,0,0,0,0,0,0,0,0,NONE,0,0,1,
cb0fd9efec5ec7ae,70,86,1.041392685158225,0.041392685158225036,-7.127574585534647,-5.356386754622263,-7.438231245774954,2.7653565354547007,-3.6567544811477886,-2.6483892782159035,-4.390912720992246,2.2548428756581655,-2.718503574171856,2.218663092146349,-3.1387715472282234,1.9294180294749461,0.5239017580170809,0.9986709041408968,1.637779568612508,0.6299890907400444,0,0,0,0,0,0,0,0,0,0,0,0,0,0,0,0,0,0,LCST,1,0,0,49.31666666666666
ee43a871f2dfcf6c,70,86,1.041392685158225,0.30102999566398114,-7.127574585534647,-5.356386754622263,-7.438231245774954,2.7653565354547007,-3.6567544811477886,-2.6483892782159035,-4.390912720992246,2.2548428756581655,-2.718503574171856,2.218663092146349,-3.1387715472282234,1.9294180294749461,0.5239017580170809,0.9986709041408968,1.637779568612508,0.6299890907400444,0,0,0,0,0,0,0,0,0,0,0,0,0,0,0,0,0,0,LCST,1,0,0,43.449999999999996
eef2c76696e1dff4,70,86,1.041392685158225,1.041392685158225,-7.127574585534647,-5.356386754622263,-7.438231245774954,2.7653565354547007,-3.6567544811477886,-2.6483892782159035,-4.390912720992246,2.2548428756581655,-2.718503574171856,2.218663092146349,-3.1387715472282234,1.9294180294749461,0.5239017580170809,0.9986709041408968,1.637779568612508,0.6299890907400444,0,0,0,0,0,0,0,0,0,0,0,0,0,0,0,0,0,0,LCST,1,0,0,31.6
840aa96d730ad219,70,86,1.041392685158225,2.0043213737826426,-7.127574585534647,-5.356386754622263,-7.438231245774954,2.7653565354547007,-3.6567544811477886,-2.6483892782159035,-4.390912720992246,2.2548428756581655,-2.718503574171856,2.218663092146349,-3.1387715472282234,1.9294180294749461,0.5239017580170809,0.9986709041408968,1.637779568612508,0.6299890907400444,0,0,0,0,0,0,0,0,0,0,0,0,0,0,0,0,0,0,NONE,0,0,1,
f366713d4af1d942,70,86,1.041392685158225,0,0,0,0,0,0,0,0,0,0,0,0,0,0,0,0,0,0,0,0,0,0,0,0,0,0,0,0,0,0,0,0,0,0,0,LCST,1,0,0,47.477777777777774
e05a1ed746e39388,70,86,1.041392685158225,0.004321373782642574,-4.1909286648703405,-0.28399657013129076,-6.184955495560864,-1.980264240861543,5.1380795481928105,-2.747696387134738,8.374506179708572,4.313096062158067,0.3252534015509645,0.9347613058877416,-0.4933668304889838,0.8654800163394125,-0.05933941394160991,0.12598008056768994,-0.17516022631776518,0.21647538259689902,0,0,0,0,0,0,0,0,0,0,0,0,0,0,0,0,0,0,LCST,1,0,0,53.5
9dc4c3977a48ea28,70,86,1.041392685158225,0.041392685158225036,-4.1909286648703405,-0.28399657013129076,-6.184955495560864,-1.980264240861543,5.1380795481928105,-2.747696387134738,8.374506179708572,4.313096062158067,0.3252534015509645,0.9347613058877416,-0.4933668304889838,0.8654800163394125,-0.05933941394160991,0.12598008056768994,-0.17516022631776518,0.21647538259689902,0,0,0,0,0,0,0,0,0,0,0,0,0,0,0,0,0,0,NONE,0,0,1,
37487c78842289dd,70,86,1.041392685158225,0.30102999566398114,-4.1909286648703405,-0.28399657013129076,-6.184955495560864,-1.980264240861543,5.1380795481928105,-2.747696387134738,8.374506179708572,4.313096062158067,0.3252534015509645,0.9347613058877416,-0.4933668304889838,0.8654800163394125,-0.05933941394160991,0.12598008056768994,-0.17516022631776518,0.21647538259689902,0,0,0,0,0,0,0,0,0,0,0,0,0,0,0,0,0,0,NONE,0,0,1,
b87de809b27a4cea,70,86,1.041392685158225,1.041392685158225,-4.1909286648703405,-0.28399657013129076,-6.184955495560864,-1.980264240861543,5.1380795481928105,-2.747696387134738,8.374506179708572,4.313096062158067,0.3252534015509645,0.9347613058877416,-0.4933668304889838,0.8654800163394125,-0.05933941394160991,0.12598008056768994,-0.17516022631776518,0.21647538259689902,0,0,0,0,0,0,0,0,0,0,0,0,0,0,0,0,0,0,NONE,0,0,1,
11f10c898ddc3461,70,86,1.041392685158225,0.041392685158225036,-7.8145941632435925,-3.9635630005501827,-2.3521157241748476,1.9956289013525184,-1.997621350005787,-1.7407029152928297,-1.8081407050202234,2.328220226087466,-1.8072461527782917,-2.0157761659112476,-0.7875043280835059,-2.0654608774659753,-0.7742679751297369,-2.708152120688246,-2.612283326223875,-1.5402402562891409,0,0,0,0,0,0,0,0,0,0,0,0,0,0,0,0,0,0,LCST,1,0,0,47.2625
df66276bf4a497a2,70,86,1.041392685158225,0.30102999566398114,-7.8145941632435925,-3.9635630005501827,-2.3521157241748476,1.9956289013525184,-1.997621350005787,-1.7407029152928297,-1.8081407050202234,2.328220226087466,-1.8072461527782917,-2.0157761659112476,-0.7875043280835059,-2.0654608774659753,-0.7742679751297369,-2.708152120688246,-2.612283326223875,-1.5402402562891409,0,0,0,0,0,0,0,0,0,0,0,0,0,0,0,0,0,0,LCST,1,0,0,44.81111111111111
8d68591464583a32,70,86,1.041392685158225,1.041392685158225,-7.8145941632435925,-3.9635630005501827,-2.3521157241748476,1.9956289013525184,-1.997621350005787,-1.7407029152928297,-1.8081407050202234,2.328220226087466,-1.8072461527782917,-2.0157761659112476,-0.7875043280835059,-2.0654608774659753,-0.7742679751297369,-2.708152120688246,-2.612283326223875,-1.5402402562891409,0,0,0,0,0,0,0,0,0,0,0,0,0,0,0,0,0,0,NONE,0,0,1,
730d1d803932fd4a,70,86,1.041392685158225,2.0043213737826426,-7.8145941632435925,-3.9635630005501827,-2.3521157241748476,1.9956289013525184,-1.997621350005787,-1.7407029152928297,-1.8081407050202234,2.328220226087466,-1.8072461527782917,-2.0157761659112476,-0.7875043280835059,-2.0654608774659753,-0.7742679751297369,-2.708152120688246,-2.612283326223875,-1.5402402562891409,0,0,0,0,0,0,0,0,0,0,0,0,0,0,0,0,0,0,NONE,0,0,1,
34d972bf69c6e56a,80,86,1.041392685158225,0,0,0,0,0,0,0,0,0,0,0,0,0,0,0,0,0,0,0,0,0,0,0,0,0,0,0,0,0,0,0,0,0,0,0,LCST,1,0,0,38.666666666666664
f4592d3f5d553a33,88,86,0.17609125905568124,0,0,0,0,0,0,0,0,0,0,0,0,0,0,0,0,0,0,0,0,0,0,0,0,0,0,0,0,0,0,0,0,0,0,0,LCST,1,0,0,31.333333333333332
e78cb6699001ca6d,88,86,0.30102999566398114,0,0,0,0,0,0,0,0,0,0,0,0,0,0,0,0,0,0,0,0,0,0,0,0,0,0,0,0,0,0,0,0,0,0,1,LCST,1,0,0,36.75175805
e37e4c75107f8737,88,86,0.30102999566398114,0.041392685158225036,-1.3670533020138635,-3.5285249314275076,-4.380120329794209,-2.274239945800719,-1.6176085964671514,7.037075971482818,2.953720316730639,-4.733687565175484,0.46204313229975913,0.12828014721772432,-4.713938549598462,-1.1830939684856485,0.38283630172783367,-0.5077968362344959,0.11703102977370028,-0.0611814778949622,0,0,0,0,0,0,0,0,0,0,0,0,0,0,0,0,0,0,LCST,1,0,0,37.76666666666667
ef40b86e274cc26e,88,86,0.30102999566398114,0.30102999566398114,-1.3670533020138635,-3.5285249314275076,-4.380120329794209,-2.274239945800719,-1.6176085964671514,7.037075971482818,2.953720316730639,-4.733687565175484,0.46204313229975913,0.12828014721772432,-4.713938549598462,-1.1830939684856485,0.38283630172783367,-0.5077968362344959,0.11703102977370028,-0.0611814778949622,0,0,0,0,0,0,0,0,0,0,0,0,0,0,0,0,0,0,LCST,1,0,0,37.666666666666664
3eb0628c29fd50c1,88,86,0.30102999566398114,1.041392685158225,-1.3670533020138635,-3.5285249314275076,-4.380120329794209,-2.274239945800719,-1.6176085964671514,7.037075971482818,2.953720316730639,-4.733687565175484,0.46204313229975913,0.12828014721772432,-4.713938549598462,-1.1830939684856485,0.38283630172783367,-0.5077968362344959,0.11703102977370028,-0.0611814778949622,0,0,0,0,0,0,0,0,0,0,0,0,0,0,0,0,0,0,LCST,1,0,0,40.300000000000004
fbe582debaec4aaa,88,86,0.30102999566398114,1.7075701760979363,-1.3670533020138635,-3.5285249314275076,-4.380120329794209,-2.274239945800719,-1.6176085964671514,7.037075971482818,2.953720316730639,-4.733687565175484,0.46204313229975913,0.12828014721772432,-4.713938549598462,-1.1830939684856485,0.38283630172783367,-0.5077968362344959,0.11703102977370028,-0.0611814778949622,0,0,0,0,0,0,0,0,0,0,0,0,0,0,0,0,0,0,LCST,1,0,0,54
7eec3308d84a6938,88,86,0.30102999566398114,2.0043213737826426,-1.3670533020138635,-3.5285249314275076,-4.380120329794209,-2.274239945800719,-1.6176085964671514,7.037075971482818,2.953720316730639,-4.733687565175484,0.46204313229975913,0.12828014721772432,-4.713938549598462,-1.1830939684856485,0.38283630172783367,-0.5077968362344959,0.11703102977370028,-0.0611814778949622,0,0,0,0,0,0,0,0,0,0,0,0,0,0,0,0,0,0,NONE,0,0,1,
36b5d05f61d38482,88,86,0.30102999566398114,0.041392685158225036,-7.127574585534647,-5.356386754622263,-7.438231245774954,2.7653565354547007,-3.6567544811477886,-2.6483892782159035,-4.390912720992246,2.2548428756581655,-2.718503574171856,2.218663092146349,-3.1387715472282234,1.9294180294749461,0.5239017580170809,0.9986709041408968,1.637779568612508,0.6299890907400444,0,0,0,0,0,0,0,0,0,0,0,0,0,0,0,0,0,0,LCST,1,0,0,35.333333333333336
6f929b93d9b72a13,88,86,0.30102999566398114,0.30102999566398114,-7.127574585534647,-5.356386754622263,-7.438231245774954,2.7653565354547007,-3.6567544811477886,-2.6483892782159035,-4.390912720992246,2.2548428756581655,-2.718503574171856,2.218663092146349,-3.1387715472282234,1.9294180294749461,0.5239017580170809,0.9986709041408968,1.637779568612508,0.6299890907400444,0,0,0,0,0,0,0,0,0,0,0,0,0,0,0,0,0,0,LCST,1,0,0,32.833333333333336
f1bf4b3ebc00cbe1,88,86,0.30102999566398114,1.041392685158225,-7.127574585534647,-5.356386754622263,-7.438231245774954,2.7653565354547007,-3.6567544811477886,-2.6483892782159035,-4.390912720992246,2.2548428756581655,-2.718503574171856,2.218663092146349,-3.1387715472282234,1.9294180294749461,0.5239017580170809,0.9986709041408968,1.637779568612508,0.6299890907400444,0,0,0,0,0,0,0,0,0,0,0,0,0,0,0,0,0,0,NONE,0,0,1,
11ce681adba59bc4,88,86,0.30102999566398114,2.0043213737826426,-7.127574585534647,-5.356386754622263,-7.438231245774954,2.7653565354547007,-3.6567544811477886,-2.6483892782159035,-4.390912720992246,2.2548428756581655,-2.718503574171856,2.218663092146349,-3.1387715472282234,1.9294180294749461,0.5239017580170809,0.9986709041408968,1.637779568612508,0.6299890907400444,0,0,0,0,0,0,0,0,0,0,0,0,0,0,0,0,0,0,NONE,0,0,1,
5059ad51d099d37f,88,86,0.30102999566398114,0,0,0,0,0,0,0,0,0,0,0,0,0,0,0,0,0,0,0,0,0,0,0,0,0,0,0,0,0,0,0,0,0,0,0,LCST,1,0,0,28.9955545875
4159b8b544c70252,88,86,0.30102999566398114,0.004321373782642574,-4.1909286648703405,-0.28399657013129076,-6.184955495560864,-1.980264240861543,5.1380795481928105,-2.747696387134738,8.374506179708572,4.313096062158067,0.3252534015509645,0.9347613058877416,-0.4933668304889838,0.8654800163394125,-0.05933941394160991,0.12598008056768994,-0.17516022631776518,0.21647538259689902,0,0,0,0,0,0,0,0,0,0,0,0,0,0,0,0,0,0,LCST,1,0,0,40.166666666666664
03fbdc2134367a79,88,86,0.30102999566398114,0.041392685158225036,-4.1909286648703405,-0.28399657013129076,-6.184955495560864,-1.980264240861543,5.1380795481928105,-2.747696387134738,8.374506179708572,4.313096062158067,0.3252534015509645,0.9347613058877416,-0.4933668304889838,0.8654800163394125,-0.05933941394160991,0.12598008056768994,-0.17516022631776518,0.21647538259689902,0,0,0,0,0,0,0,0,0,0,0,0,0,0,0,0,0,0,NONE,0,0,1,
52d663909990b321,88,86,0.30102999566398114,0.30102999566398114,-4.1909286648703405,-0.28399657013129076,-6.184955495560864,-1.980264240861543,5.1380795481928105,-2.747696387134738,8.374506179708572,4.313096062158067,0.3252534015509645,0.9347613058877416,-0.4933668304889838,0.8654800163394125,-0.05933941394160991,0.12598008056768994,-0.17516022631776518,0.21647538259689902,0,0,0,0,0,0,0,0,0,0,0,0,0,0,0,0,0,0,NONE,0,0,1,
66f8fdb49c7b7867,88,86,0.30102999566398114,1.041392685158225,-4.1909286648703405,-0.28399657013129076,-6.184955495560864,-1.980264240861543,5.1380795481928105,-2.747696387134738,8.374506179708572,4.313096062158067,0.3252534015509645,0.9347613058877416,-0.4933668304889838,0.8654800163394125,-0.05933941394160991,0.12598008056768994,-0.17516022631776518,0.21647538259689902,0,0,0,0,0,0,0,0,0,0,0,0,0,0,0,0,0,0,NONE,0,0,1,
ea6f9c54adc65884,88,86,0.30102999566398114,0.041392685158225036,-7.8145941632435925,-3.9635630005501827,-2.3521157241748476,1.9956289013525184,-1.997621350005787,-1.7407029152928297,-1.8081407050202234,2.328220226087466,-1.8072461527782917,-2.0157761659112476,-0.7875043280835059,-2.0654608774659753,-0.7742679751297369,-2.708152120688246,-2.612283326223875,-1.5402402562891409,0,0,0,0,0,0,0,0,0,0,0,0,0,0,0,0,0,0,LCST,1,0,0,37.43333333333333
ecfdf377bddc1f3f,88,86,0.30102999566398114,0.30102999566398114,-7.8145941632435925,-3.9635630005501827,-2.3521157241748476,1.9956289013525184,-1.997621350005787,-1.7407029152928297,-1.8081407050202234,2.328220226087466,-1.8072461527782917,-2.0157761659112476,-0.7875043280835059,-2.0654608774659753,-0.7742679751297369,-2.708152120688246,-2.612283326223875,-1.5402402562891409,0,0,0,0,0,0,0,0,0,0,0,0,0,0,0,0,0,0,LCST,1,0,0,51.833333333333336
4938bc312160262d,88,86,0.30102999566398114,1.041392685158225,-7.8145941632435925,-3.9635630005501827,-2.3521157241748476,1.9956289013525184,-1.997621350005787,-1.7407029152928297,-1.8081407050202234,2.328220226087466,-1.8072461527782917,-2.0157761659112476,-0.7875043280835059,-2.0654608774659753,-0.7742679751297369,-2.708152120688246,-2.612283326223875,-1.5402402562891409,0,0,0,0,0,0,0,0,0,0,0,0,0,0,0,0,0,0,NONE,0,0,1,
56b7fe468a69193b,88,86,0.30102999566398114,2.0043213737826426,-7.8145941632435925,-3.9635630005501827,-2.3521157241748476,1.9956289013525184,-1.997621350005787,-1.7407029152928297,-1.8081407050202234,2.328220226087466,-1.8072461527782917,-2.0157761659112476,-0.7875043280835059,-2.0654608774659753,-0.7742679751297369,-2.708152120688246,-2.612283326223875,-1.5402402562891409,0,0,0,0,0,0,0,0,0,0,0,0,0,0,0,0,0,0,NONE,0,0,1,
07b5d102ca699957,88,86,0.30102999566398114,3.0004340774793183,-4.265478414649323,0.37417112134854325,-1.636055176794605,-6.1272721050612695,7.444373354033543,-1.326783634230292,-2.9506662676903557,-1.4174213730550624,0.3176397741886463,-6.071798253754154,-0.40784104621120765,1.6488820714490058,0.9287013875002255,0.6452319544550569,0.5469716888162197,-0.20620609525294809,0,0,0,0,0,0,0,0,0,0,0,0,0,0,0,0,0,0,LCST,1,0,0,48.833333333333336
d9b2690861805f22,88,86,0.30102999566398114,3.301247088636211,-4.265478414649323,0.37417112134854325,-1.636055176794605,-6.1272721050612695,7.444373354033543,-1.326783634230292,-2.9506662676903557,-1.4174213730550624,0.3176397741886463,-6.071798253754154,-0.40784104621120765,1.6488820714490058,0.9287013875002255,0.6452319544550569,0.5469716888162197,-0.20620609525294809,0,0,0,0,0,0,0,0,0,0,0,0,0,0,0,0,0,0,LCST,1,0,0,62.26666666666667
5fc0a52512696791,88,86,0.30102999566398114,3.602168551378997,-4.265478414649323,0.37417112134854325,-1.636055176794605,-6.1272721050612695,7.444373354033543,-1.326783634230292,-2.9506662676903557,-1.4174213730550624,0.3176397741886463,-6.071798253754154,-0.40784104621120765,1.6488820714490058,0.9287013875002255,0.6452319544550569,0.5469716888162197,-0.20620609525294809,0,0,0,0,0,0,0,0,0,0,0,0,0,0,0,0,0,0,NONE,0,0,1,
4185f24569c1919d,88,86,0.5440680443502756,0,0,0,0,0,0,0,0,0,0,0,0,0,0,0,0,0,0,0,0,0,0,0,0,0,0,0,0,0,0,0,0,0,0,0,LCST,1,0,0,26.333333333333332
5f5ef0de41743be7,88,86,0.7781512503836435,0,0,0,0,0,0,0,0,0,0,0,0,0,0,0,0,0,0,0,0,0,0,0,0,0,0,0,0,0,0,0,0,0,0,1,LCST,1,0,0,28.89733234
51e232d4b6082aea,88,86,0.7781512503836435,0,0,0,0,0,0,0,0,0,0,0,0,0,0,0,0,0,0,0,0,0,0,0,0,0,0,0,0,0,0,0,0,0,0,0,LCST,1,0,0,24.1661111075
a2da2f2ff8a26d1c,88,86,1.041392685158225,0,0,0,0,0,0,0,0,0,0,0,0,0,0,0,0,0,1.041392685158225,18.3933364526817,-11.130069618621832,3.4585054402738384,2.4652266697923135,3.1814510370739066,2.9520871940174382,-0.2737537220377334,2.3452662986791832,-1.5786722053222262,-0.5948790906682908,1.2523224719278718,-0.31155668538485193,0.9884501504180907,-2.3325161165960715,1.5649275222394183,0.8219996173193435,1,LCST,1,0,0,28.41147516636396
c3529c8aad940006,88,86,1.041392685158225,0,0,0,0,0,0,0,0,0,0,0,0,0,0,0,0,0,0,0,0,0,0,0,0,0,0,0,0,0,0,0,0,0,0,1,LCST,1,0,0,27.81127071
a9d63c51a7e4d4e4,88,86,1.041392685158225,0.30102999566398114,-7.8145941632435925,-3.9635630005501827,-2.3521157241748476,1.9956289013525184,-1.997621350005787,-1.7407029152928297,-1.8081407050202234,2.328220226087466,-1.8072461527782917,-2.0157761659112476,-0.7875043280835059,-2.0654608774659753,-0.7742679751297369,-2.708152120688246,-2.612283326223875,-1.5402402562891409,1.041392685158225,18.3933364526817,-11.130069618621832,3.4585054402738384,2.4652266697923135,3.1814510370739066,2.9520871940174382,-0.2737537220377334,2.3452662986791832,-1.5786722053222262,-0.5948790906682908,1.2523224719278718,-0.31155668538485193,0.9884501504180907,-2.3325161165960715,1.5649275222394183,0.8219996173193435,1,LCST,1,0,0,37.1330465289791
f975e4a55f38f93a,88,86,1.041392685158225,0.7781512503836435,-7.8145941632435925,-3.9635630005501827,-2.3521157241748476,1.9956289013525184,-1.997621350005787,-1.7407029152928297,-1.8081407050202234,2.328220226087466,-1.8072461527782917,-2.0157761659112476,-0.7875043280835059,-2.0654608774659753,-0.7742679751297369,-2.708152120688246,-2.612283326223875,-1.5402402562891409,1.041392685158225,18.3933364526817,-11.130069618621832,3.4585054402738384,2.4652266697923135,3.1814510370739066,2.9520871940174382,-0.2737537220377334,2.3452662986791832,-1.5786722053222262,-0.5948790906682908,1.2523224719278718,-0.31155668538485193,0.9884501504180907,-2.3325161165960715,1.5649275222394183,0.8219996173193435,1,NONE,0,0,1,
4d51656849a852ec,88,86,1.041392685158225,1.041392685158225,-7.8145941632435925,-3.9635630005501827,-2.3521157241748476,1.9956289013525184,-1.997621350005787,-1.7407029152928297,-1.8081407050202234,2.328220226087466,-1.8072461527782917,-2.0157761659112476,-0.7875043280835059,-2.0654608774659753,-0.7742679751297369,-2.708152120688246,-2.612283326223875,-1.5402402562891409,1.041392685158225,18.3933364526817,-11.130069618621832,3.4585054402738384,2.4652266697923135,3.1814510370739066,2.9520871940174382,-0.2737537220377334,2.3452662986791832,-1.5786722053222262,-0.5948790906682908,1.2523224719278718,-0.31155668538485193,0.9884501504180907,-2.3325161165960715,1.5649275222394183,0.8219996173193435,1,NONE,0,0,1,
8d42d34b2055bd21,88,86,1.041392685158225,1.322219294733919,-7.8145941632435925,-3.9635630005501827,-2.3521157241748476,1.9956289013525184,-1.997621350005787,-1.7407029152928297,-1.8081407050202234,2.328220226087466,-1.8072461527782917,-2.0157761659112476,-0.7875043280835059,-2.0654608774659753,-0.7742679751297369,-2.708152120688246,-2.612283326223875,-1.5402402562891409,1.041392685158225,18.3933364526817,-11.130069618621832,3.4585054402738384,2.4652266697923135,3.1814510370739066,2.9520871940174382,-0.2737537220377334,2.3452662986791832,-1.5786722053222262,-0.5948790906682908,1.2523224719278718,-0.31155668538485193,0.9884501504180907,-2.3325161165960715,1.5649275222394183,0.8219996173193435,1,NONE,0,0,1,
ac1baba5e553b98a,88,86,1.041392685158225,1.7075701760979363,-7.8145941632435925,-3.9635630005501827,-2.3521157241748476,1.9956289013525184,-1.997621350005787,-1.7407029152928297,-1.8081407050202234,2.328220226087466,-1.8072461527782917,-2.0157761659112476,-0.7875043280835059,-2.0654608774659753,-0.7742679751297369,-2.708152120688246,-2.612283326223875,-1.5402402562891409,1.041392685158225,18.3933364526817,-11.130069618621832,3.4585054402738384,2.4652266697923135,3.1814510370739066,2.9520871940174382,-0.2737537220377334,2.3452662986791832,-1.5786722053222262,-0.5948790906682908,1.2523224719278718,-0.31155668538485193,0.9884501504180907,-2.3325161165960715,1.5649275222394183,0.8219996173193435,1,NONE,0,0,1,
9ac3115517cc2398,88,86,1.041392685158225,2.0043213737826426,-7.8145941632435925,-3.9635630005501827,-2.3521157241748476,1.9956289013525184,-1.997621350005787,-1.7407029152928297,-1.8081407050202234,2.328220226087466,-1.8072461527782917,-2.0157761659112476,-0.7875043280835059,-2.0654608774659753,-0.7742679751297369,-2.708152120688246,-2.612283326223875,-1.5402402562891409,1.041392685158225,18.3933364526817,-11.130069618621832,3.4585054402738384,2.4652266697923135,3.1814510370739066,2.9520871940174382,-0.2737537220377334,2.3452662986791832,-1.5786722053222262,-0.5948790906682908,1.2523224719278718,-0.31155668538485193,0.9884501504180907,-2.3325161165960715,1.5649275222394183,0.8219996173193435,1,NONE,0,0,1,
f87d3b365cc5cc3a,88,86,1.041392685158225,0.041392685158225036,-1.3670533020138635,-3.5285249314275076,-4.380120329794209,-2.274239945800719,-1.6176085964671514,7.037075971482818,2.953720316730639,-4.733687565175484,0.46204313229975913,0.12828014721772432,-4.713938549598462,-1.1830939684856485,0.38283630172783367,-0.5077968362344959,0.11703102977370028,-0.0611814778949622,0.041392685158225036,18.3933364526817,-11.130069618621832,3.4585054402738384,2.4652266697923135,3.1814510370739066,2.9520871940174382,-0.2737537220377334,2.3452662986791832,-1.5786722053222262,-0.5948790906682908,1.2523224719278718,-0.31155668538485193,0.9884501504180907,-2.3325161165960715,1.5649275222394183,0.8219996173193435,0,LCST,1,0,0,17.60634813697061
6344ca8275ece49c,88,86,1.041392685158225,0.041392685158225036,-1.3670533020138635,-3.5285249314275076,-4.380120329794209,-2.274239945800719,-1.6176085964671514,7.037075971482818,2.953720316730639,-4.733687565175484,0.46204313229975913,0.12828014721772432,-4.713938549598462,-1.1830939684856485,0.38283630172783367,-0.5077968362344959,0.11703102977370028,-0.0611814778949622,0.30102999566398114,18.3933364526817,-11.130069618621832,3.4585054402738384,2.4652266697923135,3.1814510370739066,2.9520871940174382,-0.2737537220377334,2.3452662986791832,-1.5786722053222262,-0.5948790906682908,1.2523224719278718,-0.31155668538485193,0.9884501504180907,-2.3325161165960715,1.5649275222394183,0.8219996173193435,0,LCST,1,0,0,17.7105716849985
49b0f198c4702dfe,88,86,1.041392685158225,0.041392685158225036,-1.3670533020138635,-3.5285249314275076,-4.380120329794209,-2.274239945800719,-1.6176085964671514,7.037075971482818,2.953720316730639,-4.733687565175484,0.46204313229975913,0.12828014721772432,-4.713938549598462,-1.1830939684856485,0.38283630172783367,-0.5077968362344959,0.11703102977370028,-0.0611814778949622,0.7781512503836435,18.3933364526817,-11.130069618621832,3.4585054402738384,2.4652266697923135,3.1814510370739066,2.9520871940174382,-0.2737537220377334,2.3452662986791832,-1.5786722053222262,-0.5948790906682908,1.2523224719278718,-0.31155668538485193,0.9884501504180907,-2.3325161165960715,1.5649275222394183,0.8219996173193435,0,LCST,1,0,0,17.40913275118939
0644d2fe15245c24,88,86,1.041392685158225,0.041392685158225036,-1.3670533020138635,-3.5285249314275076,-4.380120329794209,-2.274239945800719,-1.6176085964671514,7.037075971482818,2.953720316730639,-4.733687565175484,0.46204313229975913,0.12828014721772432,-4.713938549598462,-1.1830939684856485,0.38283630172783367,-0.5077968362344959,0.11703102977370028,-0.0611814778949622,1.041392685158225,18.3933364526817,-11.130069618621832,3.4585054402738384,2.4652266697923135,3.1814510370739066,2.9520871940174382,-0.2737537220377334,2.3452662986791832,-1.5786722053222262,-0.5948790906682908,1.2523224719278718,-0.31155668538485193,0.9884501504180907,-2.3325161165960715,1.5649275222394183,0.8219996173193435,0,LCST,1,0,0,18.50264179153552
4cbc9119538e4ae0,88,86,1.041392685158225,0.041392685158225036,-1.3670533020138635,-3.5285249314275076,-4.380120329794209,-2.274239945800719,-1.6176085964671514,7.037075971482818,2.953720316730639,-4.733687565175484,0.46204313229975913,0.12828014721772432,-4.713938549598462,-1.1830939684856485,0.38283630172783367,-0.5077968362344959,0.11703102977370028,-0.0611814778949622,1.7075701760979363,18.3933364526817,-11.130069618621832,3.4585054402738384,2.4652266697923135,3.1814510370739066,2.9520871940174382,-0.2737537220377334,2.3452662986791832,-1.5786722053222262,-0.5948790906682908,1.2523224719278718,-0.31155668538485193,0.9884501504180907,-2.3325161165960715,1.5649275222394183,0.8219996173193435,0,LCST,1,0,0,16.3132874936664
c2a59f9abee00f33,88,86,1.041392685158225,0.041392685158225036,-1.3670533020138635,-3.5285249314275076,-4.380120329794209,-2.274239945800719,-1.6176085964671514,7.037075971482818,2.953720316730639,-4.733687565175484,0.46204313229975913,0.12828014721772432,-4.713938549598462,-1.1830939684856485,0.38283630172783367,-0.5077968362344959,0.11703102977370028,-0.0611814778949622,0,0,0,0,0,0,0,0,0,0,0,0,0,0,0,0,0,0,LCST,1,0,0,28.733333333333334
b7ec005439e78117,88,86,1.041392685158225,0.30102999566398114,-1.3670533020138635,-3.5285249314275076,-4.380120329794209,-2.274239945800719,-1.6176085964671514,7.037075971482818,2.953720316730639,-4.733687565175484,0.46204313229975913,0.12828014721772432,-4.713938549598462,-1.1830939684856485,0.38283630172783367,-0.5077968362344959,0.11703102977370028,-0.0611814778949622,0.041392685158225036,18.3933364526817,-11.130069618621832,3.4585054402738384,2.4652266697923135,3.1814510370739066,2.9520871940174382,-0.2737537220377334,2.3452662986791832,-1.5786722053222262,-0.5948790906682908,1.2523224719278718,-0.31155668538485193,0.9884501504180907,-2.3325161165960715,1.5649275222394183,0.8219996173193435,0,LCST,1,0,0,18.062653904261772
0937cb1589d7cd54,88,86,1.041392685158225,0.30102999566398114,-1.3670533020138635,-3.5285249314275076,-4.380120329794209,-2.274239945800719,-1.6176085964671514,7.037075971482818,2.953720316730639,-4.733687565175484,0.46204313229975913,0.12828014721772432,-4.713938549598462,-1.1830939684856485,0.38283630172783367,-0.5077968362344959,0.11703102977370028,-0.0611814778949622,0.30102999566398114,18.3933364526817,-11.130069618621832,3.4585054402738384,2.4652266697923135,3.1814510370739066,2.9520871940174382,-0.2737537220377334,2.3452662986791832,-1.5786722053222262,-0.5948790906682908,1.2523224719278718,-0.31155668538485193,0.9884501504180907,-2.3325161165960715,1.5649275222394183,0.8219996173193435,0,LCST,1,0,0,17.399390632955395
db0e854a93600648,88,86,1.041392685158225,0.30102999566398114,-1.3670533020138635,-3.5285249314275076,-4.380120329794209,-2.274239945800719,-1.6176085964671514,7.037075971482818,2.953720316730639,-4.733687565175484,0.46204313229975913,0.12828014721772432,-4.713938549598462,-1.1830939684856485,0.38283630172783367,-0.5077968362344959,0.11703102977370028,-0.0611814778949622,0.7781512503836435,18.3933364526817,-11.130069618621832,3.4585054402738384,2.4652266697923135,3.1814510370739066,2.9520871940174382,-0.2737537220377334,2.3452662986791832,-1.5786722053222262,-0.5948790906682908,1.2523224719278718,-0.31155668538485193,0.9884501504180907,-2.3325161165960715,1.5649275222394183,0.8219996173193435,0,LCST,1,0,0,17.981165155196088
0ddaf2a779dbb62c,88,86,1.041392685158225,0.30102999566398114,-1.3670533020138635,-3.5285249314275076,-4.380120329794209,-2.274239945800719,-1.6176085964671514,7.037075971482818,2.953720316730639,-4.733687565175484,0.46204313229975913,0.12828014721772432,-4.713938549598462,-1.1830939684856485,0.38283630172783367,-0.5077968362344959,0.11703102977370028,-0.0611814778949622,1.041392685158225,18.3933364526817,-11.130069618621832,3.4585054402738384,2.4652266697923135,3.1814510370739066,2.9520871940174382,-0.2737537220377334,2.3452662986791832,-1.5786722053222262,-0.5948790906682908,1.2523224719278718,-0.31155668538485193,0.9884501504180907,-2.3325161165960715,1.5649275222394183,0.8219996173193435,0,LCST,1,0,0,18.73008003884366
f1022eb234f2505d,88,86,1.041392685158225,0.30102999566398114,-1.3670533020138635,-3.5285249314275076,-4.380120329794209,-2.274239945800719,-1.6176085964671514,7.037075971482818,2.953720316730639,-4.733687565175484,0.46204313229975913,0.12828014721772432,-4.713938549598462,-1.1830939684856485,0.38283630172783367,-0.5077968362344959,0.11703102977370028,-0.0611814778949622,1.7075701760979363,18.3933364526817,-11.130069618621832,3.4585054402738384,2.4652266697923135,3.1814510370739066,2.9520871940174382,-0.2737537220377334,2.3452662986791832,-1.5786722053222262,-0.5948790906682908,1.2523224719278718,-0.31155668538485193,0.9884501504180907,-2.3325161165960715,1.5649275222394183,0.8219996173193435,0,LCST,1,0,0,16.732144938500852
9a9af75c8a4cdcc1,88,86,1.041392685158225,0.30102999566398114,-1.3670533020138635,-3.5285249314275076,-4.380120329794209,-2.274239945800719,-1.6176085964671514,7.037075971482818,2.953720316730639,-4.733687565175484,0.46204313229975913,0.12828014721772432,-4.713938549598462,-1.1830939684856485,0.38283630172783367,-0.5077968362344959,0.11703102977370028,-0.0611814778949622,0,0,0,0,0,0,0,0,0,0,0,0,0,0,0,0,0,0,LCST,1,0,0,28.666666666666668
ef257ff613463a13,88,86,1.041392685158225,1.041392685158225,-1.3670533020138635,-3.5285249314275076,-4.380120329794209,-2.274239945800719,-1.6176085964671514,7.037075971482818,2.953720316730639,-4.733687565175484,0.46204313229975913,0.12828014721772432,-4.713938549598462,-1.1830939684856485,0.38283630172783367,-0.5077968362344959,0.11703102977370028,-0.0611814778949622,0.041392685158225036,18.3933364526817,-11.130069618621832,3.4585054402738384,2.4652266697923135,3.1814510370739066,2.9520871940174382,-0.2737537220377334,2.3452662986791832,-1.5786722053222262,-0.5948790906682908,1.2523224719278718,-0.31155668538485193,0.9884501504180907,-2.3325161165960715,1.5649275222394183,0.8219996173193435,0,LCST,1,0,0,17.83554257254665
fdb967caab53749e,88,86,1.041392685158225,1.041392685158225,-1.3670533020138635,-3.5285249314275076,-4.380120329794209,-2.274239945800719,-1.6176085964671514,7.037075971482818,2.953720316730639,-4.733687565175484,0.46204313229975913,0.12828014721772432,-4.713938549598462,-1.1830939684856485,0.38283630172783367,-0.5077968362344959,0.11703102977370028,-0.0611814778949622,0.30102999566398114,18.3933364526817,-11.130069618621832,3.4585054402738384,2.4652266697923135,3.1814510370739066,2.9520871940174382,-0.2737537220377334,2.3452662986791832,-1.5786722053222262,-0.5948790906682908,1.2523224719278718,-0.31155668538485193,0.9884501504180907,-2.3325161165960715,1.5649275222394183,0.8219996173193435,0,LCST,1,0,0,17.9497605536859
3875c90f1c8153fa,88,86,1.041392685158225,1.041392685158225,-1.3670533020138635,-3.5285249314275076,-4.380120329794209,-2.274239945800719,-1.6176085964671514,7.037075971482818,2.953720316730639,-4.733687565175484,0.46204313229975913,0.12828014721772432,-4.713938549598462,-1.1830939684856485,0.38283630172783367,-0.5077968362344959,0.11703102977370028,-0.0611814778949622,0.7781512503836435,18.3933364526817,-11.130069618621832,3.4585054402738384,2.4652266697923135,3.1814510370739066,2.9520871940174382,-0.2737537220377334,2.3452662986791832,-1.5786722053222262,-0.5948790906682908,1.2523224719278718,-0.31155668538485193,0.9884501504180907,-2.3325161165960715,1.5649275222394183,0.8219996173193435,0,LCST,1,0,0,17.852636466026805
51ce06aa2b3ece91,88,86,1.041392685158225,1.041392685158225,-1.3670533020138635,-3.5285249314275076,-4.380120329794209,-2.274239945800719,-1.6176085964671514,7.037075971482818,2.953720316730639,-4.733687565175484,0.46204313229975913,0.12828014721772432,-4.713938549598462,-1.1830939684856485,0.38283630172783367,-0.5077968362344959,0.11703102977370028,-0.0611814778949622,1.041392685158225,18.3933364526817,-11.130069618621832,3.4585054402738384,2.4652266697923135,3.1814510370739066,2.9520871940174382,-0.2737537220377334,2.3452662986791832,-1.5786722053222262,-0.5948790906682908,1.2523224719278718,-0.31155668538485193,0.9884501504180907,-2.3325161165960715,1.5649275222394183,0.8219996173193435,0,LCST,1,0,0,19.329720707961016
3776113a60322926,88,86,1.041392685158225,1.041392685158225,-1.3670533020138635,-3.5285249314275076,-4.380120329794209,-2.274239945800719,-1.6176085964671514,7.037075971482818,2.953720316730639,-4.733687565175484,0.46204313229975913,0.12828014721772432,-4.713938549598462,-1.1830939684856485,0.38283630172783367,-0.5077968362344959,0.11703102977370028,-0.0611814778949622,1.7075701760979363,18.3933364526817,-11.130069618621832,3.4585054402738384,2.4652266697923135,3.1814510370739066,2.9520871940174382,-0.2737537220377334,2.3452662986791832,-1.5786722053222262,-0.5948790906682908,1.2523224719278718,-0.31155668538485193,0.9884501504180907,-2.3325161165960715,1.5649275222394183,0.8219996173193435,0,LCST,1,0,0,17.07624427474608
2152a52236fbd122,88,86,1.041392685158225,1.041392685158225,-1.3670533020138635,-3.5285249314275076,-4.380120329794209,-2.274239945800719,-1.6176085964671514,7.037075971482818,2.953720316730639,-4.733687565175484,0.46204313229975913,0.12828014721772432,-4.713938549598462,-1.1830939684856485,0.38283630172783367,-0.5077968362344959,0.11703102977370028,-0.0611814778949622,0,0,0,0,0,0,0,0,0,0,0,0,0,0,0,0,0,0,LCST,1,0,0,29.066666666666666
c6859d697a2a154c,88,86,1.041392685158225,1.7075701760979363,-1.3670533020138635,-3.5285249314275076,-4.380120329794209,-2.274239945800719,-1.6176085964671514,7.037075971482818,2.953720316730639,-4.733687565175484,0.46204313229975913,0.12828014721772432,-4.713938549598462,-1.1830939684856485,0.38283630172783367,-0.5077968362344959,0.11703102977370028,-0.0611814778949622,0.041392685158225036,18.3933364526817,-11.130069618621832,3.4585054402738384,2.4652266697923135,3.1814510370739066,2.9520871940174382,-0.2737537220377334,2.3452662986791832,-1.5786722053222262,-0.5948790906682908,1.2523224719278718,-0.31155668538485193,0.9884501504180907,-2.3325161165960715,1.5649275222394183,0.8219996173193435,0,LCST,1,0,0,26.476206670590827
f68fb93d5679b118,88,86,1.041392685158225,1.7075701760979363,-1.3670533020138635,-3.5285249314275076,-4.380120329794209,-2.274239945800719,-1.6176085964671514,7.037075971482818,2.953720316730639,-4.733687565175484,0.46204313229975913,0.12828014721772432,-4.713938549598462,-1.1830939684856485,0.38283630172783367,-0.5077968362344959,0.11703102977370028,-0.0611814778949622,0.30102999566398114,18.3933364526817,-11.130069618621832,3.4585054402738384,2.4652266697923135,3.1814510370739066,2.9520871940174382,-0.2737537220377334,2.3452662986791832,-1.5786722053222262,-0.5948790906682908,1.2523224719278718,-0.31155668538485193,0.9884501504180907,-2.3325161165960715,1.5649275222394183,0.8219996173193435,0,LCST,1,0,0,27.38958068908058
71c07796f98a128c,88,86,1.041392685158225,1.7075701760979363,-1.3670533020138635,-3.5285249314275076,-4.380120329794209,-2.274239945800719,-1.6176085964671514,7.037075971482818,2.953720316730639,-4.733687565175484,0.46204313229975913,0.12828014721772432,-4.713938549598462,-1.1830939684856485,0.38283630172783367,-0.5077968362344959,0.11703102977370028,-0.0611814778949622,0.7781512503836435,18.3933364526817,-11.130069618621832,3.4585054402738384,2.4652266697923135,3.1814510370739066,2.9520871940174382,-0.2737537220377334,2.3452662986791832,-1.5786722053222262,-0.5948790906682908,1.2523224719278718,-0.31155668538485193,0.9884501504180907,-2.3325161165960715,1.5649275222394183,0.8219996173193435,0,LCST,1,0,0,26.617438508612715
0f0faa9b864e0fd4,88,86,1.041392685158225,1.7075701760979363,-1.3670533020138635,-3.5285249314275076,-4.380120329794209,-2.274239945800719,-1.6176085964671514,7.037075971482818,2.953720316730639,-4.733687565175484,0.46204313229975913,0.12828014721772432,-4.713938549598462,-1.1830939684856485,0.38283630172783367,-0.5077968362344959,0.11703102977370028,-0.0611814778949622,1.041392685158225,18.3933364526817,-11.130069618621832,3.4585054402738384,2.4652266697923135,3.1814510370739066,2.9520871940174382,-0.2737537220377334,2.3452662986791832,-1.5786722053222262,-0.5948790906682908,1.2523224719278718,-0.31155668538485193,0.9884501504180907,-2.3325161165960715,1.5649275222394183,0.8219996173193435,0,LCST,1,0,0,30.151051105516295
a758239e3ccdebe5,88,86,1.041392685158225,1.7075701760979363,-1.3670533020138635,-3.5285249314275076,-4.380120329794209,-2.274239945800719,-1.6176085964671514,7.037075971482818,2.953720316730639,-4.733687565175484,0.46204313229975913,0.12828014721772432,-4.713938549598462,-1.1830939684856485,0.38283630172783367,-0.5077968362344959,0.11703102977370028,-0.0611814778949622,1.7075701760979363,18.3933364526817,-11.130069618621832,3.4585054402738384,2.4652266697923135,3.1814510370739066,2.9520871940174382,-0.2737537220377334,2.3452662986791832,-1.5786722053222262,-0.5948790906682908,1.2523224719278718,-0.31155668538485193,0.9884501504180907,-2.3325161165960715,1.5649275222394183,0.8219996173193435,0,LCST,1,0,0,29.005919144406636
10143db31db70ba8,88,86,1.041392685158225,1.7075701760979363,-1.3670533020138635,-3.5285249314275076,-4.380120329794209,-2.274239945800719,-1.6176085964671514,7.037075971482818,2.953720316730639,-4.733687565175484,0.46204313229975913,0.12828014721772432,-4.713938549598462,-1.1830939684856485,0.38283630172783367,-0.5077968362344959,0.11703102977370028,-0.0611814778949622,0,0,0,0,0,0,0,0,0,0,0,0,0,0,0,0,0,0,LCST,1,0,0,41.266666666666666
2a69d187f6a22e6e,88,86,1.041392685158225,2.0043213737826426,-1.3670533020138635,-3.5285249314275076,-4.380120329794209,-2.274239945800719,-1.6176085964671514,7.037075971482818,2.953720316730639,-4.733687565175484,0.46204313229975913,0.12828014721772432,-4.713938549598462,-1.1830939684856485,0.38283630172783367,-0.5077968362344959,0.11703102977370028,-0.0611814778949622,0.041392685158225036,18.3933364526817,-11.130069618621832,3.4585054402738384,2.4652266697923135,3.1814510370739066,2.9520871940174382,-0.2737537220377334,2.3452662986791832,-1.5786722053222262,-0.5948790906682908,1.2523224719278718,-0.31155668538485193,0.9884501504180907,-2.3325161165960715,1.5649275222394183,0.8219996173193435,0,LCST,1,0,0,39.602669996924725
75fbb88b3a93e3b4,88,86,1.041392685158225,2.0043213737826426,-1.3670533020138635,-3.5285249314275076,-4.380120329794209,-2.274239945800719,-1.6176085964671514,7.037075971482818,2.953720316730639,-4.733687565175484,0.46204313229975913,0.12828014721772432,-4.713938549598462,-1.1830939684856485,0.38283630172783367,-0.5077968362344959,0.11703102977370028,-0.0611814778949622,0.30102999566398114,18.3933364526817,-11.130069618621832,3.4585054402738384,2.4652266697923135,3.1814510370739066,2.9520871940174382,-0.2737537220377334,2.3452662986791832,-1.5786722053222262,-0.5948790906682908,1.2523224719278718,-0.31155668538485193,0.9884501504180907,-2.3325161165960715,1.5649275222394183,0.8219996173193435,0,LCST,1,0,0,37.74690343435951
3b364575de09d657,88,86,1.041392685158225,2.0043213737826426,-1.3670533020138635,-3.5285249314275076,-4.380120329794209,-2.274239945800719,-1.6176085964671514,7.037075971482818,2.953720316730639,-4.733687565175484,0.46204313229975913,0.12828014721772432,-4.713938549598462,-1.1830939684856485,0.38283630172783367,-0.5077968362344959,0.11703102977370028,-0.0611814778949622,0.7781512503836435,18.3933364526817,-11.130069618621832,3.4585054402738384,2.4652266697923135,3.1814510370739066,2.9520871940174382,-0.2737537220377334,2.3452662986791832,-1.5786722053222262,-0.5948790906682908,1.2523224719278718,-0.31155668538485193,0.9884501504180907,-2.3325161165960715,1.5649275222394183,0.8219996173193435,0,LCST,1,0,0,37.950929345627216
aacfb6ab8dacee07,88,86,1.041392685158225,2.0043213737826426,-1.3670533020138635,-3.5285249314275076,-4.380120329794209,-2.274239945800719,-1.6176085964671514,7.037075971482818,2.953720316730639,-4.733687565175484,0.46204313229975913,0.12828014721772432,-4.713938549598462,-1.1830939684856485,0.38283630172783367,-0.5077968362344959,0.11703102977370028,-0.0611814778949622,1.041392685158225,18.3933364526817,-11.130069618621832,3.4585054402738384,2.4652266697923135,3.1814510370739066,2.9520871940174382,-0.2737537220377334,2.3452662986791832,-1.5786722053222262,-0.5948790906682908,1.2523224719278718,-0.31155668538485193,0.9884501504180907,-2.3325161165960715,1.5649275222394183,0.8219996173193435,0,LCST,1,0,0,45.88816942015512
08ba6140e2c83044,88,86,1.041392685158225,2.0043213737826426,-1.3670533020138635,-3.5285249314275076,-4.380120329794209,-2.274239945800719,-1.6176085964671514,7.037075971482818,2.953720316730639,-4.733687565175484,0.46204313229975913,0.12828014721772432,-4.713938549598462,-1.1830939684856485,0.38283630172783367,-0.5077968362344959,0.11703102977370028,-0.0611814778949622,1.7075701760979363,18.3933364526817,-11.130069618621832,3.4585054402738384,2.4652266697923135,3.1814510370739066,2.9520871940174382,-0.2737537220377334,2.3452662986791832,-1.5786722053222262,-0.5948790906682908,1.2523224719278718,-0.31155668538485193,0.9884501504180907,-2.3325161165960715,1.5649275222394183,0.8219996173193435,0,LCST,1,0,0,42.732662189689904
64562b8a0440c199,88,86,1.041392685158225,2.0043213737826426,-1.3670533020138635,-3.5285249314275076,-4.380120329794209,-2.274239945800719,-1.6176085964671514,7.037075971482818,2.953720316730639,-4.733687565175484,0.46204313229975913,0.12828014721772432,-4.713938549598462,-1.1830939684856485,0.38283630172783367,-0.5077968362344959,0.11703102977370028,-0.0611814778949622,0,0,0,0,0,0,0,0,0,0,0,0,0,0,0,0,0,0,NONE,0,0,1,
28154943ee0f8a60,88,86,1.041392685158225,0.004321373782642574,-7.127574585534647,-5.356386754622263,-7.438231245774954,2.7653565354547007,-3.6567544811477886,-2.6483892782159035,-4.390912720992246,2.2548428756581655,-2.718503574171856,2.218663092146349,-3.1387715472282234,1.9294180294749461,0.5239017580170809,0.9986709041408968,1.637779568612508,0.6299890907400444,1.414973347970818,18.3933364526817,-11.130069618621832,3.4585054402738384,2.4652266697923135,3.1814510370739066,2.9520871940174382,-0.2737537220377334,2.3452662986791832,-1.5786722053222262,-0.5948790906682908,1.2523224719278718,-0.31155668538485193,0.9884501504180907,-2.3325161165960715,1.5649275222394183,0.8219996173193435,0,LCST,1,0,0,21.785761407230698
6830a9265bcd7a6b,88,86,1.041392685158225,0.004321373782642574,-7.127574585534647,-5.356386754622263,-7.438231245774954,2.7653565354547007,-3.6567544811477886,-2.6483892782159035,-4.390912720992246,2.2548428756581655,-2.718503574171856,2.218663092146349,-3.1387715472282234,1.9294180294749461,0.5239017580170809,0.9986709041408968,1.637779568612508,0.6299890907400444,1.7075701760979363,18.3933364526817,-11.130069618621832,3.4585054402738384,2.4652266697923135,3.1814510370739066,2.9520871940174382,-0.2737537220377334,2.3452662986791832,-1.5786722053222262,-0.5948790906682908,1.2523224719278718,-0.31155668538485193,0.9884501504180907,-2.3325161165960715,1.5649275222394183,0.8219996173193435,0,LCST,1,0,0,18.94906633857502
78672a1e375af0a3,88,86,1.041392685158225,0.004321373782642574,-7.127574585534647,-5.356386754622263,-7.438231245774954,2.7653565354547007,-3.6567544811477886,-2.6483892782159035,-4.390912720992246,2.2548428756581655,-2.718503574171856,2.218663092146349,-3.1387715472282234,1.9294180294749461,0.5239017580170809,0.9986709041408968,1.637779568612508,0.6299890907400444,1.8808135922807911,18.3933364526817,-11.130069618621832,3.4585054402738384,2.4652266697923135,3.1814510370739066,2.9520871940174382,-0.2737537220377334,2.3452662986791832,-1.5786722053222262,-0.5948790906682908,1.2523224719278718,-0.31155668538485193,0.9884501504180907,-2.3325161165960715,1.5649275222394183,0.8219996173193435,0,LCST,1,0,0,18.714456800696233
18bed4f5c4babc7d,88,86,1.041392685158225,0.004321373782642574,-7.127574585534647,-5.356386754622263,-7.438231245774954,2.7653565354547007,-3.6567544811477886,-2.6483892782159035,-4.390912720992246,2.2548428756581655,-2.718503574171856,2.218663092146349,-3.1387715472282234,1.9294180294749461,0.5239017580170809,0.9986709041408968,1.637779568612508,0.6299890907400444,2.0043213737826426,18.3933364526817,-11.130069618621832,3.4585054402738384,2.4652266697923135,3.1814510370739066,2.9520871940174382,-0.2737537220377334,2.3452662986791832,-1.5786722053222262,-0.5948790906682908,1.2523224719278718,-0.31155668538485193,0.9884501504180907,-2.3325161165960715,1.5649275222394183,0.8219996173193435,0,LCST,1,0,0,18.495884682355978
599e9afcee53162e,88,86,1.041392685158225,0.004321373782642574,-7.127574585534647,-5.356386754622263,-7.438231245774954,2.7653565354547007,-3.6567544811477886,-2.6483892782159035,-4.390912720992246,2.2548428756581655,-2.718503574171856,2.218663092146349,-3.1387715472282234,1.9294180294749461,0.5239017580170809,0.9986709041408968,1.637779568612508,0.6299890907400444,2.3031960574204886,18.3933364526817,-11.130069618621832,3.4585054402738384,2.4652266697923135,3.1814510370739066,2.9520871940174382,-0.2737537220377334,2.3452662986791832,-1.5786722053222262,-0.5948790906682908,1.2523224719278718,-0.31155668538485193,0.9884501504180907,-2.3325161165960715,1.5649275222394183,0.8219996173193435,0,LCST,1,0,0,20.677170457037477
b91f112f67ddf0b7,88,86,1.041392685158225,0.004321373782642574,-7.127574585534647,-5.356386754622263,-7.438231245774954,2.7653565354547007,-3.6567544811477886,-2.6483892782159035,-4.390912720992246,2.2548428756581655,-2.718503574171856,2.218663092146349,-3.1387715472282234,1.9294180294749461,0.5239017580170809,0.9986709041408968,1.637779568612508,0.6299890907400444,0,0,0,0,0,0,0,0,0,0,0,0,0,0,0,0,0,0,LCST,1,0,0,18.961612568912383
10703538c26bceb3,88,86,1.041392685158225,0.02118929906993807,-7.127574585534647,-5.356386754622263,-7.438231245774954,2.7653565354547007,-3.6567544811477886,-2.6483892782159035,-4.390912720992246,2.2548428756581655,-2.718503574171856,2.218663092146349,-3.1387715472282234,1.9294180294749461,0.5239017580170809,0.9986709041408968,1.637779568612508,0.6299890907400444,1.414973347970818,18.3933364526817,-11.130069618621832,3.4585054402738384,2.4652266697923135,3.1814510370739066,2.9520871940174382,-0.2737537220377334,2.3452662986791832,-1.5786722053222262,-0.5948790906682908,1.2523224719278718,-0.31155668538485193,0.9884501504180907,-2.3325161165960715,1.5649275222394183,0.8219996173193435,0,LCST,1,0,0,23.81822001848895
191eac47c59cb60d,88,86,1.041392685158225,0.041392685158225036,-7.127574585534647,-5.356386754622263,-7.438231245774954,2.7653565354547007,-3.6567544811477886,-2.6483892782159035,-4.390912720992246,2.2548428756581655,-2.718503574171856,2.218663092146349,-3.1387715472282234,1.9294180294749461,0.5239017580170809,0.9986709041408968,1.637779568612508,0.6299890907400444,1.414973347970818,18.3933364526817,-11.130069618621832,3.4585054402738384,2.4652266697923135,3.1814510370739066,2.9520871940174382,-0.2737537220377334,2.3452662986791832,-1.5786722053222262,-0.5948790906682908,1.2523224719278718,-0.31155668538485193,0.9884501504180907,-2.3325161165960715,1.5649275222394183,0.8219996173193435,0,LCST,1,0,0,21.829831314728153
0a1752fb4f96b6ab,88,86,1.041392685158225,0.041392685158225036,-7.127574585534647,-5.356386754622263,-7.438231245774954,2.7653565354547007,-3.6567544811477886,-2.6483892782159035,-4.390912720992246,2.2548428756581655,-2.718503574171856,2.218663092146349,-3.1387715472282234,1.9294180294749461,0.5239017580170809,0.9986709041408968,1.637779568612508,0.6299890907400444,1.7075701760979363,18.3933364526817,-11.130069618621832,3.4585054402738384,2.4652266697923135,3.1814510370739066,2.9520871940174382,-0.2737537220377334,2.3452662986791832,-1.5786722053222262,-0.5948790906682908,1.2523224719278718,-0.31155668538485193,0.9884501504180907,-2.3325161165960715,1.5649275222394183,0.8219996173193435,0,LCST,1,0,0,19.262073645163362
a81257834c0aa8a2,88,86,1.041392685158225,0.041392685158225036,-7.127574585534647,-5.356386754622263,-7.438231245774954,2.7653565354547007,-3.6567544811477886,-2.6483892782159035,-4.390912720992246,2.2548428756581655,-2.718503574171856,2.218663092146349,-3.1387715472282234,1.9294180294749461,0.5239017580170809,0.9986709041408968,1.637779568612508,0.6299890907400444,1.8808135922807911,18.3933364526817,-11.130069618621832,3.4585054402738384,2.4652266697923135,3.1814510370739066,2.9520871940174382,-0.2737537220377334,2.3452662986791832,-1.5786722053222262,-0.5948790906682908,1.2523224719278718,-0.31155668538485193,0.9884501504180907,-2.3325161165960715,1.5649275222394183,0.8219996173193435,0,LCST,1,0,0,18.481135215297517
eba4255e8db2e58e,88,86,1.041392685158225,0.041392685158225036,-7.127574585534647,-5.356386754622263,-7.438231245774954,2.7653565354547007,-3.6567544811477886,-2.6483892782159035,-4.390912720992246,2.2548428756581655,-2.718503574171856,2.218663092146349,-3.1387715472282234,1.9294180294749461,0.5239017580170809,0.9986709041408968,1.637779568612508,0.6299890907400444,2.0043213737826426,18.3933364526817,-11.130069618621832,3.4585054402738384,2.4652266697923135,3.1814510370739066,2.9520871940174382,-0.2737537220377334,2.3452662986791832,-1.5786722053222262,-0.5948790906682908,1.2523224719278718,-0.31155668538485193,0.9884501504180907,-2.3325161165960715,1.5649275222394183,0.8219996173193435,0,LCST,1,0,0,18.903531429602037
bdd3f568e3000377,88,86,1.041392685158225,0.041392685158225036,-7.127574585534647,-5.356386754622263,-7.438231245774954,2.7653565354547007,-3.6567544811477886,-2.6483892782159035,-4.390912720992246,2.2548428756581655,-2.718503574171856,2.218663092146349,-3.1387715472282234,1.9294180294749461,0.5239017580170809,0.9986709041408968,1.637779568612508,0.6299890907400444,2.3031960574204886,18.3933364526817,-11.130069618621832,3.4585054402738384,2.4652266697923135,3.1814510370739066,2.9520871940174382,-0.2737537220377334,2.3452662986791832,-1.5786722053222262,-0.5948790906682908,1.2523224719278718,-0.31155668538485193,0.9884501504180907,-2.3325161165960715,1.5649275222394183,0.8219996173193435,0,LCST,1,0,0,21.36620662284893
12996df67106e89b,88,86,1.041392685158225,0.041392685158225036,-7.127574585534647,-5.356386754622263,-7.438231245774954,2.7653565354547007,-3.6567544811477886,-2.6483892782159035,-4.390912720992246,2.2548428756581655,-2.718503574171856,2.218663092146349,-3.1387715472282234,1.9294180294749461,0.5239017580170809,0.9986709041408968,1.637779568612508,0.6299890907400444,0,0,0,0,0,0,0,0,0,0,0,0,0,0,0,0,0,0,LCST,1,0,0,22.727395653665422
5cec82524865b8a0,88,86,1.041392685158225,0.17609125905568124,-7.127574585534647,-5.356386754622263,-7.438231245774954,2.7653565354547007,-3.6567544811477886,-2.6483892782159035,-4.390912720992246,2.2548428756581655,-2.718503574171856,2.218663092146349,-3.1387715472282234,1.9294180294749461,0.5239017580170809,0.9986709041408968,1.637779568612508,0.6299890907400444,1.414973347970818,18.3933364526817,-11.130069618621832,3.4585054402738384,2.4652266697923135,3.1814510370739066,2.9520871940174382,-0.2737537220377334,2.3452662986791832,-1.5786722053222262,-0.5948790906682908,1.2523224719278718,-0.31155668538485193,0.9884501504180907,-2.3325161165960715,1.5649275222394183,0.8219996173193435,0,LCST,1,0,0,22.13259739367073
3d05f66debc64057,88,86,1.041392685158225,0.17609125905568124,-7.127574585534647,-5.356386754622263,-7.438231245774954,2.7653565354547007,-3.6567544811477886,-2.6483892782159035,-4.390912720992246,2.2548428756581655,-2.718503574171856,2.218663092146349,-3.1387715472282234,1.9294180294749461,0.5239017580170809,0.9986709041408968,1.637779568612508,0.6299890907400444,1.7075701760979363,18.3933364526817,-11.130069618621832,3.4585054402738384,2.4652266697923135,3.1814510370739066,2.9520871940174382,-0.2737537220377334,2.3452662986791832,-1.5786722053222262,-0.5948790906682908,1.2523224719278718,-0.31155668538485193,0.9884501504180907,-2.3325161165960715,1.5649275222394183,0.8219996173193435,0,LCST,1,0,0,19.299421926556047
c853b4e40472514f,88,86,1.041392685158225,0.17609125905568124,-7.127574585534647,-5.356386754622263,-7.438231245774954,2.7653565354547007,-3.6567544811477886,-2.6483892782159035,-4.390912720992246,2.2548428756581655,-2.718503574171856,2.218663092146349,-3.1387715472282234,1.9294180294749461,0.5239017580170809,0.9986709041408968,1.637779568612508,0.6299890907400444,1.8808135922807911,18.3933364526817,-11.130069618621832,3.4585054402738384,2.4652266697923135,3.1814510370739066,2.9520871940174382,-0.2737537220377334,2.3452662986791832,-1.5786722053222262,-0.5948790906682908,1.2523224719278718,-0.31155668538485193,0.9884501504180907,-2.3325161165960715,1.5649275222394183,0.8219996173193435,0,LCST,1,0,0,19.164311024626716
e803cbce16cf82e2,88,86,1.041392685158225,0.17609125905568124,-7.127574585534647,-5.356386754622263,-7.438231245774954,2.7653565354547007,-3.6567544811477886,-2.6483892782159035,-4.390912720992246,2.2548428756581655,-2.718503574171856,2.218663092146349,-3.1387715472282234,1.9294180294749461,0.5239017580170809,0.9986709041408968,1.637779568612508,0.6299890907400444,2.0043213737826426,18.3933364526817,-11.130069618621832,3.4585054402738384,2.4652266697923135,3.1814510370739066,2.9520871940174382,-0.2737537220377334,2.3452662986791832,-1.5786722053222262,-0.5948790906682908,1.2523224719278718,-0.31155668538485193,0.9884501504180907,-2.3325161165960715,1.5649275222394183,0.8219996173193435,0,LCST,1,0,0,18.961787034723045
1ffe1eb0c910218f,88,86,1.041392685158225,0.17609125905568124,-7.127574585534647,-5.356386754622263,-7.438231245774954,2.7653565354547007,-3.6567544811477886,-2.6483892782159035,-4.390912720992246,2.2548428756581655,-2.718503574171856,2.218663092146349,-3.1387715472282234,1.9294180294749461,0.5239017580170809,0.9986709041408968,1.637779568612508,0.6299890907400444,2.3031960574204886,18.3933364526817,-11.130069618621832,3.4585054402738384,2.4652266697923135,3.1814510370739066,2.9520871940174382,-0.2737537220377334,2.3452662986791832,-1.5786722053222262,-0.5948790906682908,1.2523224719278718,-0.31155668538485193,0.9884501504180907,-2.3325161165960715,1.5649275222394183,0.8219996173193435,0,LCST,1,0,0,21.446689498120474
ef16c646871af51c,88,86,1.041392685158225,0.17609125905568124,-7.127574585534647,-5.356386754622263,-7.438231245774954,2.7653565354547007,-3.6567544811477886,-2.6483892782159035,-4.390912720992246,2.2548428756581655,-2.718503574171856,2.218663092146349,-3.1387715472282234,1.9294180294749461,0.5239017580170809,0.9986709041408968,1.637779568612508,0.6299890907400444,0,0,0,0,0,0,0,0,0,0,0,0,0,0,0,0,0,0,LCST,1,0,0,19.95005402469077
21e0c20b7e4edd55,88,86,1.041392685158225,0.30102999566398114,-7.127574585534647,-5.356386754622263,-7.438231245774954,2.7653565354547007,-3.6567544811477886,-2.6483892782159035,-4.390912720992246,2.2548428756581655,-2.718503574171856,2.218663092146349,-3.1387715472282234,1.9294180294749461,0.5239017580170809,0.9986709041408968,1.637779568612508,0.6299890907400444,1.414973347970818,18.3933364526817,-11.130069618621832,3.4585054402738384,2.4652266697923135,3.1814510370739066,2.9520871940174382,-0.2737537220377334,2.3452662986791832,-1.5786722053222262,-0.5948790906682908,1.2523224719278718,-0.31155668538485193,0.9884501504180907,-2.3325161165960715,1.5649275222394183,0.8219996173193435,0,LCST,1,0,0,23.46100452788832
ef2d6dba11040489,88,86,1.041392685158225,0.30102999566398114,-7.127574585534647,-5.356386754622263,-7.438231245774954,2.7653565354547007,-3.6567544811477886,-2.6483892782159035,-4.390912720992246,2.2548428756581655,-2.718503574171856,2.218663092146349,-3.1387715472282234,1.9294180294749461,0.5239017580170809,0.9986709041408968,1.637779568612508,0.6299890907400444,1.7075701760979363,18.3933364526817,-11.130069618621832,3.4585054402738384,2.4652266697923135,3.1814510370739066,2.9520871940174382,-0.2737537220377334,2.3452662986791832,-1.5786722053222262,-0.5948790906682908,1.2523224719278718,-0.31155668538485193,0.9884501504180907,-2.3325161165960715,1.5649275222394183,0.8219996173193435,0,LCST,1,0,0,20.206342708418475
0185c23dbd23b107,88,86,1.041392685158225,0.30102999566398114,-7.127574585534647,-5.356386754622263,-7.438231245774954,2.7653565354547007,-3.6567544811477886,-2.6483892782159035,-4.390912720992246,2.2548428756581655,-2.718503574171856,2.218663092146349,-3.1387715472282234,1.9294180294749461,0.5239017580170809,0.9986709041408968,1.637779568612508,0.6299890907400444,1.8808135922807911,18.3933364526817,-11.130069618621832,3.4585054402738384,2.4652266697923135,3.1814510370739066,2.9520871940174382,-0.2737537220377334,2.3452662986791832,-1.5786722053222262,-0.5948790906682908,1.2523224719278718,-0.31155668538485193,0.9884501504180907,-2.3325161165960715,1.5649275222394183,0.8219996173193435,0,LCST,1,0,0,19.561494896907725
6c748b03927a8b82,88,86,1.041392685158225,0.30102999566398114,-7.127574585534647,-5.356386754622263,-7.438231245774954,2.7653565354547007,-3.6567544811477886,-2.6483892782159035,-4.390912720992246,2.2548428756581655,-2.718503574171856,2.218663092146349,-3.1387715472282234,1.9294180294749461,0.5239017580170809,0.9986709041408968,1.637779568612508,0.6299890907400444,2.0043213737826426,18.3933364526817,-11.130069618621832,3.4585054402738384,2.4652266697923135,3.1814510370739066,2.9520871940174382,-0.2737537220377334,2.3452662986791832,-1.5786722053222262,-0.5948790906682908,1.2523224719278718,-0.31155668538485193,0.9884501504180907,-2.3325161165960715,1.5649275222394183,0.8219996173193435,0,LCST,1,0,0,19.357927212247084
8b3f4098f0c3ea2b,88,86,1.041392685158225,0.30102999566398114,-7.127574585534647,-5.356386754622263,-7.438231245774954,2.7653565354547007,-3.6567544811477886,-2.6483892782159035,-4.390912720992246,2.2548428756581655,-2.718503574171856,2.218663092146349,-3.1387715472282234,1.9294180294749461,0.5239017580170809,0.9986709041408968,1.637779568612508,0.6299890907400444,2.3031960574204886,18.3933364526817,-11.130069618621832,3.4585054402738384,2.4652266697923135,3.1814510370739066,2.9520871940174382,-0.2737537220377334,2.3452662986791832,-1.5786722053222262,-0.5948790906682908,1.2523224719278718,-0.31155668538485193,0.9884501504180907,-2.3325161165960715,1.5649275222394183,0.8219996173193435,0,LCST,1,0,0,21.987443029238644
f7827de4ef18c97b,88,86,1.041392685158225,0.30102999566398114,-7.127574585534647,-5.356386754622263,-7.438231245774954,2.7653565354547007,-3.6567544811477886,-2.6483892782159035,-4.390912720992246,2.2548428756581655,-2.718503574171856,2.218663092146349,-3.1387715472282234,1.9294180294749461,0.5239017580170809,0.9986709041408968,1.637779568612508,0.6299890907400444,0,0,0,0,0,0,0,0,0,0,0,0,0,0,0,0,0,0,LCST,1,0,0,21.85173545067213
3f6a9047239ad8c8,88,86,1.041392685158225,0.5440680443502756,-7.127574585534647,-5.356386754622263,-7.438231245774954,2.7653565354547007,-3.6567544811477886,-2.6483892782159035,-4.390912720992246,2.2548428756581655,-2.718503574171856,2.218663092146349,-3.1387715472282234,1.9294180294749461,0.5239017580170809,0.9986709041408968,1.637779568612508,0.6299890907400444,1.414973347970818,18.3933364526817,-11.130069618621832,3.4585054402738384,2.4652266697923135,3.1814510370739066,2.9520871940174382,-0.2737537220377334,2.3452662986791832,-1.5786722053222262,-0.5948790906682908,1.2523224719278718,-0.31155668538485193,0.9884501504180907,-2.3325161165960715,1.5649275222394183,0.8219996173193435,0,LCST,1,0,0,25.028230793844745
2f588922b59bbb9c,88,86,1.041392685158225,0.7781512503836435,-7.127574585534647,-5.356386754622263,-7.438231245774954,2.7653565354547007,-3.6567544811477886,-2.6483892782159035,-4.390912720992246,2.2548428756581655,-2.718503574171856,2.218663092146349,-3.1387715472282234,1.9294180294749461,0.5239017580170809,0.9986709041408968,1.637779568612508,0.6299890907400444,1.414973347970818,18.3933364526817,-11.130069618621832,3.4585054402738384,2.4652266697923135,3.1814510370739066,2.9520871940174382,-0.2737537220377334,2.3452662986791832,-1.5786722053222262,-0.5948790906682908,1.2523224719278718,-0.31155668538485193,0.9884501504180907,-2.3325161165960715,1.5649275222394183,0.8219996173193435,0,LCST,1,0,0,26.739650168594665
e7a6b6fd7ffe16c2,88,86,1.041392685158225,0.7781512503836435,-7.127574585534647,-5.356386754622263,-7.438231245774954,2.7653565354547007,-3.6567544811477886,-2.6483892782159035,-4.390912720992246,2.2548428756581655,-2.718503574171856,2.218663092146349,-3.1387715472282234,1.9294180294749461,0.5239017580170809,0.9986709041408968,1.637779568612508,0.6299890907400444,1.7075701760979363,18.3933364526817,-11.130069618621832,3.4585054402738384,2.4652266697923135,3.1814510370739066,2.9520871940174382,-0.2737537220377334,2.3452662986791832,-1.5786722053222262,-0.5948790906682908,1.2523224719278718,-0.31155668538485193,0.9884501504180907,-2.3325161165960715,1.5649275222394183,0.8219996173193435,0,LCST,1,0,0,22.380903448897307
2b33c891bfadbad5,88,86,1.041392685158225,0.7781512503836435,-7.127574585534647,-5.356386754622263,-7.438231245774954,2.7653565354547007,-3.6567544811477886,-2.6483892782159035,-4.390912720992246,2.2548428756581655,-2.718503574171856,2.218663092146349,-3.1387715472282234,1.9294180294749461,0.5239017580170809,0.9986709041408968,1.637779568612508,0.6299890907400444,1.8808135922807911,18.3933364526817,-11.130069618621832,3.4585054402738384,2.4652266697923135,3.1814510370739066,2.9520871940174382,-0.2737537220377334,2.3452662986791832,-1.5786722053222262,-0.5948790906682908,1.2523224719278718,-0.31155668538485193,0.9884501504180907,-2.3325161165960715,1.5649275222394183,0.8219996173193435,0,LCST,1,0,0,22.26488851916781
566f99fd67159125,88,86,1.041392685158225,0.7781512503836435,-7.127574585534647,-5.356386754622263,-7.438231245774954,2.7653565354547007,-3.6567544811477886,-2.6483892782159035,-4.390912720992246,2.2548428756581655,-2.718503574171856,2.218663092146349,-3.1387715472282234,1.9294180294749461,0.5239017580170809,0.9986709041408968,1.637779568612508,0.6299890907400444,2.0043213737826426,18.3933364526817,-11.130069618621832,3.4585054402738384,2.4652266697923135,3.1814510370739066,2.9520871940174382,-0.2737537220377334,2.3452662986791832,-1.5786722053222262,-0.5948790906682908,1.2523224719278718,-0.31155668538485193,0.9884501504180907,-2.3325161165960715,1.5649275222394183,0.8219996173193435,0,LCST,1,0,0,19.849193471745163
37e8a15c06e5223f,88,86,1.041392685158225,0.7781512503836435,-7.127574585534647,-5.356386754622263,-7.438231245774954,2.7653565354547007,-3.6567544811477886,-2.6483892782159035,-4.390912720992246,2.2548428756581655,-2.718503574171856,2.218663092146349,-3.1387715472282234,1.9294180294749461,0.5239017580170809,0.9986709041408968,1.637779568612508,0.6299890907400444,2.3031960574204886,18.3933364526817,-11.130069618621832,3.4585054402738384,2.4652266697923135,3.1814510370739066,2.9520871940174382,-0.2737537220377334,2.3452662986791832,-1.5786722053222262,-0.5948790906682908,1.2523224719278718,-0.31155668538485193,0.9884501504180907,-2.3325161165960715,1.5649275222394183,0.8219996173193435,0,LCST,1,0,0,23.556732451857005
5326f137286fcdb6,88,86,1.041392685158225,0.7781512503836435,-7.127574585534647,-5.356386754622263,-7.438231245774954,2.7653565354547007,-3.6567544811477886,-2.6483892782159035,-4.390912720992246,2.2548428756581655,-2.718503574171856,2.218663092146349,-3.1387715472282234,1.9294180294749461,0.5239017580170809,0.9986709041408968,1.637779568612508,0.6299890907400444,0,0,0,0,0,0,0,0,0,0,0,0,0,0,0,0,0,0,LCST,1,0,0,23.04656267063745
7ca6997a945d5b53,88,86,1.041392685158225,1.041392685158225,-7.127574585534647,-5.356386754622263,-7.438231245774954,2.7653565354547007,-3.6567544811477886,-2.6483892782159035,-4.390912720992246,2.2548428756581655,-2.718503574171856,2.218663092146349,-3.1387715472282234,1.9294180294749461,0.5239017580170809,0.9986709041408968,1.637779568612508,0.6299890907400444,1.414973347970818,18.3933364526817,-11.130069618621832,3.4585054402738384,2.4652266697923135,3.1814510370739066,2.9520871940174382,-0.2737537220377334,2.3452662986791832,-1.5786722053222262,-0.5948790906682908,1.2523224719278718,-0.31155668538485193,0.9884501504180907,-2.3325161165960715,1.5649275222394183,0.8219996173193435,0,LCST,1,0,0,25.66336965132652
b444c454f1d58775,88,86,1.041392685158225,1.041392685158225,-7.127574585534647,-5.356386754622263,-7.438231245774954,2.7653565354547007,-3.6567544811477886,-2.6483892782159035,-4.390912720992246,2.2548428756581655,-2.718503574171856,2.218663092146349,-3.1387715472282234,1.9294180294749461,0.5239017580170809,0.9986709041408968,1.637779568612508,0.6299890907400444,1.7075701760979363,18.3933364526817,-11.130069618621832,3.4585054402738384,2.4652266697923135,3.1814510370739066,2.9520871940174382,-0.2737537220377334,2.3452662986791832,-1.5786722053222262,-0.5948790906682908,1.2523224719278718,-0.31155668538485193,0.9884501504180907,-2.3325161165960715,1.5649275222394183,0.8219996173193435,0,MIXED,0.75,0,0.25,21.38507066265299
992defc86d87f4d6,88,86,1.041392685158225,1.041392685158225,-7.127574585534647,-5.356386754622263,-7.438231245774954,2.7653565354547007,-3.6567544811477886,-2.6483892782159035,-4.390912720992246,2.2548428756581655,-2.718503574171856,2.218663092146349,-3.1387715472282234,1.9294180294749461,0.5239017580170809,0.9986709041408968,1.637779568612508,0.6299890907400444,1.8808135922807911,18.3933364526817,-11.130069618621832,3.4585054402738384,2.4652266697923135,3.1814510370739066,2.9520871940174382,-0.2737537220377334,2.3452662986791832,-1.5786722053222262,-0.5948790906682908,1.2523224719278718,-0.31155668538485193,0.9884501504180907,-2.3325161165960715,1.5649275222394183,0.8219996173193435,0,LCST,1,0,0,24.430679404090103
ae916542f7c4882d,88,86,1.041392685158225,1.041392685158225,-7.127574585534647,-5.356386754622263,-7.438231245774954,2.7653565354547007,-3.6567544811477886,-2.6483892782159035,-4.390912720992246,2.2548428756581655,-2.718503574171856,2.218663092146349,-3.1387715472282234,1.9294180294749461,0.5239017580170809,0.9986709041408968,1.637779568612508,0.6299890907400444,2.0043213737826426,18.3933364526817,-11.130069618621832,3.4585054402738384,2.4652266697923135,3.1814510370739066,2.9520871940174382,-0.2737537220377334,2.3452662986791832,-1.5786722053222262,-0.5948790906682908,1.2523224719278718,-0.31155668538485193,0.9884501504180907,-2.3325161165960715,1.5649275222394183,0.8219996173193435,0,LCST,1,0,0,21.21593250779951
c323f049f741c4a7,88,86,1.041392685158225,1.041392685158225,-7.127574585534647,-5.356386754622263,-7.438231245774954,2.7653565354547007,-3.6567544811477886,-2.6483892782159035,-4.390912720992246,2.2548428756581655,-2.718503574171856,2.218663092146349,-3.1387715472282234,1.9294180294749461,0.5239017580170809,0.9986709041408968,1.637779568612508,0.6299890907400444,2.3031960574204886,18.3933364526817,-11.130069618621832,3.4585054402738384,2.4652266697923135,3.1814510370739066,2.9520871940174382,-0.2737537220377334,2.3452662986791832,-1.5786722053222262,-0.5948790906682908,1.2523224719278718,-0.31155668538485193,0.9884501504180907,-2.3325161165960715,1.5649275222394183,0.8219996173193435,0,LCST,1,0,0,23.68850980655665
85dee9c22c5f426f,88,86,1.041392685158225,1.041392685158225,-7.127574585534647,-5.356386754622263,-7.438231245774954,2.7653565354547007,-3.6567544811477886,-2.6483892782159035,-4.390912720992246,2.2548428756581655,-2.718503574171856,2.218663092146349,-3.1387715472282234,1.9294180294749461,0.5239017580170809,0.9986709041408968,1.637779568612508,0.6299890907400444,0,0,0,0,0,0,0,0,0,0,0,0,0,0,0,0,0,0,MIXED,0.8571428571428571,0,0.14285714285714285,19.405100380360743
5617093ef070cae1,88,86,1.041392685158225,1.7075701760979363,-7.127574585534647,-5.356386754622263,-7.438231245774954,2.7653565354547007,-3.6567544811477886,-2.6483892782159035,-4.390912720992246,2.2548428756581655,-2.718503574171856,2.218663092146349,-3.1387715472282234,1.9294180294749461,0.5239017580170809,0.9986709041408968,1.637779568612508,0.6299890907400444,1.414973347970818,18.3933364526817,-11.130069618621832,3.4585054402738384,2.4652266697923135,3.1814510370739066,2.9520871940174382,-0.2737537220377334,2.3452662986791832,-1.5786722053222262,-0.5948790906682908,1.2523224719278718,-0.31155668538485193,0.9884501504180907,-2.3325161165960715,1.5649275222394183,0.8219996173193435,0,LCST,1,0,0,30.270519060079184
2e73322b3319379d,88,86,1.041392685158225,1.7075701760979363,-7.127574585534647,-5.356386754622263,-7.438231245774954,2.7653565354547007,-3.6567544811477886,-2.6483892782159035,-4.390912720992246,2.2548428756581655,-2.718503574171856,2.218663092146349,-3.1387715472282234,1.9294180294749461,0.5239017580170809,0.9986709041408968,1.637779568612508,0.6299890907400444,1.7075701760979363,18.3933364526817,-11.130069618621832,3.4585054402738384,2.4652266697923135,3.1814510370739066,2.9520871940174382,-0.2737537220377334,2.3452662986791832,-1.5786722053222262,-0.5948790906682908,1.2523224719278718,-0.31155668538485193,0.9884501504180907,-2.3325161165960715,1.5649275222394183,0.8219996173193435,0,MIXED,0.25,0,0.75,19.156849469645675
59eb8f0d011f0b9e,88,86,1.041392685158225,1.7075701760979363,-7.127574585534647,-5.356386754622263,-7.438231245774954,2.7653565354547007,-3.6567544811477886,-2.6483892782159035,-4.390912720992246,2.2548428756581655,-2.718503574171856,2.218663092146349,-3.1387715472282234,1.9294180294749461,0.5239017580170809,0.9986709041408968,1.637779568612508,0.6299890907400444,1.8808135922807911,18.3933364526817,-11.130069618621832,3.4585054402738384,2.4652266697923135,3.1814510370739066,2.9520871940174382,-0.2737537220377334,2.3452662986791832,-1.5786722053222262,-0.5948790906682908,1.2523224719278718,-0.31155668538485193,0.9884501504180907,-2.3325161165960715,1.5649275222394183,0.8219996173193435,0,UCST,0,1,0,
3f8594ba73f3b4a3,88,86,1.041392685158225,1.7075701760979363,-7.127574585534647,-5.356386754622263,-7.438231245774954,2.7653565354547007,-3.6567544811477886,-2.6483892782159035,-4.390912720992246,2.2548428756581655,-2.718503574171856,2.218663092146349,-3.1387715472282234,1.9294180294749461,0.5239017580170809,0.9986709041408968,1.637779568612508,0.6299890907400444,2.0043213737826426,18.3933364526817,-11.130069618621832,3.4585054402738384,2.4652266697923135,3.1814510370739066,2.9520871940174382,-0.2737537220377334,2.3452662986791832,-1.5786722053222262,-0.5948790906682908,1.2523224719278718,-0.31155668538485193,0.9884501504180907,-2.3325161165960715,1.5649275222394183,0.8219996173193435,0,UCST,0,1,0,
5c0145177297d811,88,86,1.041392685158225,1.7075701760979363,-7.127574585534647,-5.356386754622263,-7.438231245774954,2.7653565354547007,-3.6567544811477886,-2.6483892782159035,-4.390912720992246,2.2548428756581655,-2.718503574171856,2.218663092146349,-3.1387715472282234,1.9294180294749461,0.5239017580170809,0.9986709041408968,1.637779568612508,0.6299890907400444,2.3031960574204886,18.3933364526817,-11.130069618621832,3.4585054402738384,2.4652266697923135,3.1814510370739066,2.9520871940174382,-0.2737537220377334,2.3452662986791832,-1.5786722053222262,-0.5948790906682908,1.2523224719278718,-0.31155668538485193,0.9884501504180907,-2.3325161165960715,1.5649275222394183,0.8219996173193435,0,UCST,0,1,0,
fc34d0d43566cbde,88,86,1.041392685158225,1.7075701760979363,-7.127574585534647,-5.356386754622263,-7.438231245774954,2.7653565354547007,-3.6567544811477886,-2.6483892782159035,-4.390912720992246,2.2548428756581655,-2.718503574171856,2.218663092146349,-3.1387715472282234,1.9294180294749461,0.5239017580170809,0.9986709041408968,1.637779568612508,0.6299890907400444,0,0,0,0,0,0,0,0,0,0,0,0,0,0,0,0,0,0,MIXED,0.3333333333333333,0,0.6666666666666666,24.313895947572554
372a49f6384b0fa1,88,86,1.041392685158225,2.0043213737826426,-7.127574585534647,-5.356386754622263,-7.438231245774954,2.7653565354547007,-3.6567544811477886,-2.6483892782159035,-4.390912720992246,2.2548428756581655,-2.718503574171856,2.218663092146349,-3.1387715472282234,1.9294180294749461,0.5239017580170809,0.9986709041408968,1.637779568612508,0.6299890907400444,0,0,0,0,0,0,0,0,0,0,0,0,0,0,0,0,0,0,NONE,0,0,1,
0ce4f07ce8b88ee2,88,86,1.041392685158225,0,0,0,0,0,0,0,0,0,0,0,0,0,0,0,0,0,2.0043213737826426,1.4551782520926873,10.160051640781123,-2.6985832637395597,5.55872454157898,1.383143965059758,-2.345227881869497,1.1639587728697054,-2.525579236033896,-4.187056614600091,-0.19986760101897955,1.4605171142517794,-3.669069850955586,2.2859778340927903,1.0813700765162113,0.4491849109809085,0.03295725573005326,0,LCST,1,0,0,30.666666666666668
3974c9e8e0802c74,88,86,1.041392685158225,0,0,0,0,0,0,0,0,0,0,0,0,0,0,0,0,0,2.0043213737826426,8.43736113832394,7.697801075143803,-2.0680947567183923,0.13400646093422663,-2.853057571783103,-6.4042159319350125,-0.6933335722471947,-1.7469101507674178,5.718555041710023,0.372647813222058,-1.169248189535328,-0.37268951465130407,0.22514731159827947,-2.2087794839223163,0.7034251793532793,0.676021675484946,0,LCST,1,0,0,31.333333333333332
e1eab0b55674327b,88,86,1.041392685158225,0,0,0,0,0,0,0,0,0,0,0,0,0,0,0,0,0,2.0043213737826426,1.954285009498681,11.42616684029445,-2.6229424434099435,7.316456567301864,0.838425690759669,3.1594325984352176,0.3754125148792415,-1.857913938400635,-1.726415846769169,-0.29955160356192656,1.2178958470879326,4.2979886086612575,-2.1272449315745114,-1.0494550087941295,-0.391147444950529,-0.04382962336555196,0,LCST,1,0,0,30
2de3cd4ad33bf628,88,86,1.041392685158225,0,0,0,0,0,0,0,0,0,0,0,0,0,0,0,0,0,2.0043213737826426,4.403417654792204,12.246616267624727,-2.098301432208356,-1.6959189494788864,-0.33888702766907497,6.1271255536583915,-2.909019640684782,5.623158276998221,2.8166934910233206,0.308433010199633,-0.15980758466204525,-1.5194480887653747,0.2887807621600118,1.2539147285980163,-0.07711396252121006,-0.41518809212676944,0,LCST,1,0,0,29.333333333333332
59390e0c6e353608,88,86,1.041392685158225,0,0,0,0,0,0,0,0,0,0,0,0,0,0,0,0,0,2.0043213737826426,-7.4099323863820095,-1.6736372625060234,7.6338747590163,1.0613419576806007,-2.1122761446900586,-0.20659791510674097,1.5404299917456599,-0.3012967945552484,1.3130746538030325,0.827707509517898,1.1286436619975226,0.6170242516657161,0.31530210988589547,0.05508354221567813,2.5236925801220984,-3.0475864843537255,0,LCST,1,0,0,26.03333333333333
f368c4f0df738f16,88,86,1.041392685158225,0,0,0,0,0,0,0,0,0,0,0,0,0,0,0,0,0,2.0043213737826426,-7.928432465968674,-0.32786837071195496,7.952113399027623,1.0642910478750842,-1.011909857154086,-0.08164653093958929,0.6148220434925299,0.27734354261217287,0.2956629092949057,-0.9561950169876098,-0.22762262809786504,-1.210883080449657,-1.7009789159189075,0.9378778700052527,0.12387278243902422,1.6849436063633194,0,LCST,1,0,0,25.333333333333332
b0bebf70b8ee0b42,88,86,1.041392685158225,0,0,0,0,0,0,0,0,0,0,0,0,0,0,0,0,0,1.041392685158225,-7.847000468143248,-0.8397134591346669,8.120370506137512,1.7935698545771155,-1.7921363124167458,-0.04817594596969066,0.6452701911461499,0.4800703678423419,0.17166122805917294,-1.7866489926608367,-0.10556751427437083,-1.2449260073996045,-1.9944009938663847,0.3924954358470437,0.6194773289479572,1.2100458323095438,0,LCST,1,0,0,23.29969168132498
d48cd6b016bcbc78,88,86,1.041392685158225,0,0,0,0,0,0,0,0,0,0,0,0,0,0,0,0,0,1.7075701760979363,-7.847000468143248,-0.8397134591346669,8.120370506137512,1.7935698545771155,-1.7921363124167458,-0.04817594596969066,0.6452701911461499,0.4800703678423419,0.17166122805917294,-1.7866489926608367,-0.10556751427437083,-1.2449260073996045,-1.9944009938663847,0.3924954358470437,0.6194773289479572,1.2100458323095438,0,LCST,1,0,0,15.96027711711741
31b5629e1edfee8e,88,86,1.041392685158225,0,0,0,0,0,0,0,0,0,0,0,0,0,0,0,0,0,2.0043213737826426,-7.847000468143248,-0.8397134591346669,8.120370506137512,1.7935698545771155,-1.7921363124167458,-0.04817594596969066,0.6452701911461499,0.4800703678423419,0.17166122805917294,-1.7866489926608367,-0.10556751427437083,-1.2449260073996045,-1.9944009938663847,0.3924954358470437,0.6194773289479572,1.2100458323095438,0,LCST,1,0,0,21.666666666666668
819c8e0448c483c5,88,86,1.041392685158225,0,0,0,0,0,0,0,0,0,0,0,0,0,0,0,0,0,2.3996737214810375,-7.847000468143248,-0.8397134591346669,8.120370506137512,1.7935698545771155,-1.7921363124167458,-0.04817594596969066,0.6452701911461499,0.4800703678423419,0.17166122805917294,-1.7866489926608367,-0.10556751427437083,-1.2449260073996045,-1.9944009938663847,0.3924954358470437,0.6194773289479572,1.2100458323095438,0,LCST,1,0,0,15
18d1f839a7f1be20,88,86,1.041392685158225,0,0,0,0,0,0,0,0,0,0,0,0,0,0,0,0,0,2.0043213737826426,17.165825364449194,-7.485667689727405,2.663855545049719,4.729926010321341,2.6331789808893413,-2.4495912610705917,-0.4555819953352942,-1.0784374026349386,1.4310653354987248,0.5764727340493201,-1.7399806888776772,0.19684896065533364,-1.0594984427725327,2.8892052058129956,-1.7725880345187148,-1.0149762966203544,0,LCST,1,0,0,30.266666666666666
c00947803990ce74,88,86,1.041392685158225,0,0,0,0,0,0,0,0,0,0,0,0,0,0,0,0,0,0.041392685158225036,18.3933364526817,-11.130069618621832,3.4585054402738384,2.4652266697923135,3.1814510370739066,2.9520871940174382,-0.2737537220377334,2.3452662986791832,-1.5786722053222262,-0.5948790906682908,1.2523224719278718,-0.31155668538485193,0.9884501504180907,-2.3325161165960715,1.5649275222394183,0.8219996173193435,0,LCST,1,0,0,18.396090066831476
3dd4b9473ce0bee3,88,86,1.041392685158225,0,0,0,0,0,0,0,0,0,0,0,0,0,0,0,0,0,0.30102999566398114,18.3933364526817,-11.130069618621832,3.4585054402738384,2.4652266697923135,3.1814510370739066,2.9520871940174382,-0.2737537220377334,2.3452662986791832,-1.5786722053222262,-0.5948790906682908,1.2523224719278718,-0.31155668538485193,0.9884501504180907,-2.3325161165960715,1.5649275222394183,0.8219996173193435,0,LCST,1,0,0,19.56178740749224
680b1b3b0cf81972,88,86,1.041392685158225,0,0,0,0,0,0,0,0,0,0,0,0,0,0,0,0,0,0.7781512503836435,18.3933364526817,-11.130069618621832,3.4585054402738384,2.4652266697923135,3.1814510370739066,2.9520871940174382,-0.2737537220377334,2.3452662986791832,-1.5786722053222262,-0.5948790906682908,1.2523224719278718,-0.31155668538485193,0.9884501504180907,-2.3325161165960715,1.5649275222394183,0.8219996173193435,0,LCST,1,0,0,19.434370865308882
93a916c5df96ba2e,88,86,1.041392685158225,0,0,0,0,0,0,0,0,0,0,0,0,0,0,0,0,0,1.041392685158225,18.3933364526817,-11.130069618621832,3.4585054402738384,2.4652266697923135,3.1814510370739066,2.9520871940174382,-0.2737537220377334,2.3452662986791832,-1.5786722053222262,-0.5948790906682908,1.2523224719278718,-0.31155668538485193,0.9884501504180907,-2.3325161165960715,1.5649275222394183,0.8219996173193435,0,LCST,1,0,0,18.219783624254255
8bce29002b52cb93,88,86,1.041392685158225,0,0,0,0,0,0,0,0,0,0,0,0,0,0,0,0,0,1.322219294733919,18.3933364526817,-11.130069618621832,3.4585054402738384,2.4652266697923135,3.1814510370739066,2.9520871940174382,-0.2737537220377334,2.3452662986791832,-1.5786722053222262,-0.5948790906682908,1.2523224719278718,-0.31155668538485193,0.9884501504180907,-2.3325161165960715,1.5649275222394183,0.8219996173193435,0,LCST,1,0,0,19.516489224690666
594882cf1ef5d856,88,86,1.041392685158225,0,0,0,0,0,0,0,0,0,0,0,0,0,0,0,0,0,1.7075701760979363,18.3933364526817,-11.130069618621832,3.4585054402738384,2.4652266697923135,3.1814510370739066,2.9520871940174382,-0.2737537220377334,2.3452662986791832,-1.5786722053222262,-0.5948790906682908,1.2523224719278718,-0.31155668538485193,0.9884501504180907,-2.3325161165960715,1.5649275222394183,0.8219996173193435,0,LCST,1,0,0,18.548339487310667
d2788394d565e6c7,88,86,1.041392685158225,0,0,0,0,0,0,0,0,0,0,0,0,0,0,0,0,0,2.0043213737826426,18.3933364526817,-11.130069618621832,3.4585054402738384,2.4652266697923135,3.1814510370739066,2.9520871940174382,-0.2737537220377334,2.3452662986791832,-1.5786722053222262,-0.5948790906682908,1.2523224719278718,-0.31155668538485193,0.9884501504180907,-2.3325161165960715,1.5649275222394183,0.8219996173193435,0,LCST,1,0,0,26.639413825328983
b13d4d5ac186d809,88,86,1.041392685158225,0,0,0,0,0,0,0,0,0,0,0,0,0,0,0,0,0,2.3996737214810375,18.3933364526817,-11.130069618621832,3.4585054402738384,2.4652266697923135,3.1814510370739066,2.9520871940174382,-0.2737537220377334,2.3452662986791832,-1.5786722053222262,-0.5948790906682908,1.2523224719278718,-0.31155668538485193,0.9884501504180907,-2.3325161165960715,1.5649275222394183,0.8219996173193435,0,LCST,1,0,0,27.333333333333332
fc1adf457d5b7c34,88,86,1.041392685158225,0,0,0,0,0,0,0,0,0,0,0,0,0,0,0,0,0,2.6998377258672455,18.3933364526817,-11.130069618621832,3.4585054402738384,2.4652266697923135,3.1814510370739066,2.9520871940174382,-0.2737537220377334,2.3452662986791832,-1.5786722053222262,-0.5948790906682908,1.2523224719278718,-0.31155668538485193,0.9884501504180907,-2.3325161165960715,1.5649275222394183,0.8219996173193435,0,LCST,1,0,0,20
643ab3386186b989,88,86,1.041392685158225,0,0,0,0,0,0,0,0,0,0,0,0,0,0,0,0,0,3.0004340774793183,18.3933364526817,-11.130069618621832,3.4585054402738384,2.4652266697923135,3.1814510370739066,2.9520871940174382,-0.2737537220377334,2.3452662986791832,-1.5786722053222262,-0.5948790906682908,1.2523224719278718,-0.31155668538485193,0.9884501504180907,-2.3325161165960715,1.5649275222394183,0.8219996173193435,0,LCST,1,0,0,14.333333333333334
71b310055d485c82,88,86,1.041392685158225,0,0,0,0,0,0,0,0,0,0,0,0,0,0,0,0,0,2.0043213737826426,12.498666839585422,1.9477943387344316,0.1383632812930946,-11.116054347776704,-8.246572637062874,-1.3956553210406648,1.2394567350081807,-0.2602857375641153,-3.6162678167120905,-0.48337728259619495,1.413361351852281,0.742692291993305,-0.8481596361431664,0.5531587991823417,-0.26088480938833314,-0.14777162411402522,0,LCST,1,0,0,35
e711d26809ea7bbc,88,86,1.041392685158225,0,0,0,0,0,0,0,0,0,0,0,0,0,0,0,0,0,2.0043213737826426,-5.833581602833908,-0.4430103836584198,8.690083742548765,0.3598323122129039,-2.74659721322283,0.8589255442143728,0.36979111914745955,0.004972277655762802,0.8817188800605295,0.9774133593276305,0.5156607209727055,2.5295683760580268,3.9313804957473817,-0.021911524454687803,-2.276940807055934,0.7386822919040564,0,LCST,1,0,0,31.566666666666666
1d87467231cfb2a0,88,86,1.041392685158225,0,0,0,0,0,0,0,0,0,0,0,0,0,0,0,0,0,2.0043213737826426,-4.5258245307141145,1.5195927133981941,3.6461310271171756,-6.592698908996626,7.760859980198184,-0.3638289786222453,-3.083595045469069,-1.8512356661818266,-1.1552343776780056,5.652040773695544,0.6188256392926614,-0.7095448051487416,-1.0300424652435263,-0.8855148553977444,-0.4217862731062816,0.058201022294203764,0,LCST,1,0,0,37.333333333333336
eb7cd6fac07e3741,88,86,1.041392685158225,0,0,0,0,0,0,0,0,0,0,0,0,0,0,0,0,0,0,0,0,0,0,0,0,0,0,0,0,0,0,0,0,0,0,0,LCST,1,0,0,24.26953786857143
2dce014290e09906,88,86,1.041392685158225,0.041392685158225036,-4.1909286648703405,-0.28399657013129076,-6.184955495560864,-1.980264240861543,5.1380795481928105,-2.747696387134738,8.374506179708572,4.313096062158067,0.3252534015509645,0.9347613058877416,-0.4933668304889838,0.8654800163394125,-0.05933941394160991,0.12598008056768994,-0.17516022631776518,0.21647538259689902,1.041392685158225,18.3933364526817,-11.130069618621832,3.4585054402738384,2.4652266697923135,3.1814510370739066,2.9520871940174382,-0.2737537220377334,2.3452662986791832,-1.5786722053222262,-0.5948790906682908,1.2523224719278718,-0.31155668538485193,0.9884501504180907,-2.3325161165960715,1.5649275222394183,0.8219996173193435,0,LCST,1,0,0,20.557821917867592
96009477beacda87,88,86,1.041392685158225,0.041392685158225036,-4.1909286648703405,-0.28399657013129076,-6.184955495560864,-1.980264240861543,5.1380795481928105,-2.747696387134738,8.374506179708572,4.313096062158067,0.3252534015509645,0.9347613058877416,-0.4933668304889838,0.8654800163394125,-0.05933941394160991,0.12598008056768994,-0.17516022631776518,0.21647538259689902,0,0,0,0,0,0,0,0,0,0,0,0,0,0,0,0,0,0,LCST,1,0,0,28.366666666666664
296cf65b63b4e09e,88,86,1.041392685158225,0.17609125905568124,-4.1909286648703405,-0.28399657013129076,-6.184955495560864,-1.980264240861543,5.1380795481928105,-2.747696387134738,8.374506179708572,4.313096062158067,0.3252534015509645,0.9347613058877416,-0.4933668304889838,0.8654800163394125,-0.05933941394160991,0.12598008056768994,-0.17516022631776518,0.21647538259689902,1.041392685158225,18.3933364526817,-11.130069618621832,3.4585054402738384,2.4652266697923135,3.1814510370739066,2.9520871940174382,-0.2737537220377334,2.3452662986791832,-1.5786722053222262,-0.5948790906682908,1.2523224719278718,-0.31155668538485193,0.9884501504180907,-2.3325161165960715,1.5649275222394183,0.8219996173193435,0,LCST,1,0,0,19.45017399916496
e803d0425ae02fb8,88,86,1.041392685158225,0.30102999566398114,-4.1909286648703405,-0.28399657013129076,-6.184955495560864,-1.980264240861543,5.1380795481928105,-2.747696387134738,8.374506179708572,4.313096062158067,0.3252534015509645,0.9347613058877416,-0.4933668304889838,0.8654800163394125,-0.05933941394160991,0.12598008056768994,-0.17516022631776518,0.21647538259689902,1.041392685158225,18.3933364526817,-11.130069618621832,3.4585054402738384,2.4652266697923135,3.1814510370739066,2.9520871940174382,-0.2737537220377334,2.3452662986791832,-1.5786722053222262,-0.5948790906682908,1.2523224719278718,-0.31155668538485193,0.9884501504180907,-2.3325161165960715,1.5649275222394183,0.8219996173193435,0,LCST,1,0,0,18.06434488462071
d73bb12ba7df852d,88,86,1.041392685158225,0.30102999566398114,-4.1909286648703405,-0.28399657013129076,-6.184955495560864,-1.980264240861543,5.1380795481928105,-2.747696387134738,8.374506179708572,4.313096062158067,0.3252534015509645,0.9347613058877416,-0.4933668304889838,0.8654800163394125,-0.05933941394160991,0.12598008056768994,-0.17516022631776518,0.21647538259689902,0,0,0,0,0,0,0,0,0,0,0,0,0,0,0,0,0,0,LCST,1,0,0,41.86666666666667
4c0c618c5ea1d1d0,88,86,1.041392685158225,0.6020599913279623,-4.1909286648703405,-0.28399657013129076,-6.184955495560864,-1.980264240861543,5.1380795481928105,-2.747696387134738,8.374506179708572,4.313096062158067,0.3252534015509645,0.9347613058877416,-0.4933668304889838,0.8654800163394125,-0.05933941394160991,0.12598008056768994,-0.17516022631776518,0.21647538259689902,1.041392685158225,18.3933364526817,-11.130069618621832,3.4585054402738384,2.4652266697923135,3.1814510370739066,2.9520871940174382,-0.2737537220377334,2.3452662986791832,-1.5786722053222262,-0.5948790906682908,1.2523224719278718,-0.31155668538485193,0.9884501504180907,-2.3325161165960715,1.5649275222394183,0.8219996173193435,0,UCST,0,1,0,
9940f35dea14dc5c,88,86,1.041392685158225,0.7781512503836435,-4.1909286648703405,-0.28399657013129076,-6.184955495560864,-1.980264240861543,5.1380795481928105,-2.747696387134738,8.374506179708572,4.313096062158067,0.3252534015509645,0.9347613058877416,-0.4933668304889838,0.8654800163394125,-0.05933941394160991,0.12598008056768994,-0.17516022631776518,0.21647538259689902,1.041392685158225,18.3933364526817,-11.130069618621832,3.4585054402738384,2.4652266697923135,3.1814510370739066,2.9520871940174382,-0.2737537220377334,2.3452662986791832,-1.5786722053222262,-0.5948790906682908,1.2523224719278718,-0.31155668538485193,0.9884501504180907,-2.3325161165960715,1.5649275222394183,0.8219996173193435,0,UCST,0,1,0,
6c40ffff2b2f49f7,88,86,1.041392685158225,1.041392685158225,-4.1909286648703405,-0.28399657013129076,-6.184955495560864,-1.980264240861543,5.1380795481928105,-2.747696387134738,8.374506179708572,4.313096062158067,0.3252534015509645,0.9347613058877416,-0.4933668304889838,0.8654800163394125,-0.05933941394160991,0.12598008056768994,-0.17516022631776518,0.21647538259689902,0,0,0,0,0,0,0,0,0,0,0,0,0,0,0,0,0,0,NONE,0,0,1,
ffcb9dfae7d6332e,88,86,1.041392685158225,0.041392685158225036,-7.8145941632435925,-3.9635630005501827,-2.3521157241748476,1.9956289013525184,-1.997621350005787,-1.7407029152928297,-1.8081407050202234,2.328220226087466,-1.8072461527782917,-2.0157761659112476,-0.7875043280835059,-2.0654608774659753,-0.7742679751297369,-2.708152120688246,-2.612283326223875,-1.5402402562891409,0.30102999566398114,18.3933364526817,-11.130069618621832,3.4585054402738384,2.4652266697923135,3.1814510370739066,2.9520871940174382,-0.2737537220377334,2.3452662986791832,-1.5786722053222262,-0.5948790906682908,1.2523224719278718,-0.31155668538485193,0.9884501504180907,-2.3325161165960715,1.5649275222394183,0.8219996173193435,0,LCST,1,0,0,18.29833439684884
2da212e8716bbd44,88,86,1.041392685158225,0.041392685158225036,-7.8145941632435925,-3.9635630005501827,-2.3521157241748476,1.9956289013525184,-1.997621350005787,-1.7407029152928297,-1.8081407050202234,2.328220226087466,-1.8072461527782917,-2.0157761659112476,-0.7875043280835059,-2.0654608774659753,-0.7742679751297369,-2.708152120688246,-2.612283326223875,-1.5402402562891409,0.7781512503836435,18.3933364526817,-11.130069618621832,3.4585054402738384,2.4652266697923135,3.1814510370739066,2.9520871940174382,-0.2737537220377334,2.3452662986791832,-1.5786722053222262,-0.5948790906682908,1.2523224719278718,-0.31155668538485193,0.9884501504180907,-2.3325161165960715,1.5649275222394183,0.8219996173193435,0,LCST,1,0,0,18.389886599129188
fa12904dd98d37e5,88,86,1.041392685158225,0.041392685158225036,-7.8145941632435925,-3.9635630005501827,-2.3521157241748476,1.9956289013525184,-1.997621350005787,-1.7407029152928297,-1.8081407050202234,2.328220226087466,-1.8072461527782917,-2.0157761659112476,-0.7875043280835059,-2.0654608774659753,-0.7742679751297369,-2.708152120688246,-2.612283326223875,-1.5402402562891409,1.041392685158225,18.3933364526817,-11.130069618621832,3.4585054402738384,2.4652266697923135,3.1814510370739066,2.9520871940174382,-0.2737537220377334,2.3452662986791832,-1.5786722053222262,-0.5948790906682908,1.2523224719278718,-0.31155668538485193,0.9884501504180907,-2.3325161165960715,1.5649275222394183,0.8219996173193435,0,LCST,1,0,0,17.506831509941673
472a6f0635934155,88,86,1.041392685158225,0.041392685158225036,-7.8145941632435925,-3.9635630005501827,-2.3521157241748476,1.9956289013525184,-1.997621350005787,-1.7407029152928297,-1.8081407050202234,2.328220226087466,-1.8072461527782917,-2.0157761659112476,-0.7875043280835059,-2.0654608774659753,-0.7742679751297369,-2.708152120688246,-2.612283326223875,-1.5402402562891409,1.322219294733919,18.3933364526817,-11.130069618621832,3.4585054402738384,2.4652266697923135,3.1814510370739066,2.9520871940174382,-0.2737537220377334,2.3452662986791832,-1.5786722053222262,-0.5948790906682908,1.2523224719278718,-0.31155668538485193,0.9884501504180907,-2.3325161165960715,1.5649275222394183,0.8219996173193435,0,LCST,1,0,0,16.638452510550213
456aae0a0e6b8cbc,88,86,1.041392685158225,0.041392685158225036,-7.8145941632435925,-3.9635630005501827,-2.3521157241748476,1.9956289013525184,-1.997621350005787,-1.7407029152928297,-1.8081407050202234,2.328220226087466,-1.8072461527782917,-2.0157761659112476,-0.7875043280835059,-2.0654608774659753,-0.7742679751297369,-2.708152120688246,-2.612283326223875,-1.5402402562891409,1.414973347970818,18.3933364526817,-11.130069618621832,3.4585054402738384,2.4652266697923135,3.1814510370739066,2.9520871940174382,-0.2737537220377334,2.3452662986791832,-1.5786722053222262,-0.5948790906682908,1.2523224719278718,-0.31155668538485193,0.9884501504180907,-2.3325161165960715,1.5649275222394183,0.8219996173193435,0,LCST,1,0,0,18.34369641733498
5810bbdabf201798,88,86,1.041392685158225,0.041392685158225036,-7.8145941632435925,-3.9635630005501827,-2.3521157241748476,1.9956289013525184,-1.997621350005787,-1.7407029152928297,-1.8081407050202234,2.328220226087466,-1.8072461527782917,-2.0157761659112476,-0.7875043280835059,-2.0654608774659753,-0.7742679751297369,-2.708152120688246,-2.612283326223875,-1.5402402562891409,1.7075701760979363,18.3933364526817,-11.130069618621832,3.4585054402738384,2.4652266697923135,3.1814510370739066,2.9520871940174382,-0.2737537220377334,2.3452662986791832,-1.5786722053222262,-0.5948790906682908,1.2523224719278718,-0.31155668538485193,0.9884501504180907,-2.3325161165960715,1.5649275222394183,0.8219996173193435,0,LCST,1,0,0,19.47509473954653
63eb8161719472f2,88,86,1.041392685158225,0.041392685158225036,-7.8145941632435925,-3.9635630005501827,-2.3521157241748476,1.9956289013525184,-1.997621350005787,-1.7407029152928297,-1.8081407050202234,2.328220226087466,-1.8072461527782917,-2.0157761659112476,-0.7875043280835059,-2.0654608774659753,-0.7742679751297369,-2.708152120688246,-2.612283326223875,-1.5402402562891409,0,0,0,0,0,0,0,0,0,0,0,0,0,0,0,0,0,0,LCST,1,0,0,24.55940958897255
451be49d171d4b79,88,86,1.041392685158225,0.30102999566398114,-7.8145941632435925,-3.9635630005501827,-2.3521157241748476,1.9956289013525184,-1.997621350005787,-1.7407029152928297,-1.8081407050202234,2.328220226087466,-1.8072461527782917,-2.0157761659112476,-0.7875043280835059,-2.0654608774659753,-0.7742679751297369,-2.708152120688246,-2.612283326223875,-1.5402402562891409,1.041392685158225,-7.847000468143248,-0.8397134591346669,8.120370506137512,1.7935698545771155,-1.7921363124167458,-0.04817594596969066,0.6452701911461499,0.4800703678423419,0.17166122805917294,-1.7866489926608367,-0.10556751427437083,-1.2449260073996045,-1.9944009938663847,0.3924954358470437,0.6194773289479572,1.2100458323095438,0,LCST,1,0,0,21.379279877573413
cafdd04695e88d35,88,86,1.041392685158225,0.30102999566398114,-7.8145941632435925,-3.9635630005501827,-2.3521157241748476,1.9956289013525184,-1.997621350005787,-1.7407029152928297,-1.8081407050202234,2.328220226087466,-1.8072461527782917,-2.0157761659112476,-0.7875043280835059,-2.0654608774659753,-0.7742679751297369,-2.708152120688246,-2.612283326223875,-1.5402402562891409,1.7075701760979363,-7.847000468143248,-0.8397134591346669,8.120370506137512,1.7935698545771155,-1.7921363124167458,-0.04817594596969066,0.6452701911461499,0.4800703678423419,0.17166122805917294,-1.7866489926608367,-0.10556751427437083,-1.2449260073996045,-1.9944009938663847,0.3924954358470437,0.6194773289479572,1.2100458323095438,0,LCST,1,0,0,15.84125362156817
0346224385790593,88,86,1.041392685158225,0.30102999566398114,-7.8145941632435925,-3.9635630005501827,-2.3521157241748476,1.9956289013525184,-1.997621350005787,-1.7407029152928297,-1.8081407050202234,2.328220226087466,-1.8072461527782917,-2.0157761659112476,-0.7875043280835059,-2.0654608774659753,-0.7742679751297369,-2.708152120688246,-2.612283326223875,-1.5402402562891409,0.30102999566398114,18.3933364526817,-11.130069618621832,3.4585054402738384,2.4652266697923135,3.1814510370739066,2.9520871940174382,-0.2737537220377334,2.3452662986791832,-1.5786722053222262,-0.5948790906682908,1.2523224719278718,-0.31155668538485193,0.9884501504180907,-2.3325161165960715,1.5649275222394183,0.8219996173193435,0,LCST,1,0,0,18.602797509895048
51435b45fb0e135f,88,86,1.041392685158225,0.30102999566398114,-7.8145941632435925,-3.9635630005501827,-2.3521157241748476,1.9956289013525184,-1.997621350005787,-1.7407029152928297,-1.8081407050202234,2.328220226087466,-1.8072461527782917,-2.0157761659112476,-0.7875043280835059,-2.0654608774659753,-0.7742679751297369,-2.708152120688246,-2.612283326223875,-1.5402402562891409,0.7781512503836435,18.3933364526817,-11.130069618621832,3.4585054402738384,2.4652266697923135,3.1814510370739066,2.9520871940174382,-0.2737537220377334,2.3452662986791832,-1.5786722053222262,-0.5948790906682908,1.2523224719278718,-0.31155668538485193,0.9884501504180907,-2.3325161165960715,1.5649275222394183,0.8219996173193435,0,LCST,1,0,0,18.53218826055237
9986b997a7ec063f,88,86,1.041392685158225,0.30102999566398114,-7.8145941632435925,-3.9635630005501827,-2.3521157241748476,1.9956289013525184,-1.997621350005787,-1.7407029152928297,-1.8081407050202234,2.328220226087466,-1.8072461527782917,-2.0157761659112476,-0.7875043280835059,-2.0654608774659753,-0.7742679751297369,-2.708152120688246,-2.612283326223875,-1.5402402562891409,1.041392685158225,18.3933364526817,-11.130069618621832,3.4585054402738384,2.4652266697923135,3.1814510370739066,2.9520871940174382,-0.2737537220377334,2.3452662986791832,-1.5786722053222262,-0.5948790906682908,1.2523224719278718,-0.31155668538485193,0.9884501504180907,-2.3325161165960715,1.5649275222394183,0.8219996173193435,0,LCST,1,0,0,17.455110374274756
427f6202a5f26e1a,88,86,1.041392685158225,0.30102999566398114,-7.8145941632435925,-3.9635630005501827,-2.3521157241748476,1.9956289013525184,-1.997621350005787,-1.7407029152928297,-1.8081407050202234,2.328220226087466,-1.8072461527782917,-2.0157761659112476,-0.7875043280835059,-2.0654608774659753,-0.7742679751297369,-2.708152120688246,-2.612283326223875,-1.5402402562891409,1.322219294733919,18.3933364526817,-11.130069618621832,3.4585054402738384,2.4652266697923135,3.1814510370739066,2.9520871940174382,-0.2737537220377334,2.3452662986791832,-1.5786722053222262,-0.5948790906682908,1.2523224719278718,-0.31155668538485193,0.9884501504180907,-2.3325161165960715,1.5649275222394183,0.8219996173193435,0,MIXED,0.6,0,0.4,16.60162149140808
7f797c73eff8e52d,88,86,1.041392685158225,0.30102999566398114,-7.8145941632435925,-3.9635630005501827,-2.3521157241748476,1.9956289013525184,-1.997621350005787,-1.7407029152928297,-1.8081407050202234,2.328220226087466,-1.8072461527782917,-2.0157761659112476,-0.7875043280835059,-2.0654608774659753,-0.7742679751297369,-2.708152120688246,-2.612283326223875,-1.5402402562891409,1.414973347970818,18.3933364526817,-11.130069618621832,3.4585054402738384,2.4652266697923135,3.1814510370739066,2.9520871940174382,-0.2737537220377334,2.3452662986791832,-1.5786722053222262,-0.5948790906682908,1.2523224719278718,-0.31155668538485193,0.9884501504180907,-2.3325161165960715,1.5649275222394183,0.8219996173193435,0,LCST,1,0,0,19.284454056469762
bcc6dc16fd0d0d30,88,86,1.041392685158225,0.30102999566398114,-7.8145941632435925,-3.9635630005501827,-2.3521157241748476,1.9956289013525184,-1.997621350005787,-1.7407029152928297,-1.8081407050202234,2.328220226087466,-1.8072461527782917,-2.0157761659112476,-0.7875043280835059,-2.0654608774659753,-0.7742679751297369,-2.708152120688246,-2.612283326223875,-1.5402402562891409,1.7075701760979363,18.3933364526817,-11.130069618621832,3.4585054402738384,2.4652266697923135,3.1814510370739066,2.9520871940174382,-0.2737537220377334,2.3452662986791832,-1.5786722053222262,-0.5948790906682908,1.2523224719278718,-0.31155668538485193,0.9884501504180907,-2.3325161165960715,1.5649275222394183,0.8219996173193435,0,LCST,1,0,0,20.740989183629644
0e10db578aceab09,88,86,1.041392685158225,0.30102999566398114,-7.8145941632435925,-3.9635630005501827,-2.3521157241748476,1.9956289013525184,-1.997621350005787,-1.7407029152928297,-1.8081407050202234,2.328220226087466,-1.8072461527782917,-2.0157761659112476,-0.7875043280835059,-2.0654608774659753,-0.7742679751297369,-2.708152120688246,-2.612283326223875,-1.5402402562891409,0,0,0,0,0,0,0,0,0,0,0,0,0,0,0,0,0,0,LCST,1,0,0,24.363074079568833
c20c57da889e5716,88,86,1.041392685158225,0.7781512503836435,-7.8145941632435925,-3.9635630005501827,-2.3521157241748476,1.9956289013525184,-1.997621350005787,-1.7407029152928297,-1.8081407050202234,2.328220226087466,-1.8072461527782917,-2.0157761659112476,-0.7875043280835059,-2.0654608774659753,-0.7742679751297369,-2.708152120688246,-2.612283326223875,-1.5402402562891409,1.041392685158225,-7.847000468143248,-0.8397134591346669,8.120370506137512,1.7935698545771155,-1.7921363124167458,-0.04817594596969066,0.6452701911461499,0.4800703678423419,0.17166122805917294,-1.7866489926608367,-0.10556751427437083,-1.2449260073996045,-1.9944009938663847,0.3924954358470437,0.6194773289479572,1.2100458323095438,0,LCST,1,0,0,26.8264900538088
8309a5e6729dee85,88,86,1.041392685158225,0.7781512503836435,-7.8145941632435925,-3.9635630005501827,-2.3521157241748476,1.9956289013525184,-1.997621350005787,-1.7407029152928297,-1.8081407050202234,2.328220226087466,-1.8072461527782917,-2.0157761659112476,-0.7875043280835059,-2.0654608774659753,-0.7742679751297369,-2.708152120688246,-2.612283326223875,-1.5402402562891409,1.7075701760979363,-7.847000468143248,-0.8397134591346669,8.120370506137512,1.7935698545771155,-1.7921363124167458,-0.04817594596969066,0.6452701911461499,0.4800703678423419,0.17166122805917294,-1.7866489926608367,-0.10556751427437083,-1.2449260073996045,-1.9944009938663847,0.3924954358470437,0.6194773289479572,1.2100458323095438,0,LCST,1,0,0,17.30242252807985
d8c5b33249c042ba,88,86,1.041392685158225,0.7781512503836435,-7.8145941632435925,-3.9635630005501827,-2.3521157241748476,1.9956289013525184,-1.997621350005787,-1.7407029152928297,-1.8081407050202234,2.328220226087466,-1.8072461527782917,-2.0157761659112476,-0.7875043280835059,-2.0654608774659753,-0.7742679751297369,-2.708152120688246,-2.612283326223875,-1.5402402562891409,0.30102999566398114,18.3933364526817,-11.130069618621832,3.4585054402738384,2.4652266697923135,3.1814510370739066,2.9520871940174382,-0.2737537220377334,2.3452662986791832,-1.5786722053222262,-0.5948790906682908,1.2523224719278718,-0.31155668538485193,0.9884501504180907,-2.3325161165960715,1.5649275222394183,0.8219996173193435,0,LCST,1,0,0,21.4923313577942
677db6bf84ccc148,88,86,1.041392685158225,0.7781512503836435,-7.8145941632435925,-3.9635630005501827,-2.3521157241748476,1.9956289013525184,-1.997621350005787,-1.7407029152928297,-1.8081407050202234,2.328220226087466,-1.8072461527782917,-2.0157761659112476,-0.7875043280835059,-2.0654608774659753,-0.7742679751297369,-2.708152120688246,-2.612283326223875,-1.5402402562891409,0.7781512503836435,18.3933364526817,-11.130069618621832,3.4585054402738384,2.4652266697923135,3.1814510370739066,2.9520871940174382,-0.2737537220377334,2.3452662986791832,-1.5786722053222262,-0.5948790906682908,1.2523224719278718,-0.31155668538485193,0.9884501504180907,-2.3325161165960715,1.5649275222394183,0.8219996173193435,0,LCST,1,0,0,21.011125884048777
02c8f6ad8f97d307,88,86,1.041392685158225,0.7781512503836435,-7.8145941632435925,-3.9635630005501827,-2.3521157241748476,1.9956289013525184,-1.997621350005787,-1.7407029152928297,-1.8081407050202234,2.328220226087466,-1.8072461527782917,-2.0157761659112476,-0.7875043280835059,-2.0654608774659753,-0.7742679751297369,-2.708152120688246,-2.612283326223875,-1.5402402562891409,1.041392685158225,18.3933364526817,-11.130069618621832,3.4585054402738384,2.4652266697923135,3.1814510370739066,2.9520871940174382,-0.2737537220377334,2.3452662986791832,-1.5786722053222262,-0.5948790906682908,1.2523224719278718,-0.31155668538485193,0.9884501504180907,-2.3325161165960715,1.5649275222394183,0.8219996173193435,0,MIXED,0.8333333333333334,0,0.16666666666666666,20.461333769550162
cf8fed4d03111b48,88,86,1.041392685158225,0.7781512503836435,-7.8145941632435925,-3.9635630005501827,-2.3521157241748476,1.9956289013525184,-1.997621350005787,-1.7407029152928297,-1.8081407050202234,2.328220226087466,-1.8072461527782917,-2.0157761659112476,-0.7875043280835059,-2.0654608774659753,-0.7742679751297369,-2.708152120688246,-2.612283326223875,-1.5402402562891409,1.322219294733919,18.3933364526817,-11.130069618621832,3.4585054402738384,2.4652266697923135,3.1814510370739066,2.9520871940174382,-0.2737537220377334,2.3452662986791832,-1.5786722053222262,-0.5948790906682908,1.2523224719278718,-0.31155668538485193,0.9884501504180907,-2.3325161165960715,1.5649275222394183,0.8219996173193435,0,LCST,1,0,0,23.54368687754927
6c1ee139b58e6ab0,88,86,1.041392685158225,0.7781512503836435,-7.8145941632435925,-3.9635630005501827,-2.3521157241748476,1.9956289013525184,-1.997621350005787,-1.7407029152928297,-1.8081407050202234,2.328220226087466,-1.8072461527782917,-2.0157761659112476,-0.7875043280835059,-2.0654608774659753,-0.7742679751297369,-2.708152120688246,-2.612283326223875,-1.5402402562891409,1.414973347970818,18.3933364526817,-11.130069618621832,3.4585054402738384,2.4652266697923135,3.1814510370739066,2.9520871940174382,-0.2737537220377334,2.3452662986791832,-1.5786722053222262,-0.5948790906682908,1.2523224719278718,-0.31155668538485193,0.9884501504180907,-2.3325161165960715,1.5649275222394183,0.8219996173193435,0,LCST,1,0,0,19.871484143349655
e87c052f7898a513,88,86,1.041392685158225,0.7781512503836435,-7.8145941632435925,-3.9635630005501827,-2.3521157241748476,1.9956289013525184,-1.997621350005787,-1.7407029152928297,-1.8081407050202234,2.328220226087466,-1.8072461527782917,-2.0157761659112476,-0.7875043280835059,-2.0654608774659753,-0.7742679751297369,-2.708152120688246,-2.612283326223875,-1.5402402562891409,1.7075701760979363,18.3933364526817,-11.130069618621832,3.4585054402738384,2.4652266697923135,3.1814510370739066,2.9520871940174382,-0.2737537220377334,2.3452662986791832,-1.5786722053222262,-0.5948790906682908,1.2523224719278718,-0.31155668538485193,0.9884501504180907,-2.3325161165960715,1.5649275222394183,0.8219996173193435,0,LCST,1,0,0,20.1040524966484
2e3c2e93caee71eb,88,86,1.041392685158225,0.7781512503836435,-7.8145941632435925,-3.9635630005501827,-2.3521157241748476,1.9956289013525184,-1.997621350005787,-1.7407029152928297,-1.8081407050202234,2.328220226087466,-1.8072461527782917,-2.0157761659112476,-0.7875043280835059,-2.0654608774659753,-0.7742679751297369,-2.708152120688246,-2.612283326223875,-1.5402402562891409,0,0,0,0,0,0,0,0,0,0,0,0,0,0,0,0,0,0,LCST,1,0,0,23.564547428621992
1af0d1fd26526167,88,86,1.041392685158225,1.041392685158225,-7.8145941632435925,-3.9635630005501827,-2.3521157241748476,1.9956289013525184,-1.997621350005787,-1.7407029152928297,-1.8081407050202234,2.328220226087466,-1.8072461527782917,-2.0157761659112476,-0.7875043280835059,-2.0654608774659753,-0.7742679751297369,-2.708152120688246,-2.612283326223875,-1.5402402562891409,1.041392685158225,-7.847000468143248,-0.8397134591346669,8.120370506137512,1.7935698545771155,-1.7921363124167458,-0.04817594596969066,0.6452701911461499,0.4800703678423419,0.17166122805917294,-1.7866489926608367,-0.10556751427437083,-1.2449260073996045,-1.9944009938663847,0.3924954358470437,0.6194773289479572,1.2100458323095438,0,LCST,1,0,0,53.13910510264464
b555a6d548961f2c,88,86,1.041392685158225,1.041392685158225,-7.8145941632435925,-3.9635630005501827,-2.3521157241748476,1.9956289013525184,-1.997621350005787,-1.7407029152928297,-1.8081407050202234,2.328220226087466,-1.8072461527782917,-2.0157761659112476,-0.7875043280835059,-2.0654608774659753,-0.7742679751297369,-2.708152120688246,-2.612283326223875,-1.5402402562891409,1.7075701760979363,-7.847000468143248,-0.8397134591346669,8.120370506137512,1.7935698545771155,-1.7921363124167458,-0.04817594596969066,0.6452701911461499,0.4800703678423419,0.17166122805917294,-1.7866489926608367,-0.10556751427437083,-1.2449260073996045,-1.9944009938663847,0.3924954358470437,0.6194773289479572,1.2100458323095438,0,LCST,1,0,0,22.81207416245408
37bf913bd0d956cb,88,86,1.041392685158225,1.041392685158225,-7.8145941632435925,-3.9635630005501827,-2.3521157241748476,1.9956289013525184,-1.997621350005787,-1.7407029152928297,-1.8081407050202234,2.328220226087466,-1.8072461527782917,-2.0157761659112476,-0.7875043280835059,-2.0654608774659753,-0.7742679751297369,-2.708152120688246,-2.612283326223875,-1.5402402562891409,0.30102999566398114,18.3933364526817,-11.130069618621832,3.4585054402738384,2.4652266697923135,3.1814510370739066,2.9520871940174382,-0.2737537220377334,2.3452662986791832,-1.5786722053222262,-0.5948790906682908,1.2523224719278718,-0.31155668538485193,0.9884501504180907,-2.3325161165960715,1.5649275222394183,0.8219996173193435,0,NONE,0,0,1,
4b9d0de21fad024e,88,86,1.041392685158225,1.041392685158225,-7.8145941632435925,-3.9635630005501827,-2.3521157241748476,1.9956289013525184,-1.997621350005787,-1.7407029152928297,-1.8081407050202234,2.328220226087466,-1.8072461527782917,-2.0157761659112476,-0.7875043280835059,-2.0654608774659753,-0.7742679751297369,-2.708152120688246,-2.612283326223875,-1.5402402562891409,0.7781512503836435,18.3933364526817,-11.130069618621832,3.4585054402738384,2.4652266697923135,3.1814510370739066,2.9520871940174382,-0.2737537220377334,2.3452662986791832,-1.5786722053222262,-0.5948790906682908,1.2523224719278718,-0.31155668538485193,0.9884501504180907,-2.3325161165960715,1.5649275222394183,0.8219996173193435,0,LCST,1,0,0,36.456374570158665
ccb5e58f7a101db2,88,86,1.041392685158225,1.041392685158225,-7.8145941632435925,-3.9635630005501827,-2.3521157241748476,1.9956289013525184,-1.997621350005787,-1.7407029152928297,-1.8081407050202234,2.328220226087466,-1.8072461527782917,-2.0157761659112476,-0.7875043280835059,-2.0654608774659753,-0.7742679751297369,-2.708152120688246,-2.612283326223875,-1.5402402562891409,1.041392685158225,18.3933364526817,-11.130069618621832,3.4585054402738384,2.4652266697923135,3.1814510370739066,2.9520871940174382,-0.2737537220377334,2.3452662986791832,-1.5786722053222262,-0.5948790906682908,1.2523224719278718,-0.31155668538485193,0.9884501504180907,-2.3325161165960715,1.5649275222394183,0.8219996173193435,0,LCST,1,0,0,28.87469787331992
cc3c9a1d4e9ae1ed,88,86,1.041392685158225,1.041392685158225,-7.8145941632435925,-3.9635630005501827,-2.3521157241748476,1.9956289013525184,-1.997621350005787,-1.7407029152928297,-1.8081407050202234,2.328220226087466,-1.8072461527782917,-2.0157761659112476,-0.7875043280835059,-2.0654608774659753,-0.7742679751297369,-2.708152120688246,-2.612283326223875,-1.5402402562891409,1.322219294733919,18.3933364526817,-11.130069618621832,3.4585054402738384,2.4652266697923135,3.1814510370739066,2.9520871940174382,-0.2737537220377334,2.3452662986791832,-1.5786722053222262,-0.5948790906682908,1.2523224719278718,-0.31155668538485193,0.9884501504180907,-2.3325161165960715,1.5649275222394183,0.8219996173193435,0,MIXED,0.6,0,0.4,27.097762111411225
d5695c21c4c95223,88,86,1.041392685158225,1.041392685158225,-7.8145941632435925,-3.9635630005501827,-2.3521157241748476,1.9956289013525184,-1.997621350005787,-1.7407029152928297,-1.8081407050202234,2.328220226087466,-1.8072461527782917,-2.0157761659112476,-0.7875043280835059,-2.0654608774659753,-0.7742679751297369,-2.708152120688246,-2.612283326223875,-1.5402402562891409,1.414973347970818,18.3933364526817,-11.130069618621832,3.4585054402738384,2.4652266697923135,3.1814510370739066,2.9520871940174382,-0.2737537220377334,2.3452662986791832,-1.5786722053222262,-0.5948790906682908,1.2523224719278718,-0.31155668538485193,0.9884501504180907,-2.3325161165960715,1.5649275222394183,0.8219996173193435,0,LCST,1,0,0,21.78715984738052
204aca55790436a0,88,86,1.041392685158225,1.041392685158225,-7.8145941632435925,-3.9635630005501827,-2.3521157241748476,1.9956289013525184,-1.997621350005787,-1.7407029152928297,-1.8081407050202234,2.328220226087466,-1.8072461527782917,-2.0157761659112476,-0.7875043280835059,-2.0654608774659753,-0.7742679751297369,-2.708152120688246,-2.612283326223875,-1.5402402562891409,1.7075701760979363,18.3933364526817,-11.130069618621832,3.4585054402738384,2.4652266697923135,3.1814510370739066,2.9520871940174382,-0.2737537220377334,2.3452662986791832,-1.5786722053222262,-0.5948790906682908,1.2523224719278718,-0.31155668538485193,0.9884501504180907,-2.3325161165960715,1.5649275222394183,0.8219996173193435,0,LCST,1,0,0,21.61853303162426
e6c7617842e38786,88,86,1.041392685158225,1.041392685158225,-7.8145941632435925,-3.9635630005501827,-2.3521157241748476,1.9956289013525184,-1.997621350005787,-1.7407029152928297,-1.8081407050202234,2.328220226087466,-1.8072461527782917,-2.0157761659112476,-0.7875043280835059,-2.0654608774659753,-0.7742679751297369,-2.708152120688246,-2.612283326223875,-1.5402402562891409,0,0,0,0,0,0,0,0,0,0,0,0,0,0,0,0,0,0,MIXED,0.2,0,0.8,31.954935512705912
c165d4756a094d3d,88,86,1.041392685158225,1.322219294733919,-7.8145941632435925,-3.9635630005501827,-2.3521157241748476,1.9956289013525184,-1.997621350005787,-1.7407029152928297,-1.8081407050202234,2.328220226087466,-1.8072461527782917,-2.0157761659112476,-0.7875043280835059,-2.0654608774659753,-0.7742679751297369,-2.708152120688246,-2.612283326223875,-1.5402402562891409,1.041392685158225,-7.847000468143248,-0.8397134591346669,8.120370506137512,1.7935698545771155,-1.7921363124167458,-0.04817594596969066,0.6452701911461499,0.4800703678423419,0.17166122805917294,-1.7866489926608367,-0.10556751427437083,-1.2449260073996045,-1.9944009938663847,0.3924954358470437,0.6194773289479572,1.2100458323095438,0,NONE,0,0,1,
40738c7855ae4de7,88,86,1.041392685158225,1.322219294733919,-7.8145941632435925,-3.9635630005501827,-2.3521157241748476,1.9956289013525184,-1.997621350005787,-1.7407029152928297,-1.8081407050202234,2.328220226087466,-1.8072461527782917,-2.0157761659112476,-0.7875043280835059,-2.0654608774659753,-0.7742679751297369,-2.708152120688246,-2.612283326223875,-1.5402402562891409,1.7075701760979363,-7.847000468143248,-0.8397134591346669,8.120370506137512,1.7935698545771155,-1.7921363124167458,-0.04817594596969066,0.6452701911461499,0.4800703678423419,0.17166122805917294,-1.7866489926608367,-0.10556751427437083,-1.2449260073996045,-1.9944009938663847,0.3924954358470437,0.6194773289479572,1.2100458323095438,0,NONE,0,0,1,
b8a069be3262cfd8,88,86,1.041392685158225,1.322219294733919,-7.8145941632435925,-3.9635630005501827,-2.3521157241748476,1.9956289013525184,-1.997621350005787,-1.7407029152928297,-1.8081407050202234,2.328220226087466,-1.8072461527782917,-2.0157761659112476,-0.7875043280835059,-2.0654608774659753,-0.7742679751297369,-2.708152120688246,-2.612283326223875,-1.5402402562891409,0.30102999566398114,18.3933364526817,-11.130069618621832,3.4585054402738384,2.4652266697923135,3.1814510370739066,2.9520871940174382,-0.2737537220377334,2.3452662986791832,-1.5786722053222262,-0.5948790906682908,1.2523224719278718,-0.31155668538485193,0.9884501504180907,-2.3325161165960715,1.5649275222394183,0.8219996173193435,0,NONE,0,0,1,
97322175c3004d0a,88,86,1.041392685158225,1.322219294733919,-7.8145941632435925,-3.9635630005501827,-2.3521157241748476,1.9956289013525184,-1.997621350005787,-1.7407029152928297,-1.8081407050202234,2.328220226087466,-1.8072461527782917,-2.0157761659112476,-0.7875043280835059,-2.0654608774659753,-0.7742679751297369,-2.708152120688246,-2.612283326223875,-1.5402402562891409,0.7781512503836435,18.3933364526817,-11.130069618621832,3.4585054402738384,2.4652266697923135,3.1814510370739066,2.9520871940174382,-0.2737537220377334,2.3452662986791832,-1.5786722053222262,-0.5948790906682908,1.2523224719278718,-0.31155668538485193,0.9884501504180907,-2.3325161165960715,1.5649275222394183,0.8219996173193435,0,MIXED,0.3333333333333333,0,0.6666666666666666,13.430087556381004
0e310fca811148a2,88,86,1.041392685158225,1.322219294733919,-7.8145941632435925,-3.9635630005501827,-2.3521157241748476,1.9956289013525184,-1.997621350005787,-1.7407029152928297,-1.8081407050202234,2.328220226087466,-1.8072461527782917,-2.0157761659112476,-0.7875043280835059,-2.0654608774659753,-0.7742679751297369,-2.708152120688246,-2.612283326223875,-1.5402402562891409,1.041392685158225,18.3933364526817,-11.130069618621832,3.4585054402738384,2.4652266697923135,3.1814510370739066,2.9520871940174382,-0.2737537220377334,2.3452662986791832,-1.5786722053222262,-0.5948790906682908,1.2523224719278718,-0.31155668538485193,0.9884501504180907,-2.3325161165960715,1.5649275222394183,0.8219996173193435,0,MIXED,0.5,0,0.5,32.526108216426216
45924851e1bfd71a,88,86,1.041392685158225,1.322219294733919,-7.8145941632435925,-3.9635630005501827,-2.3521157241748476,1.9956289013525184,-1.997621350005787,-1.7407029152928297,-1.8081407050202234,2.328220226087466,-1.8072461527782917,-2.0157761659112476,-0.7875043280835059,-2.0654608774659753,-0.7742679751297369,-2.708152120688246,-2.612283326223875,-1.5402402562891409,1.322219294733919,18.3933364526817,-11.130069618621832,3.4585054402738384,2.4652266697923135,3.1814510370739066,2.9520871940174382,-0.2737537220377334,2.3452662986791832,-1.5786722053222262,-0.5948790906682908,1.2523224719278718,-0.31155668538485193,0.9884501504180907,-2.3325161165960715,1.5649275222394183,0.8219996173193435,0,MIXED,0,0.2,0.8,
2f4f51c2afd6ae92,88,86,1.041392685158225,1.322219294733919,-7.8145941632435925,-3.9635630005501827,-2.3521157241748476,1.9956289013525184,-1.997621350005787,-1.7407029152928297,-1.8081407050202234,2.328220226087466,-1.8072461527782917,-2.0157761659112476,-0.7875043280835059,-2.0654608774659753,-0.7742679751297369,-2.708152120688246,-2.612283326223875,-1.5402402562891409,1.414973347970818,18.3933364526817,-11.130069618621832,3.4585054402738384,2.4652266697923135,3.1814510370739066,2.9520871940174382,-0.2737537220377334,2.3452662986791832,-1.5786722053222262,-0.5948790906682908,1.2523224719278718,-0.31155668538485193,0.9884501504180907,-2.3325161165960715,1.5649275222394183,0.8219996173193435,0,MIXED,0.5,0,0.5,27.351836370729533
ba1f03d270238848,88,86,1.041392685158225,1.322219294733919,-7.8145941632435925,-3.9635630005501827,-2.3521157241748476,1.9956289013525184,-1.997621350005787,-1.7407029152928297,-1.8081407050202234,2.328220226087466,-1.8072461527782917,-2.0157761659112476,-0.7875043280835059,-2.0654608774659753,-0.7742679751297369,-2.708152120688246,-2.612283326223875,-1.5402402562891409,1.7075701760979363,18.3933364526817,-11.130069618621832,3.4585054402738384,2.4652266697923135,3.1814510370739066,2.9520871940174382,-0.2737537220377334,2.3452662986791832,-1.5786722053222262,-0.5948790906682908,1.2523224719278718,-0.31155668538485193,0.9884501504180907,-2.3325161165960715,1.5649275222394183,0.8219996173193435,0,UCST,0,1,0,
78988e1279f4bef6,88,86,1.041392685158225,1.322219294733919,-7.8145941632435925,-3.9635630005501827,-2.3521157241748476,1.9956289013525184,-1.997621350005787,-1.7407029152928297,-1.8081407050202234,2.328220226087466,-1.8072461527782917,-2.0157761659112476,-0.7875043280835059,-2.0654608774659753,-0.7742679751297369,-2.708152120688246,-2.612283326223875,-1.5402402562891409,0,0,0,0,0,0,0,0,0,0,0,0,0,0,0,0,0,0,MIXED,0.5,0.5,0,18.666360294117645
8fc679e26b32ec6b,88,86,1.041392685158225,1.7075701760979363,-7.8145941632435925,-3.9635630005501827,-2.3521157241748476,1.9956289013525184,-1.997621350005787,-1.7407029152928297,-1.8081407050202234,2.328220226087466,-1.8072461527782917,-2.0157761659112476,-0.7875043280835059,-2.0654608774659753,-0.7742679751297369,-2.708152120688246,-2.612283326223875,-1.5402402562891409,1.041392685158225,-7.847000468143248,-0.8397134591346669,8.120370506137512,1.7935698545771155,-1.7921363124167458,-0.04817594596969066,0.6452701911461499,0.4800703678423419,0.17166122805917294,-1.7866489926608367,-0.10556751427437083,-1.2449260073996045,-1.9944009938663847,0.3924954358470437,0.6194773289479572,1.2100458323095438,0,NONE,0,0,1,
d171d2207a4e269c,88,86,1.041392685158225,1.7075701760979363,-7.8145941632435925,-3.9635630005501827,-2.3521157241748476,1.9956289013525184,-1.997621350005787,-1.7407029152928297,-1.8081407050202234,2.328220226087466,-1.8072461527782917,-2.0157761659112476,-0.7875043280835059,-2.0654608774659753,-0.7742679751297369,-2.708152120688246,-2.612283326223875,-1.5402402562891409,1.7075701760979363,-7.847000468143248,-0.8397134591346669,8.120370506137512,1.7935698545771155,-1.7921363124167458,-0.04817594596969066,0.6452701911461499,0.4800703678423419,0.17166122805917294,-1.7866489926608367,-0.10556751427437083,-1.2449260073996045,-1.9944009938663847,0.3924954358470437,0.6194773289479572,1.2100458323095438,0,NONE,0,0,1,
71623f4c937de450,88,86,1.041392685158225,1.7075701760979363,-7.8145941632435925,-3.9635630005501827,-2.3521157241748476,1.9956289013525184,-1.997621350005787,-1.7407029152928297,-1.8081407050202234,2.328220226087466,-1.8072461527782917,-2.0157761659112476,-0.7875043280835059,-2.0654608774659753,-0.7742679751297369,-2.708152120688246,-2.612283326223875,-1.5402402562891409,0.30102999566398114,18.3933364526817,-11.130069618621832,3.4585054402738384,2.4652266697923135,3.1814510370739066,2.9520871940174382,-0.2737537220377334,2.3452662986791832,-1.5786722053222262,-0.5948790906682908,1.2523224719278718,-0.31155668538485193,0.9884501504180907,-2.3325161165960715,1.5649275222394183,0.8219996173193435,0,UCST,0,1,0,
92b76296fd38cb26,88,86,1.041392685158225,1.7075701760979363,-7.8145941632435925,-3.9635630005501827,-2.3521157241748476,1.9956289013525184,-1.997621350005787,-1.7407029152928297,-1.8081407050202234,2.328220226087466,-1.8072461527782917,-2.0157761659112476,-0.7875043280835059,-2.0654608774659753,-0.7742679751297369,-2.708152120688246,-2.612283326223875,-1.5402402562891409,0.7781512503836435,18.3933364526817,-11.130069618621832,3.4585054402738384,2.4652266697923135,3.1814510370739066,2.9520871940174382,-0.2737537220377334,2.3452662986791832,-1.5786722053222262,-0.5948790906682908,1.2523224719278718,-0.31155668538485193,0.9884501504180907,-2.3325161165960715,1.5649275222394183,0.8219996173193435,0,MIXED,0,0.3333333333333333,0.6666666666666666,
5856cc214fe4bca0,88,86,1.041392685158225,1.7075701760979363,-7.8145941632435925,-3.9635630005501827,-2.3521157241748476,1.9956289013525184,-1.997621350005787,-1.7407029152928297,-1.8081407050202234,2.328220226087466,-1.8072461527782917,-2.0157761659112476,-0.7875043280835059,-2.0654608774659753,-0.7742679751297369,-2.708152120688246,-2.612283326223875,-1.5402402562891409,1.041392685158225,18.3933364526817,-11.130069618621832,3.4585054402738384,2.4652266697923135,3.1814510370739066,2.9520871940174382,-0.2737537220377334,2.3452662986791832,-1.5786722053222262,-0.5948790906682908,1.2523224719278718,-0.31155668538485193,0.9884501504180907,-2.3325161165960715,1.5649275222394183,0.8219996173193435,0,MIXED,0.16666666666666666,0,0.8333333333333334,20.232147734381197
aa662c3f18c2800c,88,86,1.041392685158225,1.7075701760979363,-7.8145941632435925,-3.9635630005501827,-2.3521157241748476,1.9956289013525184,-1.997621350005787,-1.7407029152928297,-1.8081407050202234,2.328220226087466,-1.8072461527782917,-2.0157761659112476,-0.7875043280835059,-2.0654608774659753,-0.7742679751297369,-2.708152120688246,-2.612283326223875,-1.5402402562891409,1.322219294733919,18.3933364526817,-11.130069618621832,3.4585054402738384,2.4652266697923135,3.1814510370739066,2.9520871940174382,-0.2737537220377334,2.3452662986791832,-1.5786722053222262,-0.5948790906682908,1.2523224719278718,-0.31155668538485193,0.9884501504180907,-2.3325161165960715,1.5649275222394183,0.8219996173193435,0,MIXED,0,0.2,0.8,
4f02f5b8732b8604,88,86,1.041392685158225,1.7075701760979363,-7.8145941632435925,-3.9635630005501827,-2.3521157241748476,1.9956289013525184,-1.997621350005787,-1.7407029152928297,-1.8081407050202234,2.328220226087466,-1.8072461527782917,-2.0157761659112476,-0.7875043280835059,-2.0654608774659753,-0.7742679751297369,-2.708152120688246,-2.612283326223875,-1.5402402562891409,1.414973347970818,18.3933364526817,-11.130069618621832,3.4585054402738384,2.4652266697923135,3.1814510370739066,2.9520871940174382,-0.2737537220377334,2.3452662986791832,-1.5786722053222262,-0.5948790906682908,1.2523224719278718,-0.31155668538485193,0.9884501504180907,-2.3325161165960715,1.5649275222394183,0.8219996173193435,0,NONE,0,0,1,
3385662f3fe2c5e8,88,86,1.041392685158225,1.7075701760979363,-7.8145941632435925,-3.9635630005501827,-2.3521157241748476,1.9956289013525184,-1.997621350005787,-1.7407029152928297,-1.8081407050202234,2.328220226087466,-1.8072461527782917,-2.0157761659112476,-0.7875043280835059,-2.0654608774659753,-0.7742679751297369,-2.708152120688246,-2.612283326223875,-1.5402402562891409,1.7075701760979363,18.3933364526817,-11.130069618621832,3.4585054402738384,2.4652266697923135,3.1814510370739066,2.9520871940174382,-0.2737537220377334,2.3452662986791832,-1.5786722053222262,-0.5948790906682908,1.2523224719278718,-0.31155668538485193,0.9884501504180907,-2.3325161165960715,1.5649275222394183,0.8219996173193435,0,UCST,0,1,0,
f1ae3b698ca46d53,88,86,1.041392685158225,1.7075701760979363,-7.8145941632435925,-3.9635630005501827,-2.3521157241748476,1.9956289013525184,-1.997621350005787,-1.7407029152928297,-1.8081407050202234,2.328220226087466,-1.8072461527782917,-2.0157761659112476,-0.7875043280835059,-2.0654608774659753,-0.7742679751297369,-2.708152120688246,-2.612283326223875,-1.5402402562891409,0,0,0,0,0,0,0,0,0,0,0,0,0,0,0,0,0,0,UCST,0,1,0,
fe7cca3758bcd127,88,86,1.041392685158225,2.0043213737826426,-7.8145941632435925,-3.9635630005501827,-2.3521157241748476,1.9956289013525184,-1.997621350005787,-1.7407029152928297,-1.8081407050202234,2.328220226087466,-1.8072461527782917,-2.0157761659112476,-0.7875043280835059,-2.0654608774659753,-0.7742679751297369,-2.708152120688246,-2.612283326223875,-1.5402402562891409,1.041392685158225,-7.847000468143248,-0.8397134591346669,8.120370506137512,1.7935698545771155,-1.7921363124167458,-0.04817594596969066,0.6452701911461499,0.4800703678423419,0.17166122805917294,-1.7866489926608367,-0.10556751427437083,-1.2449260073996045,-1.9944009938663847,0.3924954358470437,0.6194773289479572,1.2100458323095438,0,UCST,0,1,0,
3f80fb8865e27299,88,86,1.041392685158225,2.0043213737826426,-7.8145941632435925,-3.9635630005501827,-2.3521157241748476,1.9956289013525184,-1.997621350005787,-1.7407029152928297,-1.8081407050202234,2.328220226087466,-1.8072461527782917,-2.0157761659112476,-0.7875043280835059,-2.0654608774659753,-0.7742679751297369,-2.708152120688246,-2.612283326223875,-1.5402402562891409,1.7075701760979363,-7.847000468143248,-0.8397134591346669,8.120370506137512,1.7935698545771155,-1.7921363124167458,-0.04817594596969066,0.6452701911461499,0.4800703678423419,0.17166122805917294,-1.7866489926608367,-0.10556751427437083,-1.2449260073996045,-1.9944009938663847,0.3924954358470437,0.6194773289479572,1.2100458323095438,0,UCST,0,1,0,
1198cdd0ee3e3455,88,86,1.041392685158225,2.0043213737826426,-7.8145941632435925,-3.9635630005501827,-2.3521157241748476,1.9956289013525184,-1.997621350005787,-1.7407029152928297,-1.8081407050202234,2.328220226087466,-1.8072461527782917,-2.0157761659112476,-0.7875043280835059,-2.0654608774659753,-0.7742679751297369,-2.708152120688246,-2.612283326223875,-1.5402402562891409,0.30102999566398114,18.3933364526817,-11.130069618621832,3.4585054402738384,2.4652266697923135,3.1814510370739066,2.9520871940174382,-0.2737537220377334,2.3452662986791832,-1.5786722053222262,-0.5948790906682908,1.2523224719278718,-0.31155668538485193,0.9884501504180907,-2.3325161165960715,1.5649275222394183,0.8219996173193435,0,UCST,0,1,0,
0a5e974e856967c1,88,86,1.041392685158225,2.0043213737826426,-7.8145941632435925,-3.9635630005501827,-2.3521157241748476,1.9956289013525184,-1.997621350005787,-1.7407029152928297,-1.8081407050202234,2.328220226087466,-1.8072461527782917,-2.0157761659112476,-0.7875043280835059,-2.0654608774659753,-0.7742679751297369,-2.708152120688246,-2.612283326223875,-1.5402402562891409,0.7781512503836435,18.3933364526817,-11.130069618621832,3.4585054402738384,2.4652266697923135,3.1814510370739066,2.9520871940174382,-0.2737537220377334,2.3452662986791832,-1.5786722053222262,-0.5948790906682908,1.2523224719278718,-0.31155668538485193,0.9884501504180907,-2.3325161165960715,1.5649275222394183,0.8219996173193435,0,UCST,0,1,0,
e88142dffa5fe005,88,86,1.041392685158225,2.0043213737826426,-7.8145941632435925,-3.9635630005501827,-2.3521157241748476,1.9956289013525184,-1.997621350005787,-1.7407029152928297,-1.8081407050202234,2.328220226087466,-1.8072461527782917,-2.0157761659112476,-0.7875043280835059,-2.0654608774659753,-0.7742679751297369,-2.708152120688246,-2.612283326223875,-1.5402402562891409,1.041392685158225,18.3933364526817,-11.130069618621832,3.4585054402738384,2.4652266697923135,3.1814510370739066,2.9520871940174382,-0.2737537220377334,2.3452662986791832,-1.5786722053222262,-0.5948790906682908,1.2523224719278718,-0.31155668538485193,0.9884501504180907,-2.3325161165960715,1.5649275222394183,0.8219996173193435,0,MIXED,0.16666666666666666,0.3333333333333333,0.5,21
5f256cc47528b251,88,86,1.041392685158225,2.0043213737826426,-7.8145941632435925,-3.9635630005501827,-2.3521157241748476,1.9956289013525184,-1.997621350005787,-1.7407029152928297,-1.8081407050202234,2.328220226087466,-1.8072461527782917,-2.0157761659112476,-0.7875043280835059,-2.0654608774659753,-0.7742679751297369,-2.708152120688246,-2.612283326223875,-1.5402402562891409,1.322219294733919,18.3933364526817,-11.130069618621832,3.4585054402738384,2.4652266697923135,3.1814510370739066,2.9520871940174382,-0.2737537220377334,2.3452662986791832,-1.5786722053222262,-0.5948790906682908,1.2523224719278718,-0.31155668538485193,0.9884501504180907,-2.3325161165960715,1.5649275222394183,0.8219996173193435,0,MIXED,0,0.6,0.4,
645af44957c6f130,88,86,1.041392685158225,2.0043213737826426,-7.8145941632435925,-3.9635630005501827,-2.3521157241748476,1.9956289013525184,-1.997621350005787,-1.7407029152928297,-1.8081407050202234,2.328220226087466,-1.8072461527782917,-2.0157761659112476,-0.7875043280835059,-2.0654608774659753,-0.7742679751297369,-2.708152120688246,-2.612283326223875,-1.5402402562891409,1.414973347970818,18.3933364526817,-11.130069618621832,3.4585054402738384,2.4652266697923135,3.1814510370739066,2.9520871940174382,-0.2737537220377334,2.3452662986791832,-1.5786722053222262,-0.5948790906682908,1.2523224719278718,-0.31155668538485193,0.9884501504180907,-2.3325161165960715,1.5649275222394183,0.8219996173193435,0,UCST,0,1,0,
5cc81a49f8eab3e6,88,86,1.041392685158225,2.0043213737826426,-7.8145941632435925,-3.9635630005501827,-2.3521157241748476,1.9956289013525184,-1.997621350005787,-1.7407029152928297,-1.8081407050202234,2.328220226087466,-1.8072461527782917,-2.0157761659112476,-0.7875043280835059,-2.0654608774659753,-0.7742679751297369,-2.708152120688246,-2.612283326223875,-1.5402402562891409,1.7075701760979363,18.3933364526817,-11.130069618621832,3.4585054402738384,2.4652266697923135,3.1814510370739066,2.9520871940174382,-0.2737537220377334,2.3452662986791832,-1.5786722053222262,-0.5948790906682908,1.2523224719278718,-0.31155668538485193,0.9884501504180907,-2.3325161165960715,1.5649275222394183,0.8219996173193435,0,UCST,0,1,0,
c88267bb2e216af2,88,86,1.041392685158225,2.0043213737826426,-7.8145941632435925,-3.9635630005501827,-2.3521157241748476,1.9956289013525184,-1.997621350005787,-1.7407029152928297,-1.8081407050202234,2.328220226087466,-1.8072461527782917,-2.0157761659112476,-0.7875043280835059,-2.0654608774659753,-0.7742679751297369,-2.708152120688246,-2.612283326223875,-1.5402402562891409,0,0,0,0,0,0,0,0,0,0,0,0,0,0,0,0,0,0,MIXED,0,0.4,0.6,
8ed41782640c2298,88,86,1.041392685158225,0.041392685158225036,-5.997670127070119,-10.339755956233766,-10.823897832288274,0.5420876388940874,-2.0060913645877188,1.6238651196196114,-0.7123641952512402,-1.8542020633227587,3.0560287405426374,0.4116742618953433,5.336422099674927,-0.5412297275902689,-0.27654533655721125,0.7811373487465116,-0.29845770720246545,0.40766417527507626,0,0,0,0,0,0,0,0,0,0,0,0,0,0,0,0,0,0,LCST,1,0,0,19.666935502011697
610f832f9344006d,88,86,1.041392685158225,0.30102999566398114,-5.997670127070119,-10.339755956233766,-10.823897832288274,0.5420876388940874,-2.0060913645877188,1.6238651196196114,-0.7123641952512402,-1.8542020633227587,3.0560287405426374,0.4116742618953433,5.336422099674927,-0.5412297275902689,-0.27654533655721125,0.7811373487465116,-0.29845770720246545,0.40766417527507626,0,0,0,0,0,0,0,0,0,0,0,0,0,0,0,0,0,0,LCST,1,0,0,20.272716071273653
6e013fc09deb86ea,88,86,1.041392685158225,1.041392685158225,-5.997670127070119,-10.339755956233766,-10.823897832288274,0.5420876388940874,-2.0060913645877188,1.6238651196196114,-0.7123641952512402,-1.8542020633227587,3.0560287405426374,0.4116742618953433,5.336422099674927,-0.5412297275902689,-0.27654533655721125,0.7811373487465116,-0.29845770720246545,0.40766417527507626,0,0,0,0,0,0,0,0,0,0,0,0,0,0,0,0,0,0,NONE,0,0,1,
2c5c7cd3194c9259,88,86,1.041392685158225,1.7075701760979363,-5.997670127070119,-10.339755956233766,-10.823897832288274,0.5420876388940874,-2.0060913645877188,1.6238651196196114,-0.7123641952512402,-1.8542020633227587,3.0560287405426374,0.4116742618953433,5.336422099674927,-0.5412297275902689,-0.27654533655721125,0.7811373487465116,-0.29845770720246545,0.40766417527507626,0,0,0,0,0,0,0,0,0,0,0,0,0,0,0,0,0,0,NONE,0,0,1,
897e59f7e2ae1df6,88,86,1.322219294733919,0,0,0,0,0,0,0,0,0,0,0,0,0,0,0,0,0,0,0,0,0,0,0,0,0,0,0,0,0,0,0,0,0,0,1,LCST,1,0,0,27.10263382
c103aa9b0591b065,88,86,1.322219294733919,0,0,0,0,0,0,0,0,0,0,0,0,0,0,0,0,0,0,0,0,0,0,0,0,0,0,0,0,0,0,0,0,0,0,0,LCST,1,0,0,21.50554916
3e4ab9ad7894673f,88,86,1.4913616938342726,0,0,0,0,0,0,0,0,0,0,0,0,0,0,0,0,0,0,0,0,0,0,0,0,0,0,0,0,0,0,0,0,0,0,1,LCST,1,0,0,26.95803742
9e9494f3fe1564ef,88,86,1.4913616938342726,0,0,0,0,0,0,0,0,0,0,0,0,0,0,0,0,0,0,0,0,0,0,0,0,0,0,0,0,0,0,0,0,0,0,0,LCST,1,0,0,21.9632216075
123ca19b5c09fae0,88,86,1.6127838567197355,0,0,0,0,0,0,0,0,0,0,0,0,0,0,0,0,0,0,0,0,0,0,0,0,0,0,0,0,0,0,0,0,0,0,1,LCST,1,0,0,26.91987706
f54b4a8369c4904c,88,86,1.6127838567197355,0,0,0,0,0,0,0,0,0,0,0,0,0,0,0,0,0,0,0,0,0,0,0,0,0,0,0,0,0,0,0,0,0,0,0,LCST,1,0,0,18.80335532
c67f9c483355a6d3,88,86,1.7075701760979363,0,0,0,0,0,0,0,0,0,0,0,0,0,0,0,0,0,0,0,0,0,0,0,0,0,0,0,0,0,0,0,0,0,0,1,LCST,1,0,0,26.95619594
cb54728b9035f0c9,88,86,1.7075701760979363,0,0,0,0,0,0,0,0,0,0,0,0,0,0,0,0,0,0,0,0,0,0,0,0,0,0,0,0,0,0,0,0,0,0,0,LCST,1,0,0,21.696772515
936e5ce3513520e2,88,86,2.0043213737826426,0,0,0,0,0,0,0,0,0,0,0,0,0,0,0,0,0,0,0,0,0,0,0,0,0,0,0,0,0,0,0,0,0,0,0,LCST,1,0,0,23.96666666666667
f845cb50b1162666,70,250,0.041392685158225036,0,0,0,0,0,0,0,0,0,0,0,0,0,0,0,0,0,0,0,0,0,0,0,0,0,0,0,0,0,0,0,0,0,0,0,LCST,1,0,0,41.833333333333336
9d1a7a62f2f0ce31,70,250,0.17609125905568124,0,0,0,0,0,0,0,0,0,0,0,0,0,0,0,0,0,0,0,0,0,0,0,0,0,0,0,0,0,0,0,0,0,0,0,LCST,1,0,0,37.5
129bebc5e9abb338,70,250,0.30102999566398114,0.041392685158225036,-1.3670533020138635,-3.5285249314275076,-4.380120329794209,-2.274239945800719,-1.6176085964671514,7.037075971482818,2.953720316730639,-4.733687565175484,0.46204313229975913,0.12828014721772432,-4.713938549598462,-1.1830939684856485,0.38283630172783367,-0.5077968362344959,0.11703102977370028,-0.0611814778949622,0,0,0,0,0,0,0,0,0,0,0,0,0,0,0,0,0,0,LCST,1,0,0,34.68
07b3953ac7104c97,70,250,0.30102999566398114,0.30102999566398114,-1.3670533020138635,-3.5285249314275076,-4.380120329794209,-2.274239945800719,-1.6176085964671514,7.037075971482818,2.953720316730639,-4.733687565175484,0.46204313229975913,0.12828014721772432,-4.713938549598462,-1.1830939684856485,0.38283630172783367,-0.5077968362344959,0.11703102977370028,-0.0611814778949622,0,0,0,0,0,0,0,0,0,0,0,0,0,0,0,0,0,0,LCST,1,0,0,34.54
821e2a3f3184d1a7,70,250,0.30102999566398114,1.041392685158225,-1.3670533020138635,-3.5285249314275076,-4.380120329794209,-2.274239945800719,-1.6176085964671514,7.037075971482818,2.953720316730639,-4.733687565175484,0.46204313229975913,0.12828014721772432,-4.713938549598462,-1.1830939684856485,0.38283630172783367,-0.5077968362344959,0.11703102977370028,-0.0611814778949622,0,0,0,0,0,0,0,0,0,0,0,0,0,0,0,0,0,0,LCST,1,0,0,35.38
f220c86998baac7e,70,250,0.30102999566398114,1.7075701760979363,-1.3670533020138635,-3.5285249314275076,-4.380120329794209,-2.274239945800719,-1.6176085964671514,7.037075971482818,2.953720316730639,-4.733687565175484,0.46204313229975913,0.12828014721772432,-4.713938549598462,-1.1830939684856485,0.38283630172783367,-0.5077968362344959,0.11703102977370028,-0.0611814778949622,0,0,0,0,0,0,0,0,0,0,0,0,0,0,0,0,0,0,LCST,1,0,0,42.260000000000005
38c0f73801ffb16c,70,250,0.30102999566398114,2.0043213737826426,-1.3670533020138635,-3.5285249314275076,-4.380120329794209,-2.274239945800719,-1.6176085964671514,7.037075971482818,2.953720316730639,-4.733687565175484,0.46204313229975913,0.12828014721772432,-4.713938549598462,-1.1830939684856485,0.38283630172783367,-0.5077968362344959,0.11703102977370028,-0.0611814778949622,0,0,0,0,0,0,0,0,0,0,0,0,0,0,0,0,0,0,LCST,1,0,0,48.075
6a6eb3a47b798506,70,250,0.30102999566398114,0.041392685158225036,-7.127574585534647,-5.356386754622263,-7.438231245774954,2.7653565354547007,-3.6567544811477886,-2.6483892782159035,-4.390912720992246,2.2548428756581655,-2.718503574171856,2.218663092146349,-3.1387715472282234,1.9294180294749461,0.5239017580170809,0.9986709041408968,1.637779568612508,0.6299890907400444,0,0,0,0,0,0,0,0,0,0,0,0,0,0,0,0,0,0,LCST,1,0,0,35.150000000000006
864351c55c9adc65,70,250,0.30102999566398114,0.30102999566398114,-7.127574585534647,-5.356386754622263,-7.438231245774954,2.7653565354547007,-3.6567544811477886,-2.6483892782159035,-4.390912720992246,2.2548428756581655,-2.718503574171856,2.218663092146349,-3.1387715472282234,1.9294180294749461,0.5239017580170809,0.9986709041408968,1.637779568612508,0.6299890907400444,0,0,0,0,0,0,0,0,0,0,0,0,0,0,0,0,0,0,LCST,1,0,0,32.075
05e33e97f700a0fb,70,250,0.30102999566398114,1.041392685158225,-7.127574585534647,-5.356386754622263,-7.438231245774954,2.7653565354547007,-3.6567544811477886,-2.6483892782159035,-4.390912720992246,2.2548428756581655,-2.718503574171856,2.218663092146349,-3.1387715472282234,1.9294180294749461,0.5239017580170809,0.9986709041408968,1.637779568612508,0.6299890907400444,0,0,0,0,0,0,0,0,0,0,0,0,0,0,0,0,0,0,NONE,0,0,1,
eaf3307fae23f725,70,250,0.30102999566398114,2.0043213737826426,-7.127574585534647,-5.356386754622263,-7.438231245774954,2.7653565354547007,-3.6567544811477886,-2.6483892782159035,-4.390912720992246,2.2548428756581655,-2.718503574171856,2.218663092146349,-3.1387715472282234,1.9294180294749461,0.5239017580170809,0.9986709041408968,1.637779568612508,0.6299890907400444,0,0,0,0,0,0,0,0,0,0,0,0,0,0,0,0,0,0,NONE,0,0,1,
dba8b0faa9ea76b8,70,250,0.30102999566398114,0,0,0,0,0,0,0,0,0,0,0,0,0,0,0,0,0,0,0,0,0,0,0,0,0,0,0,0,0,0,0,0,0,0,0,LCST,1,0,0,35.26666666666667
c44b754b4f1a4d84,70,250,0.30102999566398114,0.004321373782642574,-4.1909286648703405,-0.28399657013129076,-6.184955495560864,-1.980264240861543,5.1380795481928105,-2.747696387134738,8.374506179708572,4.313096062158067,0.3252534015509645,0.9347613058877416,-0.4933668304889838,0.8654800163394125,-0.05933941394160991,0.12598008056768994,-0.17516022631776518,0.21647538259689902,0,0,0,0,0,0,0,0,0,0,0,0,0,0,0,0,0,0,LCST,1,0,0,35.325
dc63f5dd3a344e0c,70,250,0.30102999566398114,0.041392685158225036,-4.1909286648703405,-0.28399657013129076,-6.184955495560864,-1.980264240861543,5.1380795481928105,-2.747696387134738,8.374506179708572,4.313096062158067,0.3252534015509645,0.9347613058877416,-0.4933668304889838,0.8654800163394125,-0.05933941394160991,0.12598008056768994,-0.17516022631776518,0.21647538259689902,0,0,0,0,0,0,0,0,0,0,0,0,0,0,0,0,0,0,NONE,0,0,1,
c7af11e02b73b276,70,250,0.30102999566398114,0.30102999566398114,-4.1909286648703405,-0.28399657013129076,-6.184955495560864,-1.980264240861543,5.1380795481928105,-2.747696387134738,8.374506179708572,4.313096062158067,0.3252534015509645,0.9347613058877416,-0.4933668304889838,0.8654800163394125,-0.05933941394160991,0.12598008056768994,-0.17516022631776518,0.21647538259689902,0,0,0,0,0,0,0,0,0,0,0,0,0,0,0,0,0,0,NONE,0,0,1,
1b7cf1cd67fc7429,70,250,0.30102999566398114,1.041392685158225,-4.1909286648703405,-0.28399657013129076,-6.184955495560864,-1.980264240861543,5.1380795481928105,-2.747696387134738,8.374506179708572,4.313096062158067,0.3252534015509645,0.9347613058877416,-0.4933668304889838,0.8654800163394125,-0.05933941394160991,0.12598008056768994,-0.17516022631776518,0.21647538259689902,0,0,0,0,0,0,0,0,0,0,0,0,0,0,0,0,0,0,NONE,0,0,1,
e20f0c8a7d26d2b2,70,250,0.30102999566398114,0.041392685158225036,-7.8145941632435925,-3.9635630005501827,-2.3521157241748476,1.9956289013525184,-1.997621350005787,-1.7407029152928297,-1.8081407050202234,2.328220226087466,-1.8072461527782917,-2.0157761659112476,-0.7875043280835059,-2.0654608774659753,-0.7742679751297369,-2.708152120688246,-2.612283326223875,-1.5402402562891409,0,0,0,0,0,0,0,0,0,0,0,0,0,0,0,0,0,0,LCST,1,0,0,34.54
1c0d8ca73a092838,70,250,0.30102999566398114,0.30102999566398114,-7.8145941632435925,-3.9635630005501827,-2.3521157241748476,1.9956289013525184,-1.997621350005787,-1.7407029152928297,-1.8081407050202234,2.328220226087466,-1.8072461527782917,-2.0157761659112476,-0.7875043280835059,-2.0654608774659753,-0.7742679751297369,-2.708152120688246,-2.612283326223875,-1.5402402562891409,0,0,0,0,0,0,0,0,0,0,0,0,0,0,0,0,0,0,LCST,1,0,0,46.5
094e22031abe37db,70,250,0.30102999566398114,1.041392685158225,-7.8145941632435925,-3.9635630005501827,-2.3521157241748476,1.9956289013525184,-1.997621350005787,-1.7407029152928297,-1.8081407050202234,2.328220226087466,-1.8072461527782917,-2.0157761659112476,-0.7875043280835059,-2.0654608774659753,-0.7742679751297369,-2.708152120688246,-2.612283326223875,-1.5402402562891409,0,0,0,0,0,0,0,0,0,0,0,0,0,0,0,0,0,0,NONE,0,0,1,
e2ac3b3179f3d520,70,250,0.30102999566398114,2.0043213737826426,-7.8145941632435925,-3.9635630005501827,-2.3521157241748476,1.9956289013525184,-1.997621350005787,-1.7407029152928297,-1.8081407050202234,2.328220226087466,-1.8072461527782917,-2.0157761659112476,-0.7875043280835059,-2.0654608774659753,-0.7742679751297369,-2.708152120688246,-2.612283326223875,-1.5402402562891409,0,0,0,0,0,0,0,0,0,0,0,0,0,0,0,0,0,0,NONE,0,0,1,
3ddfbb704b3d5b73,70,250,0.4771212547196623,0,0,0,0,0,0,0,0,0,0,0,0,0,0,0,0,0,0,0,0,0,0,0,0,0,0,0,0,0,0,0,0,0,0,0,LCST,1,0,0,32.833333333333336
da850e1bb66169d9,70,250,0.7781512503836435,0,0,0,0,0,0,0,0,0,0,0,0,0,0,0,0,0,0,0,0,0,0,0,0,0,0,0,0,0,0,0,0,0,0,0,LCST,1,0,0,30.5
776fec609183f867,70,250,1.041392685158225,0.041392685158225036,-1.3670533020138635,-3.5285249314275076,-4.380120329794209,-2.274239945800719,-1.6176085964671514,7.037075971482818,2.953720316730639,-4.733687565175484,0.46204313229975913,0.12828014721772432,-4.713938549598462,-1.1830939684856485,0.38283630172783367,-0.5077968362344959,0.11703102977370028,-0.0611814778949622,0,0,0,0,0,0,0,0,0,0,0,0,0,0,0,0,0,0,LCST,1,0,0,29.939999999999998
95b0f5283d6610bb,70,250,1.041392685158225,0.30102999566398114,-1.3670533020138635,-3.5285249314275076,-4.380120329794209,-2.274239945800719,-1.6176085964671514,7.037075971482818,2.953720316730639,-4.733687565175484,0.46204313229975913,0.12828014721772432,-4.713938549598462,-1.1830939684856485,0.38283630172783367,-0.5077968362344959,0.11703102977370028,-0.0611814778949622,0,0,0,0,0,0,0,0,0,0,0,0,0,0,0,0,0,0,LCST,1,0,0,30.78
29eb11fc1f31269e,70,250,1.041392685158225,1.041392685158225,-1.3670533020138635,-3.5285249314275076,-4.380120329794209,-2.274239945800719,-1.6176085964671514,7.037075971482818,2.953720316730639,-4.733687565175484,0.46204313229975913,0.12828014721772432,-4.713938549598462,-1.1830939684856485,0.38283630172783367,-0.5077968362344959,0.11703102977370028,-0.0611814778949622,0,0,0,0,0,0,0,0,0,0,0,0,0,0,0,0,0,0,LCST,1,0,0,30.26
21a238e1463d7c64,70,250,1.041392685158225,1.7075701760979363,-1.3670533020138635,-3.5285249314275076,-4.380120329794209,-2.274239945800719,-1.6176085964671514,7.037075971482818,2.953720316730639,-4.733687565175484,0.46204313229975913,0.12828014721772432,-4.713938549598462,-1.1830939684856485,0.38283630172783367,-0.5077968362344959,0.11703102977370028,-0.0611814778949622,0,0,0,0,0,0,0,0,0,0,0,0,0,0,0,0,0,0,LCST,1,0,0,35.28
d120a68de627407e,70,250,1.041392685158225,2.0043213737826426,-1.3670533020138635,-3.5285249314275076,-4.380120329794209,-2.274239945800719,-1.6176085964671514,7.037075971482818,2.953720316730639,-4.733687565175484,0.46204313229975913,0.12828014721772432,-4.713938549598462,-1.1830939684856485,0.38283630172783367,-0.5077968362344959,0.11703102977370028,-0.0611814778949622,0,0,0,0,0,0,0,0,0,0,0,0,0,0,0,0,0,0,LCST,1,0,0,49.08571428571428
aecf1c51ea83361a,70,250,1.041392685158225,0.041392685158225036,-7.127574585534647,-5.356386754622263,-7.438231245774954,2.7653565354547007,-3.6567544811477886,-2.6483892782159035,-4.390912720992246,2.2548428756581655,-2.718503574171856,2.218663092146349,-3.1387715472282234,1.9294180294749461,0.5239017580170809,0.9986709041408968,1.637779568612508,0.6299890907400444,0,0,0,0,0,0,0,0,0,0,0,0,0,0,0,0,0,0,LCST,1,0,0,30.066666666666666
10bf09c256cce7ee,70,250,1.041392685158225,0.30102999566398114,-7.127574585534647,-5.356386754622263,-7.438231245774954,2.7653565354547007,-3.6567544811477886,-2.6483892782159035,-4.390912720992246,2.2548428756581655,-2.718503574171856,2.218663092146349,-3.1387715472282234,1.9294180294749461,0.5239017580170809,0.9986709041408968,1.637779568612508,0.6299890907400444,0,0,0,0,0,0,0,0,0,0,0,0,0,0,0,0,0,0,LCST,1,0,0,31.5
cdf17796aa950837,70,250,1.041392685158225,1.041392685158225,-7.127574585534647,-5.356386754622263,-7.438231245774954,2.7653565354547007,-3.6567544811477886,-2.6483892782159035,-4.390912720992246,2.2548428756581655,-2.718503574171856,2.218663092146349,-3.1387715472282234,1.9294180294749461,0.5239017580170809,0.9986709041408968,1.637779568612508,0.6299890907400444,0,0,0,0,0,0,0,0,0,0,0,0,0,0,0,0,0,0,LCST,1,0,0,36.15
45f8289d2baa9168,70,250,1.041392685158225,2.0043213737826426,-7.127574585534647,-5.356386754622263,-7.438231245774954,2.7653565354547007,-3.6567544811477886,-2.6483892782159035,-4.390912720992246,2.2548428756581655,-2.718503574171856,2.218663092146349,-3.1387715472282234,1.9294180294749461,0.5239017580170809,0.9986709041408968,1.637779568612508,0.6299890907400444,0,0,0,0,0,0,0,0,0,0,0,0,0,0,0,0,0,0,NONE,0,0,1,
f65af1ef8b3c9cd6,70,250,1.041392685158225,0,0,0,0,0,0,0,0,0,0,0,0,0,0,0,0,0,0,0,0,0,0,0,0,0,0,0,0,0,0,0,0,0,0,0,LCST,1,0,0,29.400000000000002
fc906c227dc07125,70,250,1.041392685158225,0.004321373782642574,-4.1909286648703405,-0.28399657013129076,-6.184955495560864,-1.980264240861543,5.1380795481928105,-2.747696387134738,8.374506179708572,4.313096062158067,0.3252534015509645,0.9347613058877416,-0.4933668304889838,0.8654800163394125,-0.05933941394160991,0.12598008056768994,-0.17516022631776518,0.21647538259689902,0,0,0,0,0,0,0,0,0,0,0,0,0,0,0,0,0,0,LCST,1,0,0,26.266666666666666
0e3d6e60c35749b2,70,250,1.041392685158225,0.041392685158225036,-4.1909286648703405,-0.28399657013129076,-6.184955495560864,-1.980264240861543,5.1380795481928105,-2.747696387134738,8.374506179708572,4.313096062158067,0.3252534015509645,0.9347613058877416,-0.4933668304889838,0.8654800163394125,-0.05933941394160991,0.12598008056768994,-0.17516022631776518,0.21647538259689902,0,0,0,0,0,0,0,0,0,0,0,0,0,0,0,0,0,0,LCST,1,0,0,28.442857142857143
91850f0be09c2411,70,250,1.041392685158225,0.30102999566398114,-4.1909286648703405,-0.28399657013129076,-6.184955495560864,-1.980264240861543,5.1380795481928105,-2.747696387134738,8.374506179708572,4.313096062158067,0.3252534015509645,0.9347613058877416,-0.4933668304889838,0.8654800163394125,-0.05933941394160991,0.12598008056768994,-0.17516022631776518,0.21647538259689902,0,0,0,0,0,0,0,0,0,0,0,0,0,0,0,0,0,0,NONE,0,0,1,
c73ced7d0f2d9b8c,70,250,1.041392685158225,1.041392685158225,-4.1909286648703405,-0.28399657013129076,-6.184955495560864,-1.980264240861543,5.1380795481928105,-2.747696387134738,8.374506179708572,4.313096062158067,0.3252534015509645,0.9347613058877416,-0.4933668304889838,0.8654800163394125,-0.05933941394160991,0.12598008056768994,-0.17516022631776518,0.21647538259689902,0,0,0,0,0,0,0,0,0,0,0,0,0,0,0,0,0,0,NONE,0,0,1,
83dee026b9de961b,70,250,1.041392685158225,0.041392685158225036,-7.8145941632435925,-3.9635630005501827,-2.3521157241748476,1.9956289013525184,-1.997621350005787,-1.7407029152928297,-1.8081407050202234,2.328220226087466,-1.8072461527782917,-2.0157761659112476,-0.7875043280835059,-2.0654608774659753,-0.7742679751297369,-2.708152120688246,-2.612283326223875,-1.5402402562891409,0,0,0,0,0,0,0,0,0,0,0,0,0,0,0,0,0,0,LCST,1,0,0,27.3125
87a3baa680fd8528,70,250,1.041392685158225,0.30102999566398114,-7.8145941632435925,-3.9635630005501827,-2.3521157241748476,1.9956289013525184,-1.997621350005787,-1.7407029152928297,-1.8081407050202234,2.328220226087466,-1.8072461527782917,-2.0157761659112476,-0.7875043280835059,-2.0654608774659753,-0.7742679751297369,-2.708152120688246,-2.612283326223875,-1.5402402562891409,0,0,0,0,0,0,0,0,0,0,0,0,0,0,0,0,0,0,LCST,1,0,0,27.35
3461a1a797b7cd0b,70,250,1.041392685158225,1.041392685158225,-7.8145941632435925,-3.9635630005501827,-2.3521157241748476,1.9956289013525184,-1.997621350005787,-1.7407029152928297,-1.8081407050202234,2.328220226087466,-1.8072461527782917,-2.0157761659112476,-0.7875043280835059,-2.0654608774659753,-0.7742679751297369,-2.708152120688246,-2.612283326223875,-1.5402402562891409,0,0,0,0,0,0,0,0,0,0,0,0,0,0,0,0,0,0,NONE,0,0,1,
170b411eb18f04e1,70,250,1.041392685158225,2.0043213737826426,-7.8145941632435925,-3.9635630005501827,-2.3521157241748476,1.9956289013525184,-1.997621350005787,-1.7407029152928297,-1.8081407050202234,2.328220226087466,-1.8072461527782917,-2.0157761659112476,-0.7875043280835059,-2.0654608774659753,-0.7742679751297369,-2.708152120688246,-2.612283326223875,-1.5402402562891409,0,0,0,0,0,0,0,0,0,0,0,0,0,0,0,0,0,0,NONE,0,0,1,
52c98d8c79c0f082,70,500,0.041392685158225036,0,0,0,0,0,0,0,0,0,0,0,0,0,0,0,0,0,0,0,0,0,0,0,0,0,0,0,0,0,0,0,0,0,0,0,LCST,1,0,0,35.93333333333333
6060753754e5096a,70,500,0.17609125905568124,0,0,0,0,0,0,0,0,0,0,0,0,0,0,0,0,0,0,0,0,0,0,0,0,0,0,0,0,0,0,0,0,0,0,0,LCST,1,0,0,30.666666666666668
2d692b655c399a87,70,500,0.30102999566398114,0,0,0,0,0,0,0,0,0,0,0,0,0,0,0,0,0,0,0,0,0,0,0,0,0,0,0,0,0,0,0,0,0,0,0,LCST,1,0,0,28.566666666666666
75ae581a4d25a559,70,500,0.4771212547196623,0,0,0,0,0,0,0,0,0,0,0,0,0,0,0,0,0,0,0,0,0,0,0,0,0,0,0,0,0,0,0,0,0,0,0,LCST,1,0,0,26.600000000000005
ca17a52a21e5d507,70,500,0.7781512503836435,0,0,0,0,0,0,0,0,0,0,0,0,0,0,0,0,0,0,0,0,0,0,0,0,0,0,0,0,0,0,0,0,0,0,0,LCST,1,0,0,24.666666666666668
3a3bda79b49b4867,70,500,1.041392685158225,0,0,0,0,0,0,0,0,0,0,0,0,0,0,0,0,0,0,0,0,0,0,0,0,0,0,0,0,0,0,0,0,0,0,0,LCST,1,0,0,24.233333333333334
d7143be0f1cfefb5,0,0,0,0,0,0,0,0,0,0,0,0,0,0,0,0,0,0,0,0,1.041392685158225,18.3933364526817,-11.130069618621832,3.4585054402738384,2.4652266697923135,3.1814510370739066,2.9520871940174382,-0.2737537220377334,2.3452662986791832,-1.5786722053222262,-0.5948790906682908,1.2523224719278718,-0.31155668538485193,0.9884501504180907,-2.3325161165960715,1.5649275222394183,0.8219996173193435,1,LCST,1,0,0,12.603677797833935
db24e70cc8b7a043,0,0,0,0.30102999566398114,-7.8145941632435925,-3.9635630005501827,-2.3521157241748476,1.9956289013525184,-1.997621350005787,-1.7407029152928297,-1.8081407050202234,2.328220226087466,-1.8072461527782917,-2.0157761659112476,-0.7875043280835059,-2.0654608774659753,-0.7742679751297369,-2.708152120688246,-2.612283326223875,-1.5402402562891409,1.041392685158225,18.3933364526817,-11.130069618621832,3.4585054402738384,2.4652266697923135,3.1814510370739066,2.9520871940174382,-0.2737537220377334,2.3452662986791832,-1.5786722053222262,-0.5948790906682908,1.2523224719278718,-0.31155668538485193,0.9884501504180907,-2.3325161165960715,1.5649275222394183,0.8219996173193435,1,LCST,1,0,0,13.2580424366872
398de49423488cf0,0,0,0,0.7781512503836435,-7.8145941632435925,-3.9635630005501827,-2.3521157241748476,1.9956289013525184,-1.997621350005787,-1.7407029152928297,-1.8081407050202234,2.328220226087466,-1.8072461527782917,-2.0157761659112476,-0.7875043280835059,-2.0654608774659753,-0.7742679751297369,-2.708152120688246,-2.612283326223875,-1.5402402562891409,1.041392685158225,18.3933364526817,-11.130069618621832,3.4585054402738384,2.4652266697923135,3.1814510370739066,2.9520871940174382,-0.2737537220377334,2.3452662986791832,-1.5786722053222262,-0.5948790906682908,1.2523224719278718,-0.31155668538485193,0.9884501504180907,-2.3325161165960715,1.5649275222394183,0.8219996173193435,1,LCST,1,0,0,44.69153143651574
dc36be948139d3f0,0,0,0,1.041392685158225,-7.8145941632435925,-3.9635630005501827,-2.3521157241748476,1.9956289013525184,-1.997621350005787,-1.7407029152928297,-1.8081407050202234,2.328220226087466,-1.8072461527782917,-2.0157761659112476,-0.7875043280835059,-2.0654608774659753,-0.7742679751297369,-2.708152120688246,-2.612283326223875,-1.5402402562891409,1.041392685158225,18.3933364526817,-11.130069618621832,3.4585054402738384,2.4652266697923135,3.1814510370739066,2.9520871940174382,-0.2737537220377334,2.3452662986791832,-1.5786722053222262,-0.5948790906682908,1.2523224719278718,-0.31155668538485193,0.9884501504180907,-2.3325161165960715,1.5649275222394183,0.8219996173193435,1,LCST,1,0,0,44.73648384239903
d2155cad2ab29b06,0,0,0,1.322219294733919,-7.8145941632435925,-3.9635630005501827,-2.3521157241748476,1.9956289013525184,-1.997621350005787,-1.7407029152928297,-1.8081407050202234,2.328220226087466,-1.8072461527782917,-2.0157761659112476,-0.7875043280835059,-2.0654608774659753,-0.7742679751297369,-2.708152120688246,-2.612283326223875,-1.5402402562891409,1.041392685158225,18.3933364526817,-11.130069618621832,3.4585054402738384,2.4652266697923135,3.1814510370739066,2.9520871940174382,-0.2737537220377334,2.3452662986791832,-1.5786722053222262,-0.5948790906682908,1.2523224719278718,-0.31155668538485193,0.9884501504180907,-2.3325161165960715,1.5649275222394183,0.8219996173193435,1,NONE,0,0,1,
6f034167c03eae83,0,0,0,1.7075701760979363,-7.8145941632435925,-3.9635630005501827,-2.3521157241748476,1.9956289013525184,-1.997621350005787,-1.7407029152928297,-1.8081407050202234,2.328220226087466,-1.8072461527782917,-2.0157761659112476,-0.7875043280835059,-2.0654608774659753,-0.7742679751297369,-2.708152120688246,-2.612283326223875,-1.5402402562891409,1.041392685158225,18.3933364526817,-11.130069618621832,3.4585054402738384,2.4652266697923135,3.1814510370739066,2.9520871940174382,-0.2737537220377334,2.3452662986791832,-1.5786722053222262,-0.5948790906682908,1.2523224719278718,-0.31155668538485193,0.9884501504180907,-2.3325161165960715,1.5649275222394183,0.8219996173193435,1,NONE,0,0,1,
5378e3cd53852d93,0,0,0,2.0043213737826426,-7.8145941632435925,-3.9635630005501827,-2.3521157241748476,1.9956289013525184,-1.997621350005787,-1.7407029152928297,-1.8081407050202234,2.328220226087466,-1.8072461527782917,-2.0157761659112476,-0.7875043280835059,-2.0654608774659753,-0.7742679751297369,-2.708152120688246,-2.612283326223875,-1.5402402562891409,1.041392685158225,18.3933364526817,-11.130069618621832,3.4585054402738384,2.4652266697923135,3.1814510370739066,2.9520871940174382,-0.2737537220377334,2.3452662986791832,-1.5786722053222262,-0.5948790906682908,1.2523224719278718,-0.31155668538485193,0.9884501504180907,-2.3325161165960715,1.5649275222394183,0.8219996173193435,1,NONE,0,0,1,
fc31e5bef7210aa0,0,0,0,1.7075701760979363,-7.127574585534647,-5.356386754622263,-7.438231245774954,2.7653565354547007,-3.6567544811477886,-2.6483892782159035,-4.390912720992246,2.2548428756581655,-2.718503574171856,2.218663092146349,-3.1387715472282234,1.9294180294749461,0.5239017580170809,0.9986709041408968,1.637779568612508,0.6299890907400444,2.0043213737826426,4.403417654792204,12.246616267624727,-2.098301432208356,-1.6959189494788864,-0.33888702766907497,6.1271255536583915,-2.909019640684782,5.623158276998221,2.8166934910233206,0.308433010199633,-0.15980758466204525,-1.5194480887653747,0.2887807621600118,1.2539147285980163,-0.07711396252121006,-0.41518809212676944,0,NONE,0,0,1,
a8222b6e67782905,0,0,0,1.7075701760979363,-7.127574585534647,-5.356386754622263,-7.438231245774954,2.7653565354547007,-3.6567544811477886,-2.6483892782159035,-4.390912720992246,2.2548428756581655,-2.718503574171856,2.218663092146349,-3.1387715472282234,1.9294180294749461,0.5239017580170809,0.9986709041408968,1.637779568612508,0.6299890907400444,2.0043213737826426,-7.847000468143248,-0.8397134591346669,8.120370506137512,1.7935698545771155,-1.7921363124167458,-0.04817594596969066,0.6452701911461499,0.4800703678423419,0.17166122805917294,-1.7866489926608367,-0.10556751427437083,-1.2449260073996045,-1.9944009938663847,0.3924954358470437,0.6194773289479572,1.2100458323095438,0,NONE,0,0,1,
67a8310f6a185df5,0,0,0,0,0,0,0,0,0,0,0,0,0,0,0,0,0,0,0,0,1.041392685158225,-7.847000468143248,-0.8397134591346669,8.120370506137512,1.7935698545771155,-1.7921363124167458,-0.04817594596969066,0.6452701911461499,0.4800703678423419,0.17166122805917294,-1.7866489926608367,-0.10556751427437083,-1.2449260073996045,-1.9944009938663847,0.3924954358470437,0.6194773289479572,1.2100458323095438,0,NONE,0,0,1,
1df223f92d7b5a8f,0,0,0,0,0,0,0,0,0,0,0,0,0,0,0,0,0,0,0,0,1.7075701760979363,-7.847000468143248,-0.8397134591346669,8.120370506137512,1.7935698545771155,-1.7921363124167458,-0.04817594596969066,0.6452701911461499,0.4800703678423419,0.17166122805917294,-1.7866489926608367,-0.10556751427437083,-1.2449260073996045,-1.9944009938663847,0.3924954358470437,0.6194773289479572,1.2100458323095438,0,NONE,0,0,1,
ed1da05c34aab1fe,0,0,0,0.041392685158225036,-7.8145941632435925,-3.9635630005501827,-2.3521157241748476,1.9956289013525184,-1.997621350005787,-1.7407029152928297,-1.8081407050202234,2.328220226087466,-1.8072461527782917,-2.0157761659112476,-0.7875043280835059,-2.0654608774659753,-0.7742679751297369,-2.708152120688246,-2.612283326223875,-1.5402402562891409,0.7781512503836435,18.3933364526817,-11.130069618621832,3.4585054402738384,2.4652266697923135,3.1814510370739066,2.9520871940174382,-0.2737537220377334,2.3452662986791832,-1.5786722053222262,-0.5948790906682908,1.2523224719278718,-0.31155668538485193,0.9884501504180907,-2.3325161165960715,1.5649275222394183,0.8219996173193435,0,NONE,0,0,1,
e725130498fb363f,0,0,0,0.041392685158225036,-7.8145941632435925,-3.9635630005501827,-2.3521157241748476,1.9956289013525184,-1.997621350005787,-1.7407029152928297,-1.8081407050202234,2.328220226087466,-1.8072461527782917,-2.0157761659112476,-0.7875043280835059,-2.0654608774659753,-0.7742679751297369,-2.708152120688246,-2.612283326223875,-1.5402402562891409,1.041392685158225,18.3933364526817,-11.130069618621832,3.4585054402738384,2.4652266697923135,3.1814510370739066,2.9520871940174382,-0.2737537220377334,2.3452662986791832,-1.5786722053222262,-0.5948790906682908,1.2523224719278718,-0.31155668538485193,0.9884501504180907,-2.3325161165960715,1.5649275222394183,0.8219996173193435,0,NONE,0,0,1,
1e00b5d34dc3f72a,0,0,0,0.041392685158225036,-7.8145941632435925,-3.9635630005501827,-2.3521157241748476,1.9956289013525184,-1.997621350005787,-1.7407029152928297,-1.8081407050202234,2.328220226087466,-1.8072461527782917,-2.0157761659112476,-0.7875043280835059,-2.0654608774659753,-0.7742679751297369,-2.708152120688246,-2.612283326223875,-1.5402402562891409,1.322219294733919,18.3933364526817,-11.130069618621832,3.4585054402738384,2.4652266697923135,3.1814510370739066,2.9520871940174382,-0.2737537220377334,2.3452662986791832,-1.5786722053222262,-0.5948790906682908,1.2523224719278718,-0.31155668538485193,0.9884501504180907,-2.3325161165960715,1.5649275222394183,0.8219996173193435,0,NONE,0,0,1,
8fd052dd7ef003e5,0,0,0,0.30102999566398114,-7.8145941632435925,-3.9635630005501827,-2.3521157241748476,1.9956289013525184,-1.997621350005787,-1.7407029152928297,-1.8081407050202234,2.328220226087466,-1.8072461527782917,-2.0157761659112476,-0.7875043280835059,-2.0654608774659753,-0.7742679751297369,-2.708152120688246,-2.612283326223875,-1.5402402562891409,1.041392685158225,-7.847000468143248,-0.8397134591346669,8.120370506137512,1.7935698545771155,-1.7921363124167458,-0.04817594596969066,0.6452701911461499,0.4800703678423419,0.17166122805917294,-1.7866489926608367,-0.10556751427437083,-1.2449260073996045,-1.9944009938663847,0.3924954358470437,0.6194773289479572,1.2100458323095438,0,NONE,0,0,1,
e23e46376341abe0,0,0,0,0.30102999566398114,-7.8145941632435925,-3.9635630005501827,-2.3521157241748476,1.9956289013525184,-1.997621350005787,-1.7407029152928297,-1.8081407050202234,2.328220226087466,-1.8072461527782917,-2.0157761659112476,-0.7875043280835059,-2.0654608774659753,-0.7742679751297369,-2.708152120688246,-2.612283326223875,-1.5402402562891409,1.7075701760979363,-7.847000468143248,-0.8397134591346669,8.120370506137512,1.7935698545771155,-1.7921363124167458,-0.04817594596969066,0.6452701911461499,0.4800703678423419,0.17166122805917294,-1.7866489926608367,-0.10556751427437083,-1.2449260073996045,-1.9944009938663847,0.3924954358470437,0.6194773289479572,1.2100458323095438,0,NONE,0,0,1,
25f0614fdc45af59,0,0,0,0.30102999566398114,-7.8145941632435925,-3.9635630005501827,-2.3521157241748476,1.9956289013525184,-1.997621350005787,-1.7407029152928297,-1.8081407050202234,2.328220226087466,-1.8072461527782917,-2.0157761659112476,-0.7875043280835059,-2.0654608774659753,-0.7742679751297369,-2.708152120688246,-2.612283326223875,-1.5402402562891409,0.7781512503836435,18.3933364526817,-11.130069618621832,3.4585054402738384,2.4652266697923135,3.1814510370739066,2.9520871940174382,-0.2737537220377334,2.3452662986791832,-1.5786722053222262,-0.5948790906682908,1.2523224719278718,-0.31155668538485193,0.9884501504180907,-2.3325161165960715,1.5649275222394183,0.8219996173193435,0,NONE,0,0,1,
fbacd7bc44bc3388,0,0,0,0.30102999566398114,-7.8145941632435925,-3.9635630005501827,-2.3521157241748476,1.9956289013525184,-1.997621350005787,-1.7407029152928297,-1.8081407050202234,2.328220226087466,-1.8072461527782917,-2.0157761659112476,-0.7875043280835059,-2.0654608774659753,-0.7742679751297369,-2.708152120688246,-2.612283326223875,-1.5402402562891409,1.041392685158225,18.3933364526817,-11.130069618621832,3.4585054402738384,2.4652266697923135,3.1814510370739066,2.9520871940174382,-0.2737537220377334,2.3452662986791832,-1.5786722053222262,-0.5948790906682908,1.2523224719278718,-0.31155668538485193,0.9884501504180907,-2.3325161165960715,1.5649275222394183,0.8219996173193435,0,NONE,0,0,1,
c509e551722ae595,0,0,0,0.30102999566398114,-7.8145941632435925,-3.9635630005501827,-2.3521157241748476,1.9956289013525184,-1.997621350005787,-1.7407029152928297,-1.8081407050202234,2.328220226087466,-1.8072461527782917,-2.0157761659112476,-0.7875043280835059,-2.0654608774659753,-0.7742679751297369,-2.708152120688246,-2.612283326223875,-1.5402402562891409,1.322219294733919,18.3933364526817,-11.130069618621832,3.4585054402738384,2.4652266697923135,3.1814510370739066,2.9520871940174382,-0.2737537220377334,2.3452662986791832,-1.5786722053222262,-0.5948790906682908,1.2523224719278718,-0.31155668538485193,0.9884501504180907,-2.3325161165960715,1.5649275222394183,0.8219996173193435,0,NONE,0,0,1,
fab670a52317e90f,0,0,0,0.7781512503836435,-7.8145941632435925,-3.9635630005501827,-2.3521157241748476,1.9956289013525184,-1.997621350005787,-1.7407029152928297,-1.8081407050202234,2.328220226087466,-1.8072461527782917,-2.0157761659112476,-0.7875043280835059,-2.0654608774659753,-0.7742679751297369,-2.708152120688246,-2.612283326223875,-1.5402402562891409,1.041392685158225,-7.847000468143248,-0.8397134591346669,8.120370506137512,1.7935698545771155,-1.7921363124167458,-0.04817594596969066,0.6452701911461499,0.4800703678423419,0.17166122805917294,-1.7866489926608367,-0.10556751427437083,-1.2449260073996045,-1.9944009938663847,0.3924954358470437,0.6194773289479572,1.2100458323095438,0,NONE,0,0,1,
04ffc9f3d4cf86ee,0,0,0,0.7781512503836435,-7.8145941632435925,-3.9635630005501827,-2.3521157241748476,1.9956289013525184,-1.997621350005787,-1.7407029152928297,-1.8081407050202234,2.328220226087466,-1.8072461527782917,-2.0157761659112476,-0.7875043280835059,-2.0654608774659753,-0.7742679751297369,-2.708152120688246,-2.612283326223875,-1.5402402562891409,1.7075701760979363,-7.847000468143248,-0.8397134591346669,8.120370506137512,1.7935698545771155,-1.7921363124167458,-0.04817594596969066,0.6452701911461499,0.4800703678423419,0.17166122805917294,-1.7866489926608367,-0.10556751427437083,-1.2449260073996045,-1.9944009938663847,0.3924954358470437,0.6194773289479572,1.2100458323095438,0,NONE,0,0,1,
0acbbeb567553046,0,0,0,0.7781512503836435,-7.8145941632435925,-3.9635630005501827,-2.3521157241748476,1.9956289013525184,-1.997621350005787,-1.7407029152928297,-1.8081407050202234,2.328220226087466,-1.8072461527782917,-2.0157761659112476,-0.7875043280835059,-2.0654608774659753,-0.7742679751297369,-2.708152120688246,-2.612283326223875,-1.5402402562891409,0.7781512503836435,18.3933364526817,-11.130069618621832,3.4585054402738384,2.4652266697923135,3.1814510370739066,2.9520871940174382,-0.2737537220377334,2.3452662986791832,-1.5786722053222262,-0.5948790906682908,1.2523224719278718,-0.31155668538485193,0.9884501504180907,-2.3325161165960715,1.5649275222394183,0.8219996173193435,0,NONE,0,0,1,
bf6c07ead1568cbe,0,0,0,0.7781512503836435,-7.8145941632435925,-3.9635630005501827,-2.3521157241748476,1.9956289013525184,-1.997621350005787,-1.7407029152928297,-1.8081407050202234,2.328220226087466,-1.8072461527782917,-2.0157761659112476,-0.7875043280835059,-2.0654608774659753,-0.7742679751297369,-2.708152120688246,-2.612283326223875,-1.5402402562891409,1.041392685158225,18.3933364526817,-11.130069618621832,3.4585054402738384,2.4652266697923135,3.1814510370739066,2.9520871940174382,-0.2737537220377334,2.3452662986791832,-1.5786722053222262,-0.5948790906682908,1.2523224719278718,-0.31155668538485193,0.9884501504180907,-2.3325161165960715,1.5649275222394183,0.8219996173193435,0,NONE,0,0,1,
f1fde6fc82c48872,0,0,0,0.7781512503836435,-7.8145941632435925,-3.9635630005501827,-2.3521157241748476,1.9956289013525184,-1.997621350005787,-1.7407029152928297,-1.8081407050202234,2.328220226087466,-1.8072461527782917,-2.0157761659112476,-0.7875043280835059,-2.0654608774659753,-0.7742679751297369,-2.708152120688246,-2.612283326223875,-1.5402402562891409,1.322219294733919,18.3933364526817,-11.130069618621832,3.4585054402738384,2.4652266697923135,3.1814510370739066,2.9520871940174382,-0.2737537220377334,2.3452662986791832,-1.5786722053222262,-0.5948790906682908,1.2523224719278718,-0.31155668538485193,0.9884501504180907,-2.3325161165960715,1.5649275222394183,0.8219996173193435,0,NONE,0,0,1,
a471d95f90bace0e,0,0,0,1.041392685158225,-7.8145941632435925,-3.9635630005501827,-2.3521157241748476,1.9956289013525184,-1.997621350005787,-1.7407029152928297,-1.8081407050202234,2.328220226087466,-1.8072461527782917,-2.0157761659112476,-0.7875043280835059,-2.0654608774659753,-0.7742679751297369,-2.708152120688246,-2.612283326223875,-1.5402402562891409,1.041392685158225,-7.847000468143248,-0.8397134591346669,8.120370506137512,1.7935698545771155,-1.7921363124167458,-0.04817594596969066,0.6452701911461499,0.4800703678423419,0.17166122805917294,-1.7866489926608367,-0.10556751427437083,-1.2449260073996045,-1.9944009938663847,0.3924954358470437,0.6194773289479572,1.2100458323095438,0,NONE,0,0,1,
0d04fd51d1de4714,0,0,0,1.041392685158225,-7.8145941632435925,-3.9635630005501827,-2.3521157241748476,1.9956289013525184,-1.997621350005787,-1.7407029152928297,-1.8081407050202234,2.328220226087466,-1.8072461527782917,-2.0157761659112476,-0.7875043280835059,-2.0654608774659753,-0.7742679751297369,-2.708152120688246,-2.612283326223875,-1.5402402562891409,1.7075701760979363,-7.847000468143248,-0.8397134591346669,8.120370506137512,1.7935698545771155,-1.7921363124167458,-0.04817594596969066,0.6452701911461499,0.4800703678423419,0.17166122805917294,-1.7866489926608367,-0.10556751427437083,-1.2449260073996045,-1.9944009938663847,0.3924954358470437,0.6194773289479572,1.2100458323095438,0,NONE,0,0,1,
2db8b89c3900da8b,0,0,0,1.041392685158225,-7.8145941632435925,-3.9635630005501827,-2.3521157241748476,1.9956289013525184,-1.997621350005787,-1.7407029152928297,-1.8081407050202234,2.328220226087466,-1.8072461527782917,-2.0157761659112476,-0.7875043280835059,-2.0654608774659753,-0.7742679751297369,-2.708152120688246,-2.612283326223875,-1.5402402562891409,0.7781512503836435,18.3933364526817,-11.130069618621832,3.4585054402738384,2.4652266697923135,3.1814510370739066,2.9520871940174382,-0.2737537220377334,2.3452662986791832,-1.5786722053222262,-0.5948790906682908,1.2523224719278718,-0.31155668538485193,0.9884501504180907,-2.3325161165960715,1.5649275222394183,0.8219996173193435,0,NONE,0,0,1,
5ded4a08677b633d,0,0,0,1.041392685158225,-7.8145941632435925,-3.9635630005501827,-2.3521157241748476,1.9956289013525184,-1.997621350005787,-1.7407029152928297,-1.8081407050202234,2.328220226087466,-1.8072461527782917,-2.0157761659112476,-0.7875043280835059,-2.0654608774659753,-0.7742679751297369,-2.708152120688246,-2.612283326223875,-1.5402402562891409,1.041392685158225,18.3933364526817,-11.130069618621832,3.4585054402738384,2.4652266697923135,3.1814510370739066,2.9520871940174382,-0.2737537220377334,2.3452662986791832,-1.5786722053222262,-0.5948790906682908,1.2523224719278718,-0.31155668538485193,0.9884501504180907,-2.3325161165960715,1.5649275222394183,0.8219996173193435,0,NONE,0,0,1,
182cb31b22d207d9,0,0,0,1.041392685158225,-7.8145941632435925,-3.9635630005501827,-2.3521157241748476,1.9956289013525184,-1.997621350005787,-1.7407029152928297,-1.8081407050202234,2.328220226087466,-1.8072461527782917,-2.0157761659112476,-0.7875043280835059,-2.0654608774659753,-0.7742679751297369,-2.708152120688246,-2.612283326223875,-1.5402402562891409,1.322219294733919,18.3933364526817,-11.130069618621832,3.4585054402738384,2.4652266697923135,3.1814510370739066,2.9520871940174382,-0.2737537220377334,2.3452662986791832,-1.5786722053222262,-0.5948790906682908,1.2523224719278718,-0.31155668538485193,0.9884501504180907,-2.3325161165960715,1.5649275222394183,0.8219996173193435,0,NONE,0,0,1,
8c0a6431ff091f05,0,0,0,1.322219294733919,-7.8145941632435925,-3.9635630005501827,-2.3521157241748476,1.9956289013525184,-1.997621350005787,-1.7407029152928297,-1.8081407050202234,2.328220226087466,-1.8072461527782917,-2.0157761659112476,-0.7875043280835059,-2.0654608774659753,-0.7742679751297369,-2.708152120688246,-2.612283326223875,-1.5402402562891409,1.041392685158225,-7.847000468143248,-0.8397134591346669,8.120370506137512,1.7935698545771155,-1.7921363124167458,-0.04817594596969066,0.6452701911461499,0.4800703678423419,0.17166122805917294,-1.7866489926608367,-0.10556751427437083,-1.2449260073996045,-1.9944009938663847,0.3924954358470437,0.6194773289479572,1.2100458323095438,0,NONE,0,0,1,
b06bf58c63030802,0,0,0,1.322219294733919,-7.8145941632435925,-3.9635630005501827,-2.3521157241748476,1.9956289013525184,-1.997621350005787,-1.7407029152928297,-1.8081407050202234,2.328220226087466,-1.8072461527782917,-2.0157761659112476,-0.7875043280835059,-2.0654608774659753,-0.7742679751297369,-2.708152120688246,-2.612283326223875,-1.5402402562891409,1.7075701760979363,-7.847000468143248,-0.8397134591346669,8.120370506137512,1.7935698545771155,-1.7921363124167458,-0.04817594596969066,0.6452701911461499,0.4800703678423419,0.17166122805917294,-1.7866489926608367,-0.10556751427437083,-1.2449260073996045,-1.9944009938663847,0.3924954358470437,0.6194773289479572,1.2100458323095438,0,UCST,0,1,0,
df78355449d69d3c,0,0,0,1.322219294733919,-7.8145941632435925,-3.9635630005501827,-2.3521157241748476,1.9956289013525184,-1.997621350005787,-1.7407029152928297,-1.8081407050202234,2.328220226087466,-1.8072461527782917,-2.0157761659112476,-0.7875043280835059,-2.0654608774659753,-0.7742679751297369,-2.708152120688246,-2.612283326223875,-1.5402402562891409,0.7781512503836435,18.3933364526817,-11.130069618621832,3.4585054402738384,2.4652266697923135,3.1814510370739066,2.9520871940174382,-0.2737537220377334,2.3452662986791832,-1.5786722053222262,-0.5948790906682908,1.2523224719278718,-0.31155668538485193,0.9884501504180907,-2.3325161165960715,1.5649275222394183,0.8219996173193435,0,NONE,0,0,1,
d2cae58ea8cdbe45,0,0,0,1.322219294733919,-7.8145941632435925,-3.9635630005501827,-2.3521157241748476,1.9956289013525184,-1.997621350005787,-1.7407029152928297,-1.8081407050202234,2.328220226087466,-1.8072461527782917,-2.0157761659112476,-0.7875043280835059,-2.0654608774659753,-0.7742679751297369,-2.708152120688246,-2.612283326223875,-1.5402402562891409,1.041392685158225,18.3933364526817,-11.130069618621832,3.4585054402738384,2.4652266697923135,3.1814510370739066,2.9520871940174382,-0.2737537220377334,2.3452662986791832,-1.5786722053222262,-0.5948790906682908,1.2523224719278718,-0.31155668538485193,0.9884501504180907,-2.3325161165960715,1.5649275222394183,0.8219996173193435,0,NONE,0,0,1,
480da5e53bb1085b,0,0,0,1.322219294733919,-7.8145941632435925,-3.9635630005501827,-2.3521157241748476,1.9956289013525184,-1.997621350005787,-1.7407029152928297,-1.8081407050202234,2.328220226087466,-1.8072461527782917,-2.0157761659112476,-0.7875043280835059,-2.0654608774659753,-0.7742679751297369,-2.708152120688246,-2.612283326223875,-1.5402402562891409,1.322219294733919,18.3933364526817,-11.130069618621832,3.4585054402738384,2.4652266697923135,3.1814510370739066,2.9520871940174382,-0.2737537220377334,2.3452662986791832,-1.5786722053222262,-0.5948790906682908,1.2523224719278718,-0.31155668538485193,0.9884501504180907,-2.3325161165960715,1.5649275222394183,0.8219996173193435,0,NONE,0,0,1,
a189a5e32ae0d08a,0,0,0,1.7075701760979363,-7.8145941632435925,-3.9635630005501827,-2.3521157241748476,1.9956289013525184,-1.997621350005787,-1.7407029152928297,-1.8081407050202234,2.328220226087466,-1.8072461527782917,-2.0157761659112476,-0.7875043280835059,-2.0654608774659753,-0.7742679751297369,-2.708152120688246,-2.612283326223875,-1.5402402562891409,1.041392685158225,-7.847000468143248,-0.8397134591346669,8.120370506137512,1.7935698545771155,-1.7921363124167458,-0.04817594596969066,0.6452701911461499,0.4800703678423419,0.17166122805917294,-1.7866489926608367,-0.10556751427437083,-1.2449260073996045,-1.9944009938663847,0.3924954358470437,0.6194773289479572,1.2100458323095438,0,UCST,0,1,0,
f98c1e71990dfd9d,0,0,0,1.7075701760979363,-7.8145941632435925,-3.9635630005501827,-2.3521157241748476,1.9956289013525184,-1.997621350005787,-1.7407029152928297,-1.8081407050202234,2.328220226087466,-1.8072461527782917,-2.0157761659112476,-0.7875043280835059,-2.0654608774659753,-0.7742679751297369,-2.708152120688246,-2.612283326223875,-1.5402402562891409,1.7075701760979363,-7.847000468143248,-0.8397134591346669,8.120370506137512,1.7935698545771155,-1.7921363124167458,-0.04817594596969066,0.6452701911461499,0.4800703678423419,0.17166122805917294,-1.7866489926608367,-0.10556751427437083,-1.2449260073996045,-1.9944009938663847,0.3924954358470437,0.6194773289479572,1.2100458323095438,0,UCST,0,1,0,
3ac11c361b2cd208,0,0,0,1.7075701760979363,-7.8145941632435925,-3.9635630005501827,-2.3521157241748476,1.9956289013525184,-1.997621350005787,-1.7407029152928297,-1.8081407050202234,2.328220226087466,-1.8072461527782917,-2.0157761659112476,-0.7875043280835059,-2.0654608774659753,-0.7742679751297369,-2.708152120688246,-2.612283326223875,-1.5402402562891409,0.7781512503836435,18.3933364526817,-11.130069618621832,3.4585054402738384,2.4652266697923135,3.1814510370739066,2.9520871940174382,-0.2737537220377334,2.3452662986791832,-1.5786722053222262,-0.5948790906682908,1.2523224719278718,-0.31155668538485193,0.9884501504180907,-2.3325161165960715,1.5649275222394183,0.8219996173193435,0,UCST,0,1,0,
675920cb5db4f9e5,0,0,0,1.7075701760979363,-7.8145941632435925,-3.9635630005501827,-2.3521157241748476,1.9956289013525184,-1.997621350005787,-1.7407029152928297,-1.8081407050202234,2.328220226087466,-1.8072461527782917,-2.0157761659112476,-0.7875043280835059,-2.0654608774659753,-0.7742679751297369,-2.708152120688246,-2.612283326223875,-1.5402402562891409,1.041392685158225,18.3933364526817,-11.130069618621832,3.4585054402738384,2.4652266697923135,3.1814510370739066,2.9520871940174382,-0.2737537220377334,2.3452662986791832,-1.5786722053222262,-0.5948790906682908,1.2523224719278718,-0.31155668538485193,0.9884501504180907,-2.3325161165960715,1.5649275222394183,0.8219996173193435,0,NONE,0,0,1,
7e84f44d0fcb26e0,0,0,0,1.7075701760979363,-7.8145941632435925,-3.9635630005501827,-2.3521157241748476,1.9956289013525184,-1.997621350005787,-1.7407029152928297,-1.8081407050202234,2.328220226087466,-1.8072461527782917,-2.0157761659112476,-0.7875043280835059,-2.0654608774659753,-0.7742679751297369,-2.708152120688246,-2.612283326223875,-1.5402402562891409,1.322219294733919,18.3933364526817,-11.130069618621832,3.4585054402738384,2.4652266697923135,3.1814510370739066,2.9520871940174382,-0.2737537220377334,2.3452662986791832,-1.5786722053222262,-0.5948790906682908,1.2523224719278718,-0.31155668538485193,0.9884501504180907,-2.3325161165960715,1.5649275222394183,0.8219996173193435,0,NONE,0,0,1,
39d7a662fd68cdc2,0,0,0,2.0043213737826426,-7.8145941632435925,-3.9635630005501827,-2.3521157241748476,1.9956289013525184,-1.997621350005787,-1.7407029152928297,-1.8081407050202234,2.328220226087466,-1.8072461527782917,-2.0157761659112476,-0.7875043280835059,-2.0654608774659753,-0.7742679751297369,-2.708152120688246,-2.612283326223875,-1.5402402562891409,1.8808135922807911,4.403417654792204,12.246616267624727,-2.098301432208356,-1.6959189494788864,-0.33888702766907497,6.1271255536583915,-2.909019640684782,5.623158276998221,2.8166934910233206,0.308433010199633,-0.15980758466204525,-1.5194480887653747,0.2887807621600118,1.2539147285980163,-0.07711396252121006,-0.41518809212676944,0,UCST,0,1,0,
c8ad2c17117eae28,0,0,0,2.0043213737826426,-7.8145941632435925,-3.9635630005501827,-2.3521157241748476,1.9956289013525184,-1.997621350005787,-1.7407029152928297,-1.8081407050202234,2.328220226087466,-1.8072461527782917,-2.0157761659112476,-0.7875043280835059,-2.0654608774659753,-0.7742679751297369,-2.708152120688246,-2.612283326223875,-1.5402402562891409,1.041392685158225,-7.847000468143248,-0.8397134591346669,8.120370506137512,1.7935698545771155,-1.7921363124167458,-0.04817594596969066,0.6452701911461499,0.4800703678423419,0.17166122805917294,-1.7866489926608367,-0.10556751427437083,-1.2449260073996045,-1.9944009938663847,0.3924954358470437,0.6194773289479572,1.2100458323095438,0,UCST,0,1,0,
57fd669ee1d64236,0,0,0,2.0043213737826426,-7.8145941632435925,-3.9635630005501827,-2.3521157241748476,1.9956289013525184,-1.997621350005787,-1.7407029152928297,-1.8081407050202234,2.328220226087466,-1.8072461527782917,-2.0157761659112476,-0.7875043280835059,-2.0654608774659753,-0.7742679751297369,-2.708152120688246,-2.612283326223875,-1.5402402562891409,1.7075701760979363,-7.847000468143248,-0.8397134591346669,8.120370506137512,1.7935698545771155,-1.7921363124167458,-0.04817594596969066,0.6452701911461499,0.4800703678423419,0.17166122805917294,-1.7866489926608367,-0.10556751427437083,-1.2449260073996045,-1.9944009938663847,0.3924954358470437,0.6194773289479572,1.2100458323095438,0,UCST,0,1,0,
3a35b03f23ebe422,0,0,0,2.0043213737826426,-7.8145941632435925,-3.9635630005501827,-2.3521157241748476,1.9956289013525184,-1.997621350005787,-1.7407029152928297,-1.8081407050202234,2.328220226087466,-1.8072461527782917,-2.0157761659112476,-0.7875043280835059,-2.0654608774659753,-0.7742679751297369,-2.708152120688246,-2.612283326223875,-1.5402402562891409,1.8808135922807911,-7.847000468143248,-0.8397134591346669,8.120370506137512,1.7935698545771155,-1.7921363124167458,-0.04817594596969066,0.6452701911461499,0.4800703678423419,0.17166122805917294,-1.7866489926608367,-0.10556751427437083,-1.2449260073996045,-1.9944009938663847,0.3924954358470437,0.6194773289479572,1.2100458323095438,0,UCST,0,1,0,
de9b7dca95c13924,0,0,0,2.0043213737826426,-7.8145941632435925,-3.9635630005501827,-2.3521157241748476,1.9956289013525184,-1.997621350005787,-1.7407029152928297,-1.8081407050202234,2.328220226087466,-1.8072461527782917,-2.0157761659112476,-0.7875043280835059,-2.0654608774659753,-0.7742679751297369,-2.708152120688246,-2.612283326223875,-1.5402402562891409,0.7781512503836435,18.3933364526817,-11.130069618621832,3.4585054402738384,2.4652266697923135,3.1814510370739066,2.9520871940174382,-0.2737537220377334,2.3452662986791832,-1.5786722053222262,-0.5948790906682908,1.2523224719278718,-0.31155668538485193,0.9884501504180907,-2.3325161165960715,1.5649275222394183,0.8219996173193435,0,UCST,0,1,0,
96af6beedcde584a,0,0,0,2.0043213737826426,-7.8145941632435925,-3.9635630005501827,-2.3521157241748476,1.9956289013525184,-1.997621350005787,-1.7407029152928297,-1.8081407050202234,2.328220226087466,-1.8072461527782917,-2.0157761659112476,-0.7875043280835059,-2.0654608774659753,-0.7742679751297369,-2.708152120688246,-2.612283326223875,-1.5402402562891409,1.041392685158225,18.3933364526817,-11.130069618621832,3.4585054402738384,2.4652266697923135,3.1814510370739066,2.9520871940174382,-0.2737537220377334,2.3452662986791832,-1.5786722053222262,-0.5948790906682908,1.2523224719278718,-0.31155668538485193,0.9884501504180907,-2.3325161165960715,1.5649275222394183,0.8219996173193435,0,UCST,0,1,0,
310a318d207490c6,0,0,0,2.0043213737826426,-7.8145941632435925,-3.9635630005501827,-2.3521157241748476,1.9956289013525184,-1.997621350005787,-1.7407029152928297,-1.8081407050202234,2.328220226087466,-1.8072461527782917,-2.0157761659112476,-0.7875043280835059,-2.0654608774659753,-0.7742679751297369,-2.708152120688246,-2.612283326223875,-1.5402402562891409,1.322219294733919,18.3933364526817,-11.130069618621832,3.4585054402738384,2.4652266697923135,3.1814510370739066,2.9520871940174382,-0.2737537220377334,2.3452662986791832,-1.5786722053222262,-0.5948790906682908,1.2523224719278718,-0.31155668538485193,0.9884501504180907,-2.3325161165960715,1.5649275222394183,0.8219996173193435,0,UCST,0,1,0,
5141b6863347dc4d,0,0,0,1.041392685158225,-5.997670127070119,-10.339755956233766,-10.823897832288274,0.5420876388940874,-2.0060913645877188,1.6238651196196114,-0.7123641952512402,-1.8542020633227587,3.0560287405426374,0.4116742618953433,5.336422099674927,-0.5412297275902689,-0.27654533655721125,0.7811373487465116,-0.29845770720246545,0.40766417527507626,0.30102999566398114,4.403417654792204,12.246616267624727,-2.098301432208356,-1.6959189494788864,-0.33888702766907497,6.1271255536583915,-2.909019640684782,5.623158276998221,2.8166934910233206,0.308433010199633,-0.15980758466204525,-1.5194480887653747,0.2887807621600118,1.2539147285980163,-0.07711396252121006,-0.41518809212676944,0,NONE,0,0,1,
1042250f6239b5f2,0,0,0,1.041392685158225,-5.997670127070119,-10.339755956233766,-10.823897832288274,0.5420876388940874,-2.0060913645877188,1.6238651196196114,-0.7123641952512402,-1.8542020633227587,3.0560287405426374,0.4116742618953433,5.336422099674927,-0.5412297275902689,-0.27654533655721125,0.7811373487465116,-0.29845770720246545,0.40766417527507626,0.30102999566398114,-7.847000468143248,-0.8397134591346669,8.120370506137512,1.7935698545771155,-1.7921363124167458,-0.04817594596969066,0.6452701911461499,0.4800703678423419,0.17166122805917294,-1.7866489926608367,-0.10556751427437083,-1.2449260073996045,-1.9944009938663847,0.3924954358470437,0.6194773289479572,1.2100458323095438,0,NONE,0,0,1,
