task,model_id,feature_set,model_family,scoring_population,seed,coalition_id,loss,n_conditions,groups,n_groups,null_loss,predictive_value
regression,descriptor24_buffer_regressor_xgboost,descriptor24,XGBoost,all,42,empty,10.402929907257958,272,,0,10.402929907257958,0.0
regression,descriptor24_buffer_regressor_xgboost,descriptor24,XGBoost,all,42,polymer,6.74061174667634,272,polymer,1,10.402929907257958,3.662318160581618
regression,descriptor24_buffer_regressor_xgboost,descriptor24,XGBoost,all,42,additive,9.701015634035675,272,additive,1,10.402929907257958,0.7019142732222825
regression,descriptor24_buffer_regressor_xgboost,descriptor24,XGBoost,all,42,salt,8.391682742511358,272,salt,1,10.402929907257958,2.0112471647465995
regression,descriptor24_buffer_regressor_xgboost,descriptor24,XGBoost,all,42,buffer,10.461153138824576,272,buffer,1,10.402929907257958,-0.05822323156661824
regression,descriptor24_buffer_regressor_xgboost,descriptor24,XGBoost,all,42,polymer+additive,5.6471183654798125,272,polymer;additive,2,10.402929907257958,4.7558115417781455
regression,descriptor24_buffer_regressor_xgboost,descriptor24,XGBoost,all,42,polymer+salt,6.382415978166606,272,polymer;salt,2,10.402929907257958,4.020513929091352
regression,descriptor24_buffer_regressor_xgboost,descriptor24,XGBoost,all,42,polymer+buffer,5.745538518464586,272,polymer;buffer,2,10.402929907257958,4.657391388793372
regression,descriptor24_buffer_regressor_xgboost,descriptor24,XGBoost,all,42,additive+salt,7.146090910956173,272,additive;salt,2,10.402929907257958,3.256838996301785
regression,descriptor24_buffer_regressor_xgboost,descriptor24,XGBoost,all,42,additive+buffer,9.523607026236945,272,additive;buffer,2,10.402929907257958,0.8793228810210127
regression,descriptor24_buffer_regressor_xgboost,descriptor24,XGBoost,all,42,salt+buffer,8.186196360264674,272,salt;buffer,2,10.402929907257958,2.216733546993284
regression,descriptor24_buffer_regressor_xgboost,descriptor24,XGBoost,all,42,polymer+additive+salt,4.979377951617594,272,polymer;additive;salt,3,10.402929907257958,5.423551955640364
regression,descriptor24_buffer_regressor_xgboost,descriptor24,XGBoost,all,42,polymer+additive+buffer,4.5056945296033835,272,polymer;additive;buffer,3,10.402929907257958,5.8972353776545745
regression,descriptor24_buffer_regressor_xgboost,descriptor24,XGBoost,all,42,polymer+salt+buffer,5.315300589592764,272,polymer;salt;buffer,3,10.402929907257958,5.087629317665194
regression,descriptor24_buffer_regressor_xgboost,descriptor24,XGBoost,all,42,additive+salt+buffer,6.967070020761634,272,additive;salt;buffer,3,10.402929907257958,3.435859886496324
regression,descriptor24_buffer_regressor_xgboost,descriptor24,XGBoost,all,42,polymer+additive+salt+buffer,3.7880264750718635,272,polymer;additive;salt;buffer,4,10.402929907257958,6.614903432186095
regression,descriptor24_buffer_regressor_xgboost,descriptor24,XGBoost,all,43,empty,10.370470935852886,272,,0,10.370470935852886,0.0
regression,descriptor24_buffer_regressor_xgboost,descriptor24,XGBoost,all,43,polymer,6.674714281612484,272,polymer,1,10.370470935852886,3.6957566542404017
regression,descriptor24_buffer_regressor_xgboost,descriptor24,XGBoost,all,43,additive,9.62140394484197,272,additive,1,10.370470935852886,0.7490669910109151
regression,descriptor24_buffer_regressor_xgboost,descriptor24,XGBoost,all,43,salt,8.416948233600666,272,salt,1,10.370470935852886,1.9535227022522204
regression,descriptor24_buffer_regressor_xgboost,descriptor24,XGBoost,all,43,buffer,10.448359406826457,272,buffer,1,10.370470935852886,-0.07788847097357099
regression,descriptor24_buffer_regressor_xgboost,descriptor24,XGBoost,all,43,polymer+additive,5.413949939279598,272,polymer;additive,2,10.370470935852886,4.956520996573288
regression,descriptor24_buffer_regressor_xgboost,descriptor24,XGBoost,all,43,polymer+salt,6.199767788592698,272,polymer;salt,2,10.370470935852886,4.170703147260188
regression,descriptor24_buffer_regressor_xgboost,descriptor24,XGBoost,all,43,polymer+buffer,5.543429167565039,272,polymer;buffer,2,10.370470935852886,4.827041768287847
regression,descriptor24_buffer_regressor_xgboost,descriptor24,XGBoost,all,43,additive+salt,6.99305357955404,272,additive;salt,2,10.370470935852886,3.377417356298846
regression,descriptor24_buffer_regressor_xgboost,descriptor24,XGBoost,all,43,additive+buffer,9.396669399622926,272,additive;buffer,2,10.370470935852886,0.9738015362299599
regression,descriptor24_buffer_regressor_xgboost,descriptor24,XGBoost,all,43,salt+buffer,8.175964756967598,272,salt;buffer,2,10.370470935852886,2.1945061788852875
regression,descriptor24_buffer_regressor_xgboost,descriptor24,XGBoost,all,43,polymer+additive+salt,4.618551170640721,272,polymer;additive;salt,3,10.370470935852886,5.751919765212165
regression,descriptor24_buffer_regressor_xgboost,descriptor24,XGBoost,all,43,polymer+additive+buffer,4.2472883909030035,272,polymer;additive;buffer,3,10.370470935852886,6.1231825449498825
regression,descriptor24_buffer_regressor_xgboost,descriptor24,XGBoost,all,43,polymer+salt+buffer,5.026729273190201,272,polymer;salt;buffer,3,10.370470935852886,5.343741662662685
regression,descriptor24_buffer_regressor_xgboost,descriptor24,XGBoost,all,43,additive+salt+buffer,6.704339110906424,272,additive;salt;buffer,3,10.370470935852886,3.6661318249464623
regression,descriptor24_buffer_regressor_xgboost,descriptor24,XGBoost,all,43,polymer+additive+salt+buffer,3.4279348951559765,272,polymer;additive;salt;buffer,4,10.370470935852886,6.942536040696909
regression,descriptor24_buffer_regressor_xgboost,descriptor24,XGBoost,all,44,empty,10.426707427292808,272,,0,10.426707427292808,0.0
regression,descriptor24_buffer_regressor_xgboost,descriptor24,XGBoost,all,44,polymer,6.824495676929075,272,polymer,1,10.426707427292808,3.6022117503637325
regression,descriptor24_buffer_regressor_xgboost,descriptor24,XGBoost,all,44,additive,9.863062458084682,272,additive,1,10.426707427292808,0.5636449692081253
regression,descriptor24_buffer_regressor_xgboost,descriptor24,XGBoost,all,44,salt,8.432299102291333,272,salt,1,10.426707427292808,1.9944083250014746
regression,descriptor24_buffer_regressor_xgboost,descriptor24,XGBoost,all,44,buffer,10.472022440732733,272,buffer,1,10.426707427292808,-0.04531501343992517
regression,descriptor24_buffer_regressor_xgboost,descriptor24,XGBoost,all,44,polymer+additive,5.546362737876806,272,polymer;additive,2,10.426707427292808,4.880344689416002
regression,descriptor24_buffer_regressor_xgboost,descriptor24,XGBoost,all,44,polymer+salt,6.345666086619892,272,polymer;salt,2,10.426707427292808,4.081041340672916
regression,descriptor24_buffer_regressor_xgboost,descriptor24,XGBoost,all,44,polymer+buffer,5.732981051575312,272,polymer;buffer,2,10.426707427292808,4.693726375717496
regression,descriptor24_buffer_regressor_xgboost,descriptor24,XGBoost,all,44,additive+salt,7.306466822177676,272,additive;salt,2,10.426707427292808,3.120240605115132
regression,descriptor24_buffer_regressor_xgboost,descriptor24,XGBoost,all,44,additive+buffer,9.707599492354024,272,additive;buffer,2,10.426707427292808,0.7191079349387834
regression,descriptor24_buffer_regressor_xgboost,descriptor24,XGBoost,all,44,salt+buffer,8.206937037421252,272,salt;buffer,2,10.426707427292808,2.219770389871556
regression,descriptor24_buffer_regressor_xgboost,descriptor24,XGBoost,all,44,polymer+additive+salt,4.820148631283032,272,polymer;additive;salt,3,10.426707427292808,5.606558796009776
regression,descriptor24_buffer_regressor_xgboost,descriptor24,XGBoost,all,44,polymer+additive+buffer,4.433638697277428,272,polymer;additive;buffer,3,10.426707427292808,5.99306873001538
regression,descriptor24_buffer_regressor_xgboost,descriptor24,XGBoost,all,44,polymer+salt+buffer,5.246936055785526,272,polymer;salt;buffer,3,10.426707427292808,5.1797713715072815
regression,descriptor24_buffer_regressor_xgboost,descriptor24,XGBoost,all,44,additive+salt+buffer,7.114942232101336,272,additive;salt;buffer,3,10.426707427292808,3.311765195191472
regression,descriptor24_buffer_regressor_xgboost,descriptor24,XGBoost,all,44,polymer+additive+salt+buffer,3.7617071511368456,272,polymer;additive;salt;buffer,4,10.426707427292808,6.665000276155962
regression,descriptor24_buffer_regressor_xgboost,descriptor24,XGBoost,all,45,empty,10.353450790155122,272,,0,10.353450790155122,0.0
regression,descriptor24_buffer_regressor_xgboost,descriptor24,XGBoost,all,45,polymer,6.605483501259738,272,polymer,1,10.353450790155122,3.747967288895384
regression,descriptor24_buffer_regressor_xgboost,descriptor24,XGBoost,all,45,additive,9.659787014807316,272,additive,1,10.353450790155122,0.6936637753478063
regression,descriptor24_buffer_regressor_xgboost,descriptor24,XGBoost,all,45,salt,8.48659037424306,272,salt,1,10.353450790155122,1.866860415912063
regression,descriptor24_buffer_regressor_xgboost,descriptor24,XGBoost,all,45,buffer,10.426042212850946,272,buffer,1,10.353450790155122,-0.07259142269582419
regression,descriptor24_buffer_regressor_xgboost,descriptor24,XGBoost,all,45,polymer+additive,5.453890052537189,272,polymer;additive,2,10.353450790155122,4.899560737617933
regression,descriptor24_buffer_regressor_xgboost,descriptor24,XGBoost,all,45,polymer+salt,6.336741358608307,272,polymer;salt,2,10.353450790155122,4.016709431546816
regression,descriptor24_buffer_regressor_xgboost,descriptor24,XGBoost,all,45,polymer+buffer,5.649437657536973,272,polymer;buffer,2,10.353450790155122,4.704013132618149
regression,descriptor24_buffer_regressor_xgboost,descriptor24,XGBoost,all,45,additive+salt,7.142164471435362,272,additive;salt,2,10.353450790155122,3.2112863187197602
regression,descriptor24_buffer_regressor_xgboost,descriptor24,XGBoost,all,45,additive+buffer,9.36777724275855,272,additive;buffer,2,10.353450790155122,0.9856735473965728
regression,descriptor24_buffer_regressor_xgboost,descriptor24,XGBoost,all,45,salt+buffer,8.213685859598387,272,salt;buffer,2,10.353450790155122,2.1397649305567352
regression,descriptor24_buffer_regressor_xgboost,descriptor24,XGBoost,all,45,polymer+additive+salt,4.78298036369128,272,polymer;additive;salt,3,10.353450790155122,5.570470426463842
regression,descriptor24_buffer_regressor_xgboost,descriptor24,XGBoost,all,45,polymer+additive+buffer,4.423506915617882,272,polymer;additive;buffer,3,10.353450790155122,5.929943874537241
regression,descriptor24_buffer_regressor_xgboost,descriptor24,XGBoost,all,45,polymer+salt+buffer,5.382870422088171,272,polymer;salt;buffer,3,10.353450790155122,4.970580368066951
regression,descriptor24_buffer_regressor_xgboost,descriptor24,XGBoost,all,45,additive+salt+buffer,6.905241795789658,272,additive;salt;buffer,3,10.353450790155122,3.448208994365464
regression,descriptor24_buffer_regressor_xgboost,descriptor24,XGBoost,all,45,polymer+additive+salt+buffer,3.7724098367859757,272,polymer;additive;salt;buffer,4,10.353450790155122,6.581040953369147
regression,descriptor24_buffer_regressor_xgboost,descriptor24,XGBoost,all,46,empty,10.380226902829362,272,,0,10.380226902829362,0.0
regression,descriptor24_buffer_regressor_xgboost,descriptor24,XGBoost,all,46,polymer,6.588446958931151,272,polymer,1,10.380226902829362,3.791779943898211
regression,descriptor24_buffer_regressor_xgboost,descriptor24,XGBoost,all,46,additive,9.623758284997278,272,additive,1,10.380226902829362,0.7564686178320841
regression,descriptor24_buffer_regressor_xgboost,descriptor24,XGBoost,all,46,salt,8.286732978400812,272,salt,1,10.380226902829362,2.09349392442855
regression,descriptor24_buffer_regressor_xgboost,descriptor24,XGBoost,all,46,buffer,10.456923812856902,272,buffer,1,10.380226902829362,-0.07669691002753964
regression,descriptor24_buffer_regressor_xgboost,descriptor24,XGBoost,all,46,polymer+additive,5.2677304869220265,272,polymer;additive,2,10.380226902829362,5.112496415907335
regression,descriptor24_buffer_regressor_xgboost,descriptor24,XGBoost,all,46,polymer+salt,6.198154139905808,272,polymer;salt,2,10.380226902829362,4.1820727629235535
regression,descriptor24_buffer_regressor_xgboost,descriptor24,XGBoost,all,46,polymer+buffer,5.556316882390609,272,polymer;buffer,2,10.380226902829362,4.823910020438753
regression,descriptor24_buffer_regressor_xgboost,descriptor24,XGBoost,all,46,additive+salt,6.988255205561674,272,additive;salt,2,10.380226902829362,3.391971697267688
regression,descriptor24_buffer_regressor_xgboost,descriptor24,XGBoost,all,46,additive+buffer,9.307709023287766,272,additive;buffer,2,10.380226902829362,1.0725178795415964
regression,descriptor24_buffer_regressor_xgboost,descriptor24,XGBoost,all,46,salt+buffer,8.044646511268121,272,salt;buffer,2,10.380226902829362,2.3355803915612405
regression,descriptor24_buffer_regressor_xgboost,descriptor24,XGBoost,all,46,polymer+additive+salt,4.629208779850095,272,polymer;additive;salt,3,10.380226902829362,5.751018122979267
regression,descriptor24_buffer_regressor_xgboost,descriptor24,XGBoost,all,46,polymer+additive+buffer,4.084616515658981,272,polymer;additive;buffer,3,10.380226902829362,6.295610387170381
regression,descriptor24_buffer_regressor_xgboost,descriptor24,XGBoost,all,46,polymer+salt+buffer,5.078341996884089,272,polymer;salt;buffer,3,10.380226902829362,5.301884905945273
regression,descriptor24_buffer_regressor_xgboost,descriptor24,XGBoost,all,46,additive+salt+buffer,6.726810588578701,272,additive;salt;buffer,3,10.380226902829362,3.653416314250661
regression,descriptor24_buffer_regressor_xgboost,descriptor24,XGBoost,all,46,polymer+additive+salt+buffer,3.553293779429991,272,polymer;additive;salt;buffer,4,10.380226902829362,6.826933123399371
regression,descriptor24_buffer_regressor_mlp,descriptor24,MLP,all,42,empty,10.402929907257958,272,,0,10.402929907257958,0.0
regression,descriptor24_buffer_regressor_mlp,descriptor24,MLP,all,42,polymer,6.553529849415506,272,polymer,1,10.402929907257958,3.849400057842452
regression,descriptor24_buffer_regressor_mlp,descriptor24,MLP,all,42,additive,9.75266453948669,272,additive,1,10.402929907257958,0.6502653677712686
regression,descriptor24_buffer_regressor_mlp,descriptor24,MLP,all,42,salt,8.6285516666198,272,salt,1,10.402929907257958,1.7743782406381587
regression,descriptor24_buffer_regressor_mlp,descriptor24,MLP,all,42,buffer,10.184573052736313,272,buffer,1,10.402929907257958,0.21835685452164455
regression,descriptor24_buffer_regressor_mlp,descriptor24,MLP,all,42,polymer+additive,6.383759682589887,272,polymer;additive,2,10.402929907257958,4.019170224668071
regression,descriptor24_buffer_regressor_mlp,descriptor24,MLP,all,42,polymer+salt,6.3861422106329035,272,polymer;salt,2,10.402929907257958,4.016787696625054
regression,descriptor24_buffer_regressor_mlp,descriptor24,MLP,all,42,polymer+buffer,6.700068416242665,272,polymer;buffer,2,10.402929907257958,3.702861491015293
regression,descriptor24_buffer_regressor_mlp,descriptor24,MLP,all,42,additive+salt,7.7726696670134645,272,additive;salt,2,10.402929907257958,2.6302602402444935
regression,descriptor24_buffer_regressor_mlp,descriptor24,MLP,all,42,additive+buffer,9.283408082355772,272,additive;buffer,2,10.402929907257958,1.1195218249021863
regression,descriptor24_buffer_regressor_mlp,descriptor24,MLP,all,42,salt+buffer,8.303549934640635,272,salt;buffer,2,10.402929907257958,2.0993799726173226
regression,descriptor24_buffer_regressor_mlp,descriptor24,MLP,all,42,polymer+additive+salt,5.124551776028609,272,polymer;additive;salt,3,10.402929907257958,5.278378131229349
regression,descriptor24_buffer_regressor_mlp,descriptor24,MLP,all,42,polymer+additive+buffer,6.746039403124755,272,polymer;additive;buffer,3,10.402929907257958,3.6568905041332034
regression,descriptor24_buffer_regressor_mlp,descriptor24,MLP,all,42,polymer+salt+buffer,6.282518259896314,272,polymer;salt;buffer,3,10.402929907257958,4.120411647361644
regression,descriptor24_buffer_regressor_mlp,descriptor24,MLP,all,42,additive+salt+buffer,7.311838649597605,272,additive;salt;buffer,3,10.402929907257958,3.091091257660353
regression,descriptor24_buffer_regressor_mlp,descriptor24,MLP,all,42,polymer+additive+salt+buffer,4.805039085181867,272,polymer;additive;salt;buffer,4,10.402929907257958,5.597890822076091
regression,descriptor24_buffer_regressor_mlp,descriptor24,MLP,all,43,empty,10.370470935852886,272,,0,10.370470935852886,0.0
regression,descriptor24_buffer_regressor_mlp,descriptor24,MLP,all,43,polymer,6.667402911934344,272,polymer,1,10.370470935852886,3.703068023918542
regression,descriptor24_buffer_regressor_mlp,descriptor24,MLP,all,43,additive,9.808144083695701,272,additive,1,10.370470935852886,0.5623268521571845
regression,descriptor24_buffer_regressor_mlp,descriptor24,MLP,all,43,salt,8.647511678046257,272,salt,1,10.370470935852886,1.7229592578066288
regression,descriptor24_buffer_regressor_mlp,descriptor24,MLP,all,43,buffer,10.316295064586035,272,buffer,1,10.370470935852886,0.054175871266851416
regression,descriptor24_buffer_regressor_mlp,descriptor24,MLP,all,43,polymer+additive,6.531809635504743,272,polymer;additive,2,10.370470935852886,3.838661300348143
regression,descriptor24_buffer_regressor_mlp,descriptor24,MLP,all,43,polymer+salt,6.259263084303693,272,polymer;salt,2,10.370470935852886,4.111207851549193
regression,descriptor24_buffer_regressor_mlp,descriptor24,MLP,all,43,polymer+buffer,6.177577334834676,272,polymer;buffer,2,10.370470935852886,4.19289360101821
regression,descriptor24_buffer_regressor_mlp,descriptor24,MLP,all,43,additive+salt,7.775046826759527,272,additive;salt,2,10.370470935852886,2.5954241090933587
regression,descriptor24_buffer_regressor_mlp,descriptor24,MLP,all,43,additive+buffer,9.559029438562803,272,additive;buffer,2,10.370470935852886,0.8114414972900832
regression,descriptor24_buffer_regressor_mlp,descriptor24,MLP,all,43,salt+buffer,8.192047561881918,272,salt;buffer,2,10.370470935852886,2.1784233739709684
regression,descriptor24_buffer_regressor_mlp,descriptor24,MLP,all,43,polymer+additive+salt,5.45426163761459,272,polymer;additive;salt,3,10.370470935852886,4.916209298238296
regression,descriptor24_buffer_regressor_mlp,descriptor24,MLP,all,43,polymer+additive+buffer,6.151283770350164,272,polymer;additive;buffer,3,10.370470935852886,4.2191871655027215
regression,descriptor24_buffer_regressor_mlp,descriptor24,MLP,all,43,polymer+salt+buffer,5.8031524256795946,272,polymer;salt;buffer,3,10.370470935852886,4.567318510173291
regression,descriptor24_buffer_regressor_mlp,descriptor24,MLP,all,43,additive+salt+buffer,7.079353260787611,272,additive;salt;buffer,3,10.370470935852886,3.2911176750652746
regression,descriptor24_buffer_regressor_mlp,descriptor24,MLP,all,43,polymer+additive+salt+buffer,4.773054880904495,272,polymer;additive;salt;buffer,4,10.370470935852886,5.597416054948391
regression,descriptor24_buffer_regressor_mlp,descriptor24,MLP,all,44,empty,10.426707427292808,272,,0,10.426707427292808,0.0
regression,descriptor24_buffer_regressor_mlp,descriptor24,MLP,all,44,polymer,6.737459982493754,272,polymer,1,10.426707427292808,3.6892474447990535
regression,descriptor24_buffer_regressor_mlp,descriptor24,MLP,all,44,additive,9.778775827249417,272,additive,1,10.426707427292808,0.6479316000433908
regression,descriptor24_buffer_regressor_mlp,descriptor24,MLP,all,44,salt,8.526953274068896,272,salt,1,10.426707427292808,1.8997541532239115
regression,descriptor24_buffer_regressor_mlp,descriptor24,MLP,all,44,buffer,10.48772410979006,272,buffer,1,10.426707427292808,-0.061016682497252006
regression,descriptor24_buffer_regressor_mlp,descriptor24,MLP,all,44,polymer+additive,6.5942498766945326,272,polymer;additive,2,10.426707427292808,3.832457550598275
regression,descriptor24_buffer_regressor_mlp,descriptor24,MLP,all,44,polymer+salt,6.61162107115717,272,polymer;salt,2,10.426707427292808,3.8150863561356374
regression,descriptor24_buffer_regressor_mlp,descriptor24,MLP,all,44,polymer+buffer,7.9299125520638185,272,polymer;buffer,2,10.426707427292808,2.4967948752289892
regression,descriptor24_buffer_regressor_mlp,descriptor24,MLP,all,44,additive+salt,8.02743532312408,272,additive;salt,2,10.426707427292808,2.3992721041687286
regression,descriptor24_buffer_regressor_mlp,descriptor24,MLP,all,44,additive+buffer,9.614988390809739,272,additive;buffer,2,10.426707427292808,0.8117190364830691
regression,descriptor24_buffer_regressor_mlp,descriptor24,MLP,all,44,salt+buffer,8.789229283542781,272,salt;buffer,2,10.426707427292808,1.6374781437500268
regression,descriptor24_buffer_regressor_mlp,descriptor24,MLP,all,44,polymer+additive+salt,6.032664647649186,272,polymer;additive;salt,3,10.426707427292808,4.394042779643621
regression,descriptor24_buffer_regressor_mlp,descriptor24,MLP,all,44,polymer+additive+buffer,6.829591758086558,272,polymer;additive;buffer,3,10.426707427292808,3.59711566920625
regression,descriptor24_buffer_regressor_mlp,descriptor24,MLP,all,44,polymer+salt+buffer,6.545962820245727,272,polymer;salt;buffer,3,10.426707427292808,3.880744607047081
regression,descriptor24_buffer_regressor_mlp,descriptor24,MLP,all,44,additive+salt+buffer,8.057805595692018,272,additive;salt;buffer,3,10.426707427292808,2.3689018316007893
regression,descriptor24_buffer_regressor_mlp,descriptor24,MLP,all,44,polymer+additive+salt+buffer,7.139350232097647,272,polymer;additive;salt;buffer,4,10.426707427292808,3.2873571951951606
regression,descriptor24_buffer_regressor_mlp,descriptor24,MLP,all,45,empty,10.353450790155122,272,,0,10.353450790155122,0.0
regression,descriptor24_buffer_regressor_mlp,descriptor24,MLP,all,45,polymer,6.786135161314728,272,polymer,1,10.353450790155122,3.5673156288403947
regression,descriptor24_buffer_regressor_mlp,descriptor24,MLP,all,45,additive,10.014720640733389,272,additive,1,10.353450790155122,0.33873014942173363
regression,descriptor24_buffer_regressor_mlp,descriptor24,MLP,all,45,salt,8.675908771435116,272,salt,1,10.353450790155122,1.6775420187200059
regression,descriptor24_buffer_regressor_mlp,descriptor24,MLP,all,45,buffer,10.377022206558694,272,buffer,1,10.353450790155122,-0.023571416403571632
regression,descriptor24_buffer_regressor_mlp,descriptor24,MLP,all,45,polymer+additive,7.328197010499751,272,polymer;additive,2,10.353450790155122,3.0252537796553716
regression,descriptor24_buffer_regressor_mlp,descriptor24,MLP,all,45,polymer+salt,6.957600200611791,272,polymer;salt,2,10.353450790155122,3.395850589543331
regression,descriptor24_buffer_regressor_mlp,descriptor24,MLP,all,45,polymer+buffer,7.420368085043219,272,polymer;buffer,2,10.353450790155122,2.933082705111903
regression,descriptor24_buffer_regressor_mlp,descriptor24,MLP,all,45,additive+salt,7.536536385861405,272,additive;salt,2,10.353450790155122,2.8169144042937173
regression,descriptor24_buffer_regressor_mlp,descriptor24,MLP,all,45,additive+buffer,9.612322433074361,272,additive;buffer,2,10.353450790155122,0.7411283570807612
regression,descriptor24_buffer_regressor_mlp,descriptor24,MLP,all,45,salt+buffer,8.699194857263738,272,salt;buffer,2,10.353450790155122,1.6542559328913846
regression,descriptor24_buffer_regressor_mlp,descriptor24,MLP,all,45,polymer+additive+salt,5.9681659776564615,272,polymer;additive;salt,3,10.353450790155122,4.385284812498661
regression,descriptor24_buffer_regressor_mlp,descriptor24,MLP,all,45,polymer+additive+buffer,6.372855801260065,272,polymer;additive;buffer,3,10.353450790155122,3.9805949888950574
regression,descriptor24_buffer_regressor_mlp,descriptor24,MLP,all,45,polymer+salt+buffer,6.87493069029823,272,polymer;salt;buffer,3,10.353450790155122,3.478520099856892
regression,descriptor24_buffer_regressor_mlp,descriptor24,MLP,all,45,additive+salt+buffer,7.723355496687272,272,additive;salt;buffer,3,10.353450790155122,2.63009529346785
regression,descriptor24_buffer_regressor_mlp,descriptor24,MLP,all,45,polymer+additive+salt+buffer,5.774756316436673,272,polymer;additive;salt;buffer,4,10.353450790155122,4.578694473718449
regression,descriptor24_buffer_regressor_mlp,descriptor24,MLP,all,46,empty,10.380226902829362,272,,0,10.380226902829362,0.0
regression,descriptor24_buffer_regressor_mlp,descriptor24,MLP,all,46,polymer,6.721747903862476,272,polymer,1,10.380226902829362,3.6584789989668858
regression,descriptor24_buffer_regressor_mlp,descriptor24,MLP,all,46,additive,10.04597646517201,272,additive,1,10.380226902829362,0.3342504376573512
regression,descriptor24_buffer_regressor_mlp,descriptor24,MLP,all,46,salt,8.649799939825552,272,salt,1,10.380226902829362,1.7304269630038096
regression,descriptor24_buffer_regressor_mlp,descriptor24,MLP,all,46,buffer,10.248756413087609,272,buffer,1,10.380226902829362,0.13147048974175313
regression,descriptor24_buffer_regressor_mlp,descriptor24,MLP,all,46,polymer+additive,6.437518074072613,272,polymer;additive,2,10.380226902829362,3.942708828756749
regression,descriptor24_buffer_regressor_mlp,descriptor24,MLP,all,46,polymer+salt,6.228751574793072,272,polymer;salt,2,10.380226902829362,4.15147532803629
regression,descriptor24_buffer_regressor_mlp,descriptor24,MLP,all,46,polymer+buffer,6.384657497086279,272,polymer;buffer,2,10.380226902829362,3.9955694057430833
regression,descriptor24_buffer_regressor_mlp,descriptor24,MLP,all,46,additive+salt,8.059630657094882,272,additive;salt,2,10.380226902829362,2.32059624573448
regression,descriptor24_buffer_regressor_mlp,descriptor24,MLP,all,46,additive+buffer,9.602237150935316,272,additive;buffer,2,10.380226902829362,0.7779897518940455
regression,descriptor24_buffer_regressor_mlp,descriptor24,MLP,all,46,salt+buffer,8.44259155325593,272,salt;buffer,2,10.380226902829362,1.9376353495734318
regression,descriptor24_buffer_regressor_mlp,descriptor24,MLP,all,46,polymer+additive+salt,5.223327338939924,272,polymer;additive;salt,3,10.380226902829362,5.1568995638894375
regression,descriptor24_buffer_regressor_mlp,descriptor24,MLP,all,46,polymer+additive+buffer,6.240074734407759,272,polymer;additive;buffer,3,10.380226902829362,4.1401521684216025
regression,descriptor24_buffer_regressor_mlp,descriptor24,MLP,all,46,polymer+salt+buffer,6.247328548491631,272,polymer;salt;buffer,3,10.380226902829362,4.132898354337731
regression,descriptor24_buffer_regressor_mlp,descriptor24,MLP,all,46,additive+salt+buffer,7.641610047006044,272,additive;salt;buffer,3,10.380226902829362,2.7386168558233175
regression,descriptor24_buffer_regressor_mlp,descriptor24,MLP,all,46,polymer+additive+salt+buffer,4.805829063703817,272,polymer;additive;salt;buffer,4,10.380226902829362,5.574397839125545
regression,two_slot_pca38_buffer_regressor_xgboost,two_slot38,XGBoost,all,42,empty,10.402929907257958,272,,0,10.402929907257958,0.0
regression,two_slot_pca38_buffer_regressor_xgboost,two_slot38,XGBoost,all,42,polymer,6.74061174667634,272,polymer,1,10.402929907257958,3.662318160581618
regression,two_slot_pca38_buffer_regressor_xgboost,two_slot38,XGBoost,all,42,additive,9.714478605663453,272,additive,1,10.402929907257958,0.6884513015945046
regression,two_slot_pca38_buffer_regressor_xgboost,two_slot38,XGBoost,all,42,salt,8.350319240061554,272,salt,1,10.402929907257958,2.0526106671964044
regression,two_slot_pca38_buffer_regressor_xgboost,two_slot38,XGBoost,all,42,buffer,10.461153138824576,272,buffer,1,10.402929907257958,-0.05822323156661824
regression,two_slot_pca38_buffer_regressor_xgboost,two_slot38,XGBoost,all,42,polymer+additive,5.673613370052066,272,polymer;additive,2,10.402929907257958,4.729316537205892
regression,two_slot_pca38_buffer_regressor_xgboost,two_slot38,XGBoost,all,42,polymer+salt,6.430117731521146,272,polymer;salt,2,10.402929907257958,3.972812175736812
regression,two_slot_pca38_buffer_regressor_xgboost,two_slot38,XGBoost,all,42,polymer+buffer,5.745538518464586,272,polymer;buffer,2,10.402929907257958,4.657391388793372
regression,two_slot_pca38_buffer_regressor_xgboost,two_slot38,XGBoost,all,42,additive+salt,7.108546799984877,272,additive;salt,2,10.402929907257958,3.294383107273081
regression,two_slot_pca38_buffer_regressor_xgboost,two_slot38,XGBoost,all,42,additive+buffer,9.527253522701171,272,additive;buffer,2,10.402929907257958,0.8756763845567868
regression,two_slot_pca38_buffer_regressor_xgboost,two_slot38,XGBoost,all,42,salt+buffer,8.207517740356574,272,salt;buffer,2,10.402929907257958,2.1954121669013844
regression,two_slot_pca38_buffer_regressor_xgboost,two_slot38,XGBoost,all,42,polymer+additive+salt,4.991968345988244,272,polymer;additive;salt,3,10.402929907257958,5.410961561269714
regression,two_slot_pca38_buffer_regressor_xgboost,two_slot38,XGBoost,all,42,polymer+additive+buffer,4.499696244465424,272,polymer;additive;buffer,3,10.402929907257958,5.903233662792534
regression,two_slot_pca38_buffer_regressor_xgboost,two_slot38,XGBoost,all,42,polymer+salt+buffer,5.349918554297095,272,polymer;salt;buffer,3,10.402929907257958,5.053011352960863
regression,two_slot_pca38_buffer_regressor_xgboost,two_slot38,XGBoost,all,42,additive+salt+buffer,6.946790051347739,272,additive;salt;buffer,3,10.402929907257958,3.4561398559102186
regression,two_slot_pca38_buffer_regressor_xgboost,two_slot38,XGBoost,all,42,polymer+additive+salt+buffer,3.8199582780980808,272,polymer;additive;salt;buffer,4,10.402929907257958,6.582971629159877
regression,two_slot_pca38_buffer_regressor_xgboost,two_slot38,XGBoost,all,43,empty,10.370470935852886,272,,0,10.370470935852886,0.0
regression,two_slot_pca38_buffer_regressor_xgboost,two_slot38,XGBoost,all,43,polymer,6.674714281612484,272,polymer,1,10.370470935852886,3.6957566542404017
regression,two_slot_pca38_buffer_regressor_xgboost,two_slot38,XGBoost,all,43,additive,9.64058083715004,272,additive,1,10.370470935852886,0.729890098702846
regression,two_slot_pca38_buffer_regressor_xgboost,two_slot38,XGBoost,all,43,salt,8.423944571352227,272,salt,1,10.370470935852886,1.9465263645006594
regression,two_slot_pca38_buffer_regressor_xgboost,two_slot38,XGBoost,all,43,buffer,10.448359406826457,272,buffer,1,10.370470935852886,-0.07788847097357099
regression,two_slot_pca38_buffer_regressor_xgboost,two_slot38,XGBoost,all,43,polymer+additive,5.451378105912157,272,polymer;additive,2,10.370470935852886,4.919092829940729
regression,two_slot_pca38_buffer_regressor_xgboost,two_slot38,XGBoost,all,43,polymer+salt,6.184612351872377,272,polymer;salt,2,10.370470935852886,4.185858583980509
regression,two_slot_pca38_buffer_regressor_xgboost,two_slot38,XGBoost,all,43,polymer+buffer,5.543429167565039,272,polymer;buffer,2,10.370470935852886,4.827041768287847
regression,two_slot_pca38_buffer_regressor_xgboost,two_slot38,XGBoost,all,43,additive+salt,6.876308580884906,272,additive;salt,2,10.370470935852886,3.4941623549679797
regression,two_slot_pca38_buffer_regressor_xgboost,two_slot38,XGBoost,all,43,additive+buffer,9.439247904409699,272,additive;buffer,2,10.370470935852886,0.9312230314431869
regression,two_slot_pca38_buffer_regressor_xgboost,two_slot38,XGBoost,all,43,salt+buffer,8.185992328394947,272,salt;buffer,2,10.370470935852886,2.1844786074579385
regression,two_slot_pca38_buffer_regressor_xgboost,two_slot38,XGBoost,all,43,polymer+additive+salt,4.548176108172601,272,polymer;additive;salt,3,10.370470935852886,5.822294827680285
regression,two_slot_pca38_buffer_regressor_xgboost,two_slot38,XGBoost,all,43,polymer+additive+buffer,4.275693779566801,272,polymer;additive;buffer,3,10.370470935852886,6.094777156286085
regression,two_slot_pca38_buffer_regressor_xgboost,two_slot38,XGBoost,all,43,polymer+salt+buffer,5.040295958046789,272,polymer;salt;buffer,3,10.370470935852886,5.330174977806097
regression,two_slot_pca38_buffer_regressor_xgboost,two_slot38,XGBoost,all,43,additive+salt+buffer,6.648977913432939,272,additive;salt;buffer,3,10.370470935852886,3.7214930224199465
regression,two_slot_pca38_buffer_regressor_xgboost,two_slot38,XGBoost,all,43,polymer+additive+salt+buffer,3.345756516231756,272,polymer;additive;salt;buffer,4,10.370470935852886,7.02471441962113
regression,two_slot_pca38_buffer_regressor_xgboost,two_slot38,XGBoost,all,44,empty,10.426707427292808,272,,0,10.426707427292808,0.0
regression,two_slot_pca38_buffer_regressor_xgboost,two_slot38,XGBoost,all,44,polymer,6.824495676929075,272,polymer,1,10.426707427292808,3.6022117503637325
regression,two_slot_pca38_buffer_regressor_xgboost,two_slot38,XGBoost,all,44,additive,9.88942408482194,272,additive,1,10.426707427292808,0.5372833424708681
regression,two_slot_pca38_buffer_regressor_xgboost,two_slot38,XGBoost,all,44,salt,8.39338766487686,272,salt,1,10.426707427292808,2.033319762415948
regression,two_slot_pca38_buffer_regressor_xgboost,two_slot38,XGBoost,all,44,buffer,10.472022440732733,272,buffer,1,10.426707427292808,-0.04531501343992517
regression,two_slot_pca38_buffer_regressor_xgboost,two_slot38,XGBoost,all,44,polymer+additive,5.5395990229510454,272,polymer;additive,2,10.426707427292808,4.887108404341762
regression,two_slot_pca38_buffer_regressor_xgboost,two_slot38,XGBoost,all,44,polymer+salt,6.382203563468046,272,polymer;salt,2,10.426707427292808,4.044503863824762
regression,two_slot_pca38_buffer_regressor_xgboost,two_slot38,XGBoost,all,44,polymer+buffer,5.732981051575312,272,polymer;buffer,2,10.426707427292808,4.693726375717496
regression,two_slot_pca38_buffer_regressor_xgboost,two_slot38,XGBoost,all,44,additive+salt,7.226408789081014,272,additive;salt,2,10.426707427292808,3.2002986382117937
regression,two_slot_pca38_buffer_regressor_xgboost,two_slot38,XGBoost,all,44,additive+buffer,9.737906031476339,272,additive;buffer,2,10.426707427292808,0.6888013958164692
regression,two_slot_pca38_buffer_regressor_xgboost,two_slot38,XGBoost,all,44,salt+buffer,8.17833289592758,272,salt;buffer,2,10.426707427292808,2.2483745313652275
regression,two_slot_pca38_buffer_regressor_xgboost,two_slot38,XGBoost,all,44,polymer+additive+salt,4.782293402514748,272,polymer;additive;salt,3,10.426707427292808,5.64441402477806
regression,two_slot_pca38_buffer_regressor_xgboost,two_slot38,XGBoost,all,44,polymer+additive+buffer,4.429144715107161,272,polymer;additive;buffer,3,10.426707427292808,5.997562712185647
regression,two_slot_pca38_buffer_regressor_xgboost,two_slot38,XGBoost,all,44,polymer+salt+buffer,5.28895237977254,272,polymer;salt;buffer,3,10.426707427292808,5.137755047520268
regression,two_slot_pca38_buffer_regressor_xgboost,two_slot38,XGBoost,all,44,additive+salt+buffer,7.071145915135887,272,additive;salt;buffer,3,10.426707427292808,3.355561512156921
regression,two_slot_pca38_buffer_regressor_xgboost,two_slot38,XGBoost,all,44,polymer+additive+salt+buffer,3.7328752515357015,272,polymer;additive;salt;buffer,4,10.426707427292808,6.693832175757106
regression,two_slot_pca38_buffer_regressor_xgboost,two_slot38,XGBoost,all,45,empty,10.353450790155122,272,,0,10.353450790155122,0.0
regression,two_slot_pca38_buffer_regressor_xgboost,two_slot38,XGBoost,all,45,polymer,6.605483501259738,272,polymer,1,10.353450790155122,3.747967288895384
regression,two_slot_pca38_buffer_regressor_xgboost,two_slot38,XGBoost,all,45,additive,9.664906744192931,272,additive,1,10.353450790155122,0.6885440459621908
regression,two_slot_pca38_buffer_regressor_xgboost,two_slot38,XGBoost,all,45,salt,8.450832394550861,272,salt,1,10.353450790155122,1.9026183956042608
regression,two_slot_pca38_buffer_regressor_xgboost,two_slot38,XGBoost,all,45,buffer,10.426042212850946,272,buffer,1,10.353450790155122,-0.07259142269582419
regression,two_slot_pca38_buffer_regressor_xgboost,two_slot38,XGBoost,all,45,polymer+additive,5.4252177755842625,272,polymer;additive,2,10.353450790155122,4.92823301457086
regression,two_slot_pca38_buffer_regressor_xgboost,two_slot38,XGBoost,all,45,polymer+salt,6.385550734418007,272,polymer;salt,2,10.353450790155122,3.9679000557371156
regression,two_slot_pca38_buffer_regressor_xgboost,two_slot38,XGBoost,all,45,polymer+buffer,5.649437657536973,272,polymer;buffer,2,10.353450790155122,4.704013132618149
regression,two_slot_pca38_buffer_regressor_xgboost,two_slot38,XGBoost,all,45,additive+salt,7.0924940542934145,272,additive;salt,2,10.353450790155122,3.2609567358617078
regression,two_slot_pca38_buffer_regressor_xgboost,two_slot38,XGBoost,all,45,additive+buffer,9.376357864730354,272,additive;buffer,2,10.353450790155122,0.9770929254247687
regression,two_slot_pca38_buffer_regressor_xgboost,two_slot38,XGBoost,all,45,salt+buffer,8.185121175494624,272,salt;buffer,2,10.353450790155122,2.1683296146604985
regression,two_slot_pca38_buffer_regressor_xgboost,two_slot38,XGBoost,all,45,polymer+additive+salt,4.774925993420128,272,polymer;additive;salt,3,10.353450790155122,5.578524796734994
regression,two_slot_pca38_buffer_regressor_xgboost,two_slot38,XGBoost,all,45,polymer+additive+buffer,4.441760506330457,272,polymer;additive;buffer,3,10.353450790155122,5.911690283824665
regression,two_slot_pca38_buffer_regressor_xgboost,two_slot38,XGBoost,all,45,polymer+salt+buffer,5.428197666912953,272,polymer;salt;buffer,3,10.353450790155122,4.925253123242169
regression,two_slot_pca38_buffer_regressor_xgboost,two_slot38,XGBoost,all,45,additive+salt+buffer,6.817096390837036,272,additive;salt;buffer,3,10.353450790155122,3.5363543993180864
regression,two_slot_pca38_buffer_regressor_xgboost,two_slot38,XGBoost,all,45,polymer+additive+salt+buffer,3.7611948665966226,272,polymer;additive;salt;buffer,4,10.353450790155122,6.5922559235585
regression,two_slot_pca38_buffer_regressor_xgboost,two_slot38,XGBoost,all,46,empty,10.380226902829362,272,,0,10.380226902829362,0.0
regression,two_slot_pca38_buffer_regressor_xgboost,two_slot38,XGBoost,all,46,polymer,6.588446958931151,272,polymer,1,10.380226902829362,3.791779943898211
regression,two_slot_pca38_buffer_regressor_xgboost,two_slot38,XGBoost,all,46,additive,9.621003028323926,272,additive,1,10.380226902829362,0.7592238745054356
regression,two_slot_pca38_buffer_regressor_xgboost,two_slot38,XGBoost,all,46,salt,8.301453730993153,272,salt,1,10.380226902829362,2.0787731718362092
regression,two_slot_pca38_buffer_regressor_xgboost,two_slot38,XGBoost,all,46,buffer,10.456923812856902,272,buffer,1,10.380226902829362,-0.07669691002753964
regression,two_slot_pca38_buffer_regressor_xgboost,two_slot38,XGBoost,all,46,polymer+additive,5.244464079047634,272,polymer;additive,2,10.380226902829362,5.135762823781728
regression,two_slot_pca38_buffer_regressor_xgboost,two_slot38,XGBoost,all,46,polymer+salt,6.214534789513332,272,polymer;salt,2,10.380226902829362,4.16569211331603
regression,two_slot_pca38_buffer_regressor_xgboost,two_slot38,XGBoost,all,46,polymer+buffer,5.556316882390609,272,polymer;buffer,2,10.380226902829362,4.823910020438753
regression,two_slot_pca38_buffer_regressor_xgboost,two_slot38,XGBoost,all,46,additive+salt,6.899857376652641,272,additive;salt,2,10.380226902829362,3.4803695261767205
regression,two_slot_pca38_buffer_regressor_xgboost,two_slot38,XGBoost,all,46,additive+buffer,9.290098284028607,272,additive;buffer,2,10.380226902829362,1.0901286188007546
regression,two_slot_pca38_buffer_regressor_xgboost,two_slot38,XGBoost,all,46,salt+buffer,8.027857305531482,272,salt;buffer,2,10.380226902829362,2.35236959729788
regression,two_slot_pca38_buffer_regressor_xgboost,two_slot38,XGBoost,all,46,polymer+additive+salt,4.579917438635885,272,polymer;additive;salt,3,10.380226902829362,5.800309464193477
regression,two_slot_pca38_buffer_regressor_xgboost,two_slot38,XGBoost,all,46,polymer+additive+buffer,4.104756902419408,272,polymer;additive;buffer,3,10.380226902829362,6.275470000409954
regression,two_slot_pca38_buffer_regressor_xgboost,two_slot38,XGBoost,all,46,polymer+salt+buffer,5.137530390743486,272,polymer;salt;buffer,3,10.380226902829362,5.2426965120858755
regression,two_slot_pca38_buffer_regressor_xgboost,two_slot38,XGBoost,all,46,additive+salt+buffer,6.684488879588102,272,additive;salt;buffer,3,10.380226902829362,3.69573802324126
regression,two_slot_pca38_buffer_regressor_xgboost,two_slot38,XGBoost,all,46,polymer+additive+salt+buffer,3.5046783873876852,272,polymer;additive;salt;buffer,4,10.380226902829362,6.875548515441677
regression,two_slot_pca38_buffer_regressor_mlp,two_slot38,MLP,all,42,empty,10.402929907257958,272,,0,10.402929907257958,0.0
regression,two_slot_pca38_buffer_regressor_mlp,two_slot38,MLP,all,42,polymer,6.553529849415506,272,polymer,1,10.402929907257958,3.849400057842452
regression,two_slot_pca38_buffer_regressor_mlp,two_slot38,MLP,all,42,additive,9.799980428555024,272,additive,1,10.402929907257958,0.6029494787029339
regression,two_slot_pca38_buffer_regressor_mlp,two_slot38,MLP,all,42,salt,8.259092934367434,272,salt,1,10.402929907257958,2.143836972890524
regression,two_slot_pca38_buffer_regressor_mlp,two_slot38,MLP,all,42,buffer,10.184573052736313,272,buffer,1,10.402929907257958,0.21835685452164455
regression,two_slot_pca38_buffer_regressor_mlp,two_slot38,MLP,all,42,polymer+additive,6.453590971059498,272,polymer;additive,2,10.402929907257958,3.94933893619846
regression,two_slot_pca38_buffer_regressor_mlp,two_slot38,MLP,all,42,polymer+salt,6.581113453159161,272,polymer;salt,2,10.402929907257958,3.821816454098797
regression,two_slot_pca38_buffer_regressor_mlp,two_slot38,MLP,all,42,polymer+buffer,6.700068416242665,272,polymer;buffer,2,10.402929907257958,3.702861491015293
regression,two_slot_pca38_buffer_regressor_mlp,two_slot38,MLP,all,42,additive+salt,7.553293468273076,272,additive;salt,2,10.402929907257958,2.8496364389848816
regression,two_slot_pca38_buffer_regressor_mlp,two_slot38,MLP,all,42,additive+buffer,9.359462565558065,272,additive;buffer,2,10.402929907257958,1.043467341699893
regression,two_slot_pca38_buffer_regressor_mlp,two_slot38,MLP,all,42,salt+buffer,8.18456267974789,272,salt;buffer,2,10.402929907257958,2.2183672275100683
regression,two_slot_pca38_buffer_regressor_mlp,two_slot38,MLP,all,42,polymer+additive+salt,5.601672635024271,272,polymer;additive;salt,3,10.402929907257958,4.801257272233687
regression,two_slot_pca38_buffer_regressor_mlp,two_slot38,MLP,all,42,polymer+additive+buffer,6.259809414145855,272,polymer;additive;buffer,3,10.402929907257958,4.143120493112103
regression,two_slot_pca38_buffer_regressor_mlp,two_slot38,MLP,all,42,polymer+salt+buffer,7.293464049211128,272,polymer;salt;buffer,3,10.402929907257958,3.10946585804683
regression,two_slot_pca38_buffer_regressor_mlp,two_slot38,MLP,all,42,additive+salt+buffer,7.14986315703428,272,additive;salt;buffer,3,10.402929907257958,3.2530667502236783
regression,two_slot_pca38_buffer_regressor_mlp,two_slot38,MLP,all,42,polymer+additive+salt+buffer,5.728643408422863,272,polymer;additive;salt;buffer,4,10.402929907257958,4.674286498835095
regression,two_slot_pca38_buffer_regressor_mlp,two_slot38,MLP,all,43,empty,10.370470935852886,272,,0,10.370470935852886,0.0
regression,two_slot_pca38_buffer_regressor_mlp,two_slot38,MLP,all,43,polymer,6.667402911934344,272,polymer,1,10.370470935852886,3.703068023918542
regression,two_slot_pca38_buffer_regressor_mlp,two_slot38,MLP,all,43,additive,9.833574787076675,272,additive,1,10.370470935852886,0.5368961487762114
regression,two_slot_pca38_buffer_regressor_mlp,two_slot38,MLP,all,43,salt,8.124836261568992,272,salt,1,10.370470935852886,2.2456346742838935
regression,two_slot_pca38_buffer_regressor_mlp,two_slot38,MLP,all,43,buffer,10.316295064586035,272,buffer,1,10.370470935852886,0.054175871266851416
regression,two_slot_pca38_buffer_regressor_mlp,two_slot38,MLP,all,43,polymer+additive,6.751191465930045,272,polymer;additive,2,10.370470935852886,3.6192794699228408
regression,two_slot_pca38_buffer_regressor_mlp,two_slot38,MLP,all,43,polymer+salt,7.312743045638691,272,polymer;salt,2,10.370470935852886,3.0577278902141947
regression,two_slot_pca38_buffer_regressor_mlp,two_slot38,MLP,all,43,polymer+buffer,6.177577334834676,272,polymer;buffer,2,10.370470935852886,4.19289360101821
regression,two_slot_pca38_buffer_regressor_mlp,two_slot38,MLP,all,43,additive+salt,7.8408909071381725,272,additive;salt,2,10.370470935852886,2.5295800287147134
regression,two_slot_pca38_buffer_regressor_mlp,two_slot38,MLP,all,43,additive+buffer,9.620832518465038,272,additive;buffer,2,10.370470935852886,0.7496384173878479
regression,two_slot_pca38_buffer_regressor_mlp,two_slot38,MLP,all,43,salt+buffer,7.928533173222736,272,salt;buffer,2,10.370470935852886,2.4419377626301495
regression,two_slot_pca38_buffer_regressor_mlp,two_slot38,MLP,all,43,polymer+additive+salt,6.069097399702325,272,polymer;additive;salt,3,10.370470935852886,4.301373536150561
regression,two_slot_pca38_buffer_regressor_mlp,two_slot38,MLP,all,43,polymer+additive+buffer,6.082788367982069,272,polymer;additive;buffer,3,10.370470935852886,4.287682567870817
regression,two_slot_pca38_buffer_regressor_mlp,two_slot38,MLP,all,43,polymer+salt+buffer,7.647681584821214,272,polymer;salt;buffer,3,10.370470935852886,2.722789351031672
regression,two_slot_pca38_buffer_regressor_mlp,two_slot38,MLP,all,43,additive+salt+buffer,7.14467978540642,272,additive;salt;buffer,3,10.370470935852886,3.225791150446466
regression,two_slot_pca38_buffer_regressor_mlp,two_slot38,MLP,all,43,polymer+additive+salt+buffer,5.058003206526946,272,polymer;additive;salt;buffer,4,10.370470935852886,5.31246772932594
regression,two_slot_pca38_buffer_regressor_mlp,two_slot38,MLP,all,44,empty,10.426707427292808,272,,0,10.426707427292808,0.0
regression,two_slot_pca38_buffer_regressor_mlp,two_slot38,MLP,all,44,polymer,6.737459982493754,272,polymer,1,10.426707427292808,3.6892474447990535
regression,two_slot_pca38_buffer_regressor_mlp,two_slot38,MLP,all,44,additive,9.8268517176193,272,additive,1,10.426707427292808,0.5998557096735073
regression,two_slot_pca38_buffer_regressor_mlp,two_slot38,MLP,all,44,salt,8.340546633454771,272,salt,1,10.426707427292808,2.0861607938380367
regression,two_slot_pca38_buffer_regressor_mlp,two_slot38,MLP,all,44,buffer,10.48772410979006,272,buffer,1,10.426707427292808,-0.061016682497252006
regression,two_slot_pca38_buffer_regressor_mlp,two_slot38,MLP,all,44,polymer+additive,7.446884281683061,272,polymer;additive,2,10.426707427292808,2.979823145609747
regression,two_slot_pca38_buffer_regressor_mlp,two_slot38,MLP,all,44,polymer+salt,7.195377328906114,272,polymer;salt,2,10.426707427292808,3.231330098386694
regression,two_slot_pca38_buffer_regressor_mlp,two_slot38,MLP,all,44,polymer+buffer,7.9299125520638185,272,polymer;buffer,2,10.426707427292808,2.4967948752289892
regression,two_slot_pca38_buffer_regressor_mlp,two_slot38,MLP,all,44,additive+salt,7.674734025473401,272,additive;salt,2,10.426707427292808,2.7519734018194066
regression,two_slot_pca38_buffer_regressor_mlp,two_slot38,MLP,all,44,additive+buffer,9.900179777136797,272,additive;buffer,2,10.426707427292808,0.5265276501560106
regression,two_slot_pca38_buffer_regressor_mlp,two_slot38,MLP,all,44,salt+buffer,8.26816905413883,272,salt;buffer,2,10.426707427292808,2.158538373153977
regression,two_slot_pca38_buffer_regressor_mlp,two_slot38,MLP,all,44,polymer+additive+salt,6.496572759532061,272,polymer;additive;salt,3,10.426707427292808,3.930134667760747
regression,two_slot_pca38_buffer_regressor_mlp,two_slot38,MLP,all,44,polymer+additive+buffer,8.073603403646915,272,polymer;additive;buffer,3,10.426707427292808,2.3531040236458924
regression,two_slot_pca38_buffer_regressor_mlp,two_slot38,MLP,all,44,polymer+salt+buffer,7.919496041735406,272,polymer;salt;buffer,3,10.426707427292808,2.507211385557402
regression,two_slot_pca38_buffer_regressor_mlp,two_slot38,MLP,all,44,additive+salt+buffer,7.784412462918749,272,additive;salt;buffer,3,10.426707427292808,2.6422949643740585
regression,two_slot_pca38_buffer_regressor_mlp,two_slot38,MLP,all,44,polymer+additive+salt+buffer,6.4699683632938045,272,polymer;additive;salt;buffer,4,10.426707427292808,3.956739063999003
regression,two_slot_pca38_buffer_regressor_mlp,two_slot38,MLP,all,45,empty,10.353450790155122,272,,0,10.353450790155122,0.0
regression,two_slot_pca38_buffer_regressor_mlp,two_slot38,MLP,all,45,polymer,6.786135161314728,272,polymer,1,10.353450790155122,3.5673156288403947
regression,two_slot_pca38_buffer_regressor_mlp,two_slot38,MLP,all,45,additive,10.001099225482948,272,additive,1,10.353450790155122,0.35235156467217443
regression,two_slot_pca38_buffer_regressor_mlp,two_slot38,MLP,all,45,salt,8.206147474670388,272,salt,1,10.353450790155122,2.1473033154847343
regression,two_slot_pca38_buffer_regressor_mlp,two_slot38,MLP,all,45,buffer,10.377022206558694,272,buffer,1,10.353450790155122,-0.023571416403571632
regression,two_slot_pca38_buffer_regressor_mlp,two_slot38,MLP,all,45,polymer+additive,7.194359607997827,272,polymer;additive,2,10.353450790155122,3.1590911821572956
regression,two_slot_pca38_buffer_regressor_mlp,two_slot38,MLP,all,45,polymer+salt,7.528715359317725,272,polymer;salt,2,10.353450790155122,2.8247354308373973
regression,two_slot_pca38_buffer_regressor_mlp,two_slot38,MLP,all,45,polymer+buffer,7.420368085043219,272,polymer;buffer,2,10.353450790155122,2.933082705111903
regression,two_slot_pca38_buffer_regressor_mlp,two_slot38,MLP,all,45,additive+salt,7.666967598821219,272,additive;salt,2,10.353450790155122,2.6864831913339033
regression,two_slot_pca38_buffer_regressor_mlp,two_slot38,MLP,all,45,additive+buffer,9.91235719546792,272,additive;buffer,2,10.353450790155122,0.441093594687203
regression,two_slot_pca38_buffer_regressor_mlp,two_slot38,MLP,all,45,salt+buffer,8.130401886431484,272,salt;buffer,2,10.353450790155122,2.2230489037236385
regression,two_slot_pca38_buffer_regressor_mlp,two_slot38,MLP,all,45,polymer+additive+salt,5.599511102706459,272,polymer;additive;salt,3,10.353450790155122,4.753939687448663
regression,two_slot_pca38_buffer_regressor_mlp,two_slot38,MLP,all,45,polymer+additive+buffer,7.431085328881984,272,polymer;additive;buffer,3,10.353450790155122,2.922365461273138
regression,two_slot_pca38_buffer_regressor_mlp,two_slot38,MLP,all,45,polymer+salt+buffer,7.58592313602933,272,polymer;salt;buffer,3,10.353450790155122,2.767527654125792
regression,two_slot_pca38_buffer_regressor_mlp,two_slot38,MLP,all,45,additive+salt+buffer,7.695720244022311,272,additive;salt;buffer,3,10.353450790155122,2.657730546132811
regression,two_slot_pca38_buffer_regressor_mlp,two_slot38,MLP,all,45,polymer+additive+salt+buffer,6.185415055574754,272,polymer;additive;salt;buffer,4,10.353450790155122,4.168035734580369
regression,two_slot_pca38_buffer_regressor_mlp,two_slot38,MLP,all,46,empty,10.380226902829362,272,,0,10.380226902829362,0.0
regression,two_slot_pca38_buffer_regressor_mlp,two_slot38,MLP,all,46,polymer,6.721747903862476,272,polymer,1,10.380226902829362,3.6584789989668858
regression,two_slot_pca38_buffer_regressor_mlp,two_slot38,MLP,all,46,additive,10.244092595339788,272,additive,1,10.380226902829362,0.13613430748957356
regression,two_slot_pca38_buffer_regressor_mlp,two_slot38,MLP,all,46,salt,8.20439149679862,272,salt,1,10.380226902829362,2.1758354060307425
regression,two_slot_pca38_buffer_regressor_mlp,two_slot38,MLP,all,46,buffer,10.248756413087609,272,buffer,1,10.380226902829362,0.13147048974175313
regression,two_slot_pca38_buffer_regressor_mlp,two_slot38,MLP,all,46,polymer+additive,6.478751350729214,272,polymer;additive,2,10.380226902829362,3.9014755521001483
regression,two_slot_pca38_buffer_regressor_mlp,two_slot38,MLP,all,46,polymer+salt,6.512820963236379,272,polymer;salt,2,10.380226902829362,3.8674059395929827
regression,two_slot_pca38_buffer_regressor_mlp,two_slot38,MLP,all,46,polymer+buffer,6.384657497086279,272,polymer;buffer,2,10.380226902829362,3.9955694057430833
regression,two_slot_pca38_buffer_regressor_mlp,two_slot38,MLP,all,46,additive+salt,7.713243069543353,272,additive;salt,2,10.380226902829362,2.666983833286009
regression,two_slot_pca38_buffer_regressor_mlp,two_slot38,MLP,all,46,additive+buffer,9.65005841833581,272,additive;buffer,2,10.380226902829362,0.7301684844935519
regression,two_slot_pca38_buffer_regressor_mlp,two_slot38,MLP,all,46,salt+buffer,8.096334372007293,272,salt;buffer,2,10.380226902829362,2.283892530822069
regression,two_slot_pca38_buffer_regressor_mlp,two_slot38,MLP,all,46,polymer+additive+salt,5.511406174458084,272,polymer;additive;salt,3,10.380226902829362,4.868820728371278
regression,two_slot_pca38_buffer_regressor_mlp,two_slot38,MLP,all,46,polymer+additive+buffer,6.256388964213482,272,polymer;additive;buffer,3,10.380226902829362,4.12383793861588
regression,two_slot_pca38_buffer_regressor_mlp,two_slot38,MLP,all,46,polymer+salt+buffer,6.287921634927891,272,polymer;salt;buffer,3,10.380226902829362,4.092305267901471
regression,two_slot_pca38_buffer_regressor_mlp,two_slot38,MLP,all,46,additive+salt+buffer,7.146171551947513,272,additive;salt;buffer,3,10.380226902829362,3.2340553508818486
regression,two_slot_pca38_buffer_regressor_mlp,two_slot38,MLP,all,46,polymer+additive+salt+buffer,4.690087355580852,272,polymer;additive;salt;buffer,4,10.380226902829362,5.69013954724851
classification,descriptor24_buffer_classifier_xgboost,descriptor24,XGBoost,all,42,empty,0.8247393937014352,403,,0,0.8247393937014352,0.0
classification,descriptor24_buffer_classifier_xgboost,descriptor24,XGBoost,all,42,polymer,0.6782100669834991,403,polymer,1,0.8247393937014352,0.14652932671793617
classification,descriptor24_buffer_classifier_xgboost,descriptor24,XGBoost,all,42,additive,0.5257105795153049,403,additive,1,0.8247393937014352,0.29902881418613037
classification,descriptor24_buffer_classifier_xgboost,descriptor24,XGBoost,all,42,salt,0.8199049133954915,403,salt,1,0.8247393937014352,0.004834480305943689
classification,descriptor24_buffer_classifier_xgboost,descriptor24,XGBoost,all,42,buffer,0.8209050619255999,403,buffer,1,0.8247393937014352,0.0038343317758353646
classification,descriptor24_buffer_classifier_xgboost,descriptor24,XGBoost,all,42,polymer+additive,0.36352969607374436,403,polymer;additive,2,0.8247393937014352,0.4612096976276909
classification,descriptor24_buffer_classifier_xgboost,descriptor24,XGBoost,all,42,polymer+salt,0.7015979230879292,403,polymer;salt,2,0.8247393937014352,0.123141470613506
classification,descriptor24_buffer_classifier_xgboost,descriptor24,XGBoost,all,42,polymer+buffer,0.6534909520783377,403,polymer;buffer,2,0.8247393937014352,0.1712484416230975
classification,descriptor24_buffer_classifier_xgboost,descriptor24,XGBoost,all,42,additive+salt,0.4790547822963566,403,additive;salt,2,0.8247393937014352,0.3456846114050786
classification,descriptor24_buffer_classifier_xgboost,descriptor24,XGBoost,all,42,additive+buffer,0.528022372951894,403,additive;buffer,2,0.8247393937014352,0.2967170207495412
classification,descriptor24_buffer_classifier_xgboost,descriptor24,XGBoost,all,42,salt+buffer,0.8128319886003221,403,salt;buffer,2,0.8247393937014352,0.0119074051011131
classification,descriptor24_buffer_classifier_xgboost,descriptor24,XGBoost,all,42,polymer+additive+salt,0.323561586119634,403,polymer;additive;salt,3,0.8247393937014352,0.5011778075818012
classification,descriptor24_buffer_classifier_xgboost,descriptor24,XGBoost,all,42,polymer+additive+buffer,0.3128859488712484,403,polymer;additive;buffer,3,0.8247393937014352,0.5118534448301868
classification,descriptor24_buffer_classifier_xgboost,descriptor24,XGBoost,all,42,polymer+salt+buffer,0.6828857459058698,403,polymer;salt;buffer,3,0.8247393937014352,0.14185364779556542
classification,descriptor24_buffer_classifier_xgboost,descriptor24,XGBoost,all,42,additive+salt+buffer,0.47731743148628686,403,additive;salt;buffer,3,0.8247393937014352,0.34742196221514837
classification,descriptor24_buffer_classifier_xgboost,descriptor24,XGBoost,all,42,polymer+additive+salt+buffer,0.2890321076328504,403,polymer;additive;salt;buffer,4,0.8247393937014352,0.5357072860685848
classification,descriptor24_buffer_classifier_xgboost,descriptor24,XGBoost,all,43,empty,0.8248171937476079,403,,0,0.8248171937476079,0.0
classification,descriptor24_buffer_classifier_xgboost,descriptor24,XGBoost,all,43,polymer,0.68551330586553,403,polymer,1,0.8248171937476079,0.13930388788207781
classification,descriptor24_buffer_classifier_xgboost,descriptor24,XGBoost,all,43,additive,0.5289834418255247,403,additive,1,0.8248171937476079,0.29583375192208317
classification,descriptor24_buffer_classifier_xgboost,descriptor24,XGBoost,all,43,salt,0.8065376365711766,403,salt,1,0.8248171937476079,0.01827955717643126
classification,descriptor24_buffer_classifier_xgboost,descriptor24,XGBoost,all,43,buffer,0.8221389497474061,403,buffer,1,0.8248171937476079,0.0026782440002017793
classification,descriptor24_buffer_classifier_xgboost,descriptor24,XGBoost,all,43,polymer+additive,0.3716141394680407,403,polymer;additive,2,0.8248171937476079,0.45320305427956714
classification,descriptor24_buffer_classifier_xgboost,descriptor24,XGBoost,all,43,polymer+salt,0.7020964320963963,403,polymer;salt,2,0.8248171937476079,0.1227207616512116
classification,descriptor24_buffer_classifier_xgboost,descriptor24,XGBoost,all,43,polymer+buffer,0.6656728519674274,403,polymer;buffer,2,0.8248171937476079,0.15914434178018044
classification,descriptor24_buffer_classifier_xgboost,descriptor24,XGBoost,all,43,additive+salt,0.48879148715126675,403,additive;salt,2,0.8248171937476079,0.3360257065963411
classification,descriptor24_buffer_classifier_xgboost,descriptor24,XGBoost,all,43,additive+buffer,0.5278805176241469,403,additive;buffer,2,0.8248171937476079,0.296936676123461
classification,descriptor24_buffer_classifier_xgboost,descriptor24,XGBoost,all,43,salt+buffer,0.801542393059382,403,salt;buffer,2,0.8248171937476079,0.02327480068822585
classification,descriptor24_buffer_classifier_xgboost,descriptor24,XGBoost,all,43,polymer+additive+salt,0.33070969995682153,403,polymer;additive;salt,3,0.8248171937476079,0.49410749379078633
classification,descriptor24_buffer_classifier_xgboost,descriptor24,XGBoost,all,43,polymer+additive+buffer,0.3200174466576372,403,polymer;additive;buffer,3,0.8248171937476079,0.5047997470899707
classification,descriptor24_buffer_classifier_xgboost,descriptor24,XGBoost,all,43,polymer+salt+buffer,0.6888086854110406,403,polymer;salt;buffer,3,0.8248171937476079,0.1360085083365673
classification,descriptor24_buffer_classifier_xgboost,descriptor24,XGBoost,all,43,additive+salt+buffer,0.4891479175513543,403,additive;salt;buffer,3,0.8248171937476079,0.3356692761962536
classification,descriptor24_buffer_classifier_xgboost,descriptor24,XGBoost,all,43,polymer+additive+salt+buffer,0.29517851981933196,403,polymer;additive;salt;buffer,4,0.8248171937476079,0.5296386739282759
classification,descriptor24_buffer_classifier_xgboost,descriptor24,XGBoost,all,44,empty,0.8248609513924037,403,,0,0.8248609513924037,0.0
classification,descriptor24_buffer_classifier_xgboost,descriptor24,XGBoost,all,44,polymer,0.6921001784275991,403,polymer,1,0.8248609513924037,0.1327607729648046
classification,descriptor24_buffer_classifier_xgboost,descriptor24,XGBoost,all,44,additive,0.538779450066642,403,additive,1,0.8248609513924037,0.2860815013257617
classification,descriptor24_buffer_classifier_xgboost,descriptor24,XGBoost,all,44,salt,0.8011100784939882,403,salt,1,0.8248609513924037,0.023750872898415487
classification,descriptor24_buffer_classifier_xgboost,descriptor24,XGBoost,all,44,buffer,0.820552407593433,403,buffer,1,0.8248609513924037,0.004308543798970721
classification,descriptor24_buffer_classifier_xgboost,descriptor24,XGBoost,all,44,polymer+additive,0.3920977397516521,403,polymer;additive,2,0.8248609513924037,0.4327632116407516
classification,descriptor24_buffer_classifier_xgboost,descriptor24,XGBoost,all,44,polymer+salt,0.6929256752407914,403,polymer;salt,2,0.8248609513924037,0.13193527615161227
classification,descriptor24_buffer_classifier_xgboost,descriptor24,XGBoost,all,44,polymer+buffer,0.6695423257415563,403,polymer;buffer,2,0.8248609513924037,0.15531862565084742
classification,descriptor24_buffer_classifier_xgboost,descriptor24,XGBoost,all,44,additive+salt,0.4981977775470169,403,additive;salt,2,0.8248609513924037,0.3266631738453868
classification,descriptor24_buffer_classifier_xgboost,descriptor24,XGBoost,all,44,additive+buffer,0.5361332845795935,403,additive;buffer,2,0.8248609513924037,0.28872766681281015
classification,descriptor24_buffer_classifier_xgboost,descriptor24,XGBoost,all,44,salt+buffer,0.794674577349288,403,salt;buffer,2,0.8248609513924037,0.030186374043115638
classification,descriptor24_buffer_classifier_xgboost,descriptor24,XGBoost,all,44,polymer+additive+salt,0.3470262696207874,403,polymer;additive;salt,3,0.8248609513924037,0.47783468177161625
classification,descriptor24_buffer_classifier_xgboost,descriptor24,XGBoost,all,44,polymer+additive+buffer,0.34222616242441933,403,polymer;additive;buffer,3,0.8248609513924037,0.48263478896798434
classification,descriptor24_buffer_classifier_xgboost,descriptor24,XGBoost,all,44,polymer+salt+buffer,0.6797805672386056,403,polymer;salt;buffer,3,0.8248609513924037,0.1450803841537981
classification,descriptor24_buffer_classifier_xgboost,descriptor24,XGBoost,all,44,additive+salt+buffer,0.4952438025863952,403,additive;salt;buffer,3,0.8248609513924037,0.32961714880600845
classification,descriptor24_buffer_classifier_xgboost,descriptor24,XGBoost,all,44,polymer+additive+salt+buffer,0.31382881342616026,403,polymer;additive;salt;buffer,4,0.8248609513924037,0.5110321379662435
classification,descriptor24_buffer_classifier_xgboost,descriptor24,XGBoost,all,45,empty,0.8248367368495156,403,,0,0.8248367368495156,0.0
classification,descriptor24_buffer_classifier_xgboost,descriptor24,XGBoost,all,45,polymer,0.6700871941543476,403,polymer,1,0.8248367368495156,0.15474954269516805
classification,descriptor24_buffer_classifier_xgboost,descriptor24,XGBoost,all,45,additive,0.5361580031940618,403,additive,1,0.8248367368495156,0.2886787336554538
classification,descriptor24_buffer_classifier_xgboost,descriptor24,XGBoost,all,45,salt,0.8099928869316315,403,salt,1,0.8248367368495156,0.014843849917884122
classification,descriptor24_buffer_classifier_xgboost,descriptor24,XGBoost,all,45,buffer,0.8199428635341187,403,buffer,1,0.8248367368495156,0.004893873315396924
classification,descriptor24_buffer_classifier_xgboost,descriptor24,XGBoost,all,45,polymer+additive,0.35988386509856696,403,polymer;additive,2,0.8248367368495156,0.4649528717509487
classification,descriptor24_buffer_classifier_xgboost,descriptor24,XGBoost,all,45,polymer+salt,0.6872427725853402,403,polymer;salt,2,0.8248367368495156,0.13759396426417547
classification,descriptor24_buffer_classifier_xgboost,descriptor24,XGBoost,all,45,polymer+buffer,0.6476037163586839,403,polymer;buffer,2,0.8248367368495156,0.17723302049083178
classification,descriptor24_buffer_classifier_xgboost,descriptor24,XGBoost,all,45,additive+salt,0.49867016568837724,403,additive;salt,2,0.8248367368495156,0.3261665711611384
classification,descriptor24_buffer_classifier_xgboost,descriptor24,XGBoost,all,45,additive+buffer,0.5319840095735031,403,additive;buffer,2,0.8248367368495156,0.2928527272760125
classification,descriptor24_buffer_classifier_xgboost,descriptor24,XGBoost,all,45,salt+buffer,0.8027062487542616,403,salt;buffer,2,0.8248367368495156,0.022130488095254086
classification,descriptor24_buffer_classifier_xgboost,descriptor24,XGBoost,all,45,polymer+additive+salt,0.31531796308018983,403,polymer;additive;salt,3,0.8248367368495156,0.5095187737693259
classification,descriptor24_buffer_classifier_xgboost,descriptor24,XGBoost,all,45,polymer+additive+buffer,0.3114219933979132,403,polymer;additive;buffer,3,0.8248367368495156,0.5134147434516024
classification,descriptor24_buffer_classifier_xgboost,descriptor24,XGBoost,all,45,polymer+salt+buffer,0.6723563219421034,403,polymer;salt;buffer,3,0.8248367368495156,0.15248041490741227
classification,descriptor24_buffer_classifier_xgboost,descriptor24,XGBoost,all,45,additive+salt+buffer,0.4922208942149285,403,additive;salt;buffer,3,0.8248367368495156,0.33261584263458716
classification,descriptor24_buffer_classifier_xgboost,descriptor24,XGBoost,all,45,polymer+additive+salt+buffer,0.288286414425925,403,polymer;additive;salt;buffer,4,0.8248367368495156,0.5365503224235906
classification,descriptor24_buffer_classifier_xgboost,descriptor24,XGBoost,all,46,empty,0.8247608818141566,403,,0,0.8247608818141566,0.0
classification,descriptor24_buffer_classifier_xgboost,descriptor24,XGBoost,all,46,polymer,0.6869227323765952,403,polymer,1,0.8247608818141566,0.13783814943756145
classification,descriptor24_buffer_classifier_xgboost,descriptor24,XGBoost,all,46,additive,0.5279173608065795,403,additive,1,0.8247608818141566,0.29684352100757716
classification,descriptor24_buffer_classifier_xgboost,descriptor24,XGBoost,all,46,salt,0.7985293918656766,403,salt,1,0.8247608818141566,0.026231489948480013
classification,descriptor24_buffer_classifier_xgboost,descriptor24,XGBoost,all,46,buffer,0.8213180783788747,403,buffer,1,0.8247608818141566,0.003442803435281916
classification,descriptor24_buffer_classifier_xgboost,descriptor24,XGBoost,all,46,polymer+additive,0.3733545160544406,403,polymer;additive,2,0.8247608818141566,0.45140636575971604
classification,descriptor24_buffer_classifier_xgboost,descriptor24,XGBoost,all,46,polymer+salt,0.6979800448092368,403,polymer;salt,2,0.8247608818141566,0.12678083700491982
classification,descriptor24_buffer_classifier_xgboost,descriptor24,XGBoost,all,46,polymer+buffer,0.6620714863704,403,polymer;buffer,2,0.8247608818141566,0.1626893954437566
classification,descriptor24_buffer_classifier_xgboost,descriptor24,XGBoost,all,46,additive+salt,0.4839566541202898,403,additive;salt,2,0.8247608818141566,0.3408042276938668
classification,descriptor24_buffer_classifier_xgboost,descriptor24,XGBoost,all,46,additive+buffer,0.5287335014465521,403,additive;buffer,2,0.8247608818141566,0.29602738036760456
classification,descriptor24_buffer_classifier_xgboost,descriptor24,XGBoost,all,46,salt+buffer,0.7922897410666705,403,salt;buffer,2,0.8247608818141566,0.03247114074748614
classification,descriptor24_buffer_classifier_xgboost,descriptor24,XGBoost,all,46,polymer+additive+salt,0.3224945256127216,403,polymer;additive;salt,3,0.8247608818141566,0.502266356201435
classification,descriptor24_buffer_classifier_xgboost,descriptor24,XGBoost,all,46,polymer+additive+buffer,0.3165250974585879,403,polymer;additive;buffer,3,0.8247608818141566,0.5082357843555687
classification,descriptor24_buffer_classifier_xgboost,descriptor24,XGBoost,all,46,polymer+salt+buffer,0.6784455694345708,403,polymer;salt;buffer,3,0.8247608818141566,0.14631531237958584
classification,descriptor24_buffer_classifier_xgboost,descriptor24,XGBoost,all,46,additive+salt+buffer,0.48291221171672016,403,additive;salt;buffer,3,0.8247608818141566,0.34184867009743647
classification,descriptor24_buffer_classifier_xgboost,descriptor24,XGBoost,all,46,polymer+additive+salt+buffer,0.2810429701847717,403,polymer;additive;salt;buffer,4,0.8247608818141566,0.5437179116293849
classification,descriptor24_buffer_classifier_xgboost,descriptor24,XGBoost,dexma_only,42,empty,0.7289463219466153,355,,0,0.7289463219466153,0.0
classification,descriptor24_buffer_classifier_xgboost,descriptor24,XGBoost,dexma_only,42,polymer,0.6554090252962543,355,polymer,1,0.7289463219466153,0.07353729665036102
classification,descriptor24_buffer_classifier_xgboost,descriptor24,XGBoost,dexma_only,42,additive,0.4619222581635504,355,additive,1,0.7289463219466153,0.2670240637830649
classification,descriptor24_buffer_classifier_xgboost,descriptor24,XGBoost,dexma_only,42,salt,0.7300595575950377,355,salt,1,0.7289463219466153,-0.0011132356484223616
classification,descriptor24_buffer_classifier_xgboost,descriptor24,XGBoost,dexma_only,42,buffer,0.7264532625325049,355,buffer,1,0.7289463219466153,0.002493059414110488
classification,descriptor24_buffer_classifier_xgboost,descriptor24,XGBoost,dexma_only,42,polymer+additive,0.3102028977694618,355,polymer;additive,2,0.7289463219466153,0.41874342417715354
classification,descriptor24_buffer_classifier_xgboost,descriptor24,XGBoost,dexma_only,42,polymer+salt,0.6711290001931204,355,polymer;salt,2,0.7289463219466153,0.057817321753494966
classification,descriptor24_buffer_classifier_xgboost,descriptor24,XGBoost,dexma_only,42,polymer+buffer,0.6541802546479487,355,polymer;buffer,2,0.7289463219466153,0.07476606729866664
classification,descriptor24_buffer_classifier_xgboost,descriptor24,XGBoost,dexma_only,42,additive+salt,0.38786544028592435,355,additive;salt,2,0.7289463219466153,0.341080881660691
classification,descriptor24_buffer_classifier_xgboost,descriptor24,XGBoost,dexma_only,42,additive+buffer,0.46508503899016695,355,additive;buffer,2,0.7289463219466153,0.2638612829564484
classification,descriptor24_buffer_classifier_xgboost,descriptor24,XGBoost,dexma_only,42,salt+buffer,0.7194372521673315,355,salt;buffer,2,0.7289463219466153,0.009509069779283896
classification,descriptor24_buffer_classifier_xgboost,descriptor24,XGBoost,dexma_only,42,polymer+additive+salt,0.27620776310229794,355,polymer;additive;salt,3,0.7289463219466153,0.4527385588443174
classification,descriptor24_buffer_classifier_xgboost,descriptor24,XGBoost,dexma_only,42,polymer+additive+buffer,0.2964219102771616,355,polymer;additive;buffer,3,0.7289463219466153,0.43252441166945377
classification,descriptor24_buffer_classifier_xgboost,descriptor24,XGBoost,dexma_only,42,polymer+salt+buffer,0.6613619607099429,355,polymer;salt;buffer,3,0.7289463219466153,0.06758436123667244
classification,descriptor24_buffer_classifier_xgboost,descriptor24,XGBoost,dexma_only,42,additive+salt+buffer,0.39078469628168555,355,additive;salt;buffer,3,0.7289463219466153,0.3381616256649298
classification,descriptor24_buffer_classifier_xgboost,descriptor24,XGBoost,dexma_only,42,polymer+additive+salt+buffer,0.2663818482709789,355,polymer;additive;salt;buffer,4,0.7289463219466153,0.46256447367563647
classification,descriptor24_buffer_classifier_xgboost,descriptor24,XGBoost,dexma_only,43,empty,0.7290245909626104,355,,0,0.7290245909626104,0.0
classification,descriptor24_buffer_classifier_xgboost,descriptor24,XGBoost,dexma_only,43,polymer,0.6664439512391216,355,polymer,1,0.7290245909626104,0.06258063972348882
classification,descriptor24_buffer_classifier_xgboost,descriptor24,XGBoost,dexma_only,43,additive,0.4716888864545565,355,additive,1,0.7290245909626104,0.25733570450805393
classification,descriptor24_buffer_classifier_xgboost,descriptor24,XGBoost,dexma_only,43,salt,0.7095153913653504,355,salt,1,0.7290245909626104,0.019509199597260052
classification,descriptor24_buffer_classifier_xgboost,descriptor24,XGBoost,dexma_only,43,buffer,0.7284237166072332,355,buffer,1,0.7290245909626104,0.0006008743553772566
classification,descriptor24_buffer_classifier_xgboost,descriptor24,XGBoost,dexma_only,43,polymer+additive,0.3210176604526487,355,polymer;additive,2,0.7290245909626104,0.40800693050996173
classification,descriptor24_buffer_classifier_xgboost,descriptor24,XGBoost,dexma_only,43,polymer+salt,0.6561314710894608,355,polymer;salt,2,0.7290245909626104,0.07289311987314961
classification,descriptor24_buffer_classifier_xgboost,descriptor24,XGBoost,dexma_only,43,polymer+buffer,0.6689039333764725,355,polymer;buffer,2,0.7290245909626104,0.06012065758613794
classification,descriptor24_buffer_classifier_xgboost,descriptor24,XGBoost,dexma_only,43,additive+salt,0.3958088352112258,355,additive;salt,2,0.7290245909626104,0.3332157557513846
classification,descriptor24_buffer_classifier_xgboost,descriptor24,XGBoost,dexma_only,43,additive+buffer,0.4724310067635885,355,additive;buffer,2,0.7290245909626104,0.2565935841990219
classification,descriptor24_buffer_classifier_xgboost,descriptor24,XGBoost,dexma_only,43,salt+buffer,0.7012509260601919,355,salt;buffer,2,0.7290245909626104,0.027773664902418504
classification,descriptor24_buffer_classifier_xgboost,descriptor24,XGBoost,dexma_only,43,polymer+additive+salt,0.2944299950687138,355,polymer;additive;salt,3,0.7290245909626104,0.4345945958938966
classification,descriptor24_buffer_classifier_xgboost,descriptor24,XGBoost,dexma_only,43,polymer+additive+buffer,0.30970333090209484,355,polymer;additive;buffer,3,0.7290245909626104,0.41932126006051557
classification,descriptor24_buffer_classifier_xgboost,descriptor24,XGBoost,dexma_only,43,polymer+salt+buffer,0.6530798526283681,355,polymer;salt;buffer,3,0.7290245909626104,0.07594473833424231
classification,descriptor24_buffer_classifier_xgboost,descriptor24,XGBoost,dexma_only,43,additive+salt+buffer,0.4018817096066733,355,additive;salt;buffer,3,0.7290245909626104,0.3271428813559371
classification,descriptor24_buffer_classifier_xgboost,descriptor24,XGBoost,dexma_only,43,polymer+additive+salt+buffer,0.28341531318268687,355,polymer;additive;salt;buffer,4,0.7290245909626104,0.44560927777992354
classification,descriptor24_buffer_classifier_xgboost,descriptor24,XGBoost,dexma_only,44,empty,0.7290658535623911,355,,0,0.7290658535623911,0.0
classification,descriptor24_buffer_classifier_xgboost,descriptor24,XGBoost,dexma_only,44,polymer,0.6734026139220466,355,polymer,1,0.7290658535623911,0.055663239640344475
classification,descriptor24_buffer_classifier_xgboost,descriptor24,XGBoost,dexma_only,44,additive,0.4831711883197963,355,additive,1,0.7290658535623911,0.2458946652425948
classification,descriptor24_buffer_classifier_xgboost,descriptor24,XGBoost,dexma_only,44,salt,0.7130297879433992,355,salt,1,0.7290658535623911,0.016036065618991846
classification,descriptor24_buffer_classifier_xgboost,descriptor24,XGBoost,dexma_only,44,buffer,0.7257114121071581,355,buffer,1,0.7290658535623911,0.0033544414552330037
classification,descriptor24_buffer_classifier_xgboost,descriptor24,XGBoost,dexma_only,44,polymer+additive,0.3459187544919097,355,polymer;additive,2,0.7290658535623911,0.3831470990704814
classification,descriptor24_buffer_classifier_xgboost,descriptor24,XGBoost,dexma_only,44,polymer+salt,0.6656253927266254,355,polymer;salt,2,0.7290658535623911,0.06344046083576571
classification,descriptor24_buffer_classifier_xgboost,descriptor24,XGBoost,dexma_only,44,polymer+buffer,0.6707513275055584,355,polymer;buffer,2,0.7290658535623911,0.05831452605683263
classification,descriptor24_buffer_classifier_xgboost,descriptor24,XGBoost,dexma_only,44,additive+salt,0.4158990356377077,355,additive;salt,2,0.7290658535623911,0.31316681792468337
classification,descriptor24_buffer_classifier_xgboost,descriptor24,XGBoost,dexma_only,44,additive+buffer,0.48153703298706063,355,additive;buffer,2,0.7290658535623911,0.24752882057533043
classification,descriptor24_buffer_classifier_xgboost,descriptor24,XGBoost,dexma_only,44,salt+buffer,0.7022199508418006,355,salt;buffer,2,0.7290658535623911,0.02684590272059051
classification,descriptor24_buffer_classifier_xgboost,descriptor24,XGBoost,dexma_only,44,polymer+additive+salt,0.3125439981824536,355,polymer;additive;salt,3,0.7290658535623911,0.41652185537993747
classification,descriptor24_buffer_classifier_xgboost,descriptor24,XGBoost,dexma_only,44,polymer+additive+buffer,0.32981643408242217,355,polymer;additive;buffer,3,0.7290658535623911,0.3992494194799689
classification,descriptor24_buffer_classifier_xgboost,descriptor24,XGBoost,dexma_only,44,polymer+salt+buffer,0.6591804191806194,355,polymer;salt;buffer,3,0.7290658535623911,0.06988543438177164
classification,descriptor24_buffer_classifier_xgboost,descriptor24,XGBoost,dexma_only,44,additive+salt+buffer,0.41859476366604953,355,additive;salt;buffer,3,0.7290658535623911,0.31047108989634153
classification,descriptor24_buffer_classifier_xgboost,descriptor24,XGBoost,dexma_only,44,polymer+additive+salt+buffer,0.30056699003939247,355,polymer;additive;salt;buffer,4,0.7290658535623911,0.4284988635229986
classification,descriptor24_buffer_classifier_xgboost,descriptor24,XGBoost,dexma_only,45,empty,0.7291078857035196,355,,0,0.7291078857035196,0.0
classification,descriptor24_buffer_classifier_xgboost,descriptor24,XGBoost,dexma_only,45,polymer,0.6462658188296161,355,polymer,1,0.7291078857035196,0.0828420668739035
classification,descriptor24_buffer_classifier_xgboost,descriptor24,XGBoost,dexma_only,45,additive,0.4737452157406445,355,additive,1,0.7291078857035196,0.2553626699628751
classification,descriptor24_buffer_classifier_xgboost,descriptor24,XGBoost,dexma_only,45,salt,0.7121639646506958,355,salt,1,0.7291078857035196,0.01694392105282383
classification,descriptor24_buffer_classifier_xgboost,descriptor24,XGBoost,dexma_only,45,buffer,0.7256989219911382,355,buffer,1,0.7291078857035196,0.0034089637123814187
classification,descriptor24_buffer_classifier_xgboost,descriptor24,XGBoost,dexma_only,45,polymer+additive,0.30670112992803866,355,polymer;additive,2,0.7291078857035196,0.4224067557754809
classification,descriptor24_buffer_classifier_xgboost,descriptor24,XGBoost,dexma_only,45,polymer+salt,0.6498895739717468,355,polymer;salt,2,0.7291078857035196,0.07921831173177274
classification,descriptor24_buffer_classifier_xgboost,descriptor24,XGBoost,dexma_only,45,polymer+buffer,0.6453816499115286,355,polymer;buffer,2,0.7291078857035196,0.08372623579199101
classification,descriptor24_buffer_classifier_xgboost,descriptor24,XGBoost,dexma_only,45,additive+salt,0.40470300078396537,355,additive;salt,2,0.7291078857035196,0.3244048849195542
classification,descriptor24_buffer_classifier_xgboost,descriptor24,XGBoost,dexma_only,45,additive+buffer,0.47105178397410075,355,additive;buffer,2,0.7291078857035196,0.25805610172941884
classification,descriptor24_buffer_classifier_xgboost,descriptor24,XGBoost,dexma_only,45,salt+buffer,0.7012329890236074,355,salt;buffer,2,0.7291078857035196,0.027874896679912164
classification,descriptor24_buffer_classifier_xgboost,descriptor24,XGBoost,dexma_only,45,polymer+additive+salt,0.27171127040336474,355,polymer;additive;salt,3,0.7291078857035196,0.45739661530015485
classification,descriptor24_buffer_classifier_xgboost,descriptor24,XGBoost,dexma_only,45,polymer+additive+buffer,0.29380769476997187,355,polymer;additive;buffer,3,0.7291078857035196,0.4353001909335477
classification,descriptor24_buffer_classifier_xgboost,descriptor24,XGBoost,dexma_only,45,polymer+salt+buffer,0.6428755677444156,355,polymer;salt;buffer,3,0.7291078857035196,0.08623231795910402
classification,descriptor24_buffer_classifier_xgboost,descriptor24,XGBoost,dexma_only,45,additive+salt+buffer,0.4020974862490776,355,additive;salt;buffer,3,0.7291078857035196,0.327010399454442
classification,descriptor24_buffer_classifier_xgboost,descriptor24,XGBoost,dexma_only,45,polymer+additive+salt+buffer,0.266345496912431,355,polymer;additive;salt;buffer,4,0.7291078857035196,0.4627623887910886
classification,descriptor24_buffer_classifier_xgboost,descriptor24,XGBoost,dexma_only,46,empty,0.729008712241629,355,,0,0.729008712241629,0.0
classification,descriptor24_buffer_classifier_xgboost,descriptor24,XGBoost,dexma_only,46,polymer,0.666429017723959,355,polymer,1,0.729008712241629,0.06257969451766998
classification,descriptor24_buffer_classifier_xgboost,descriptor24,XGBoost,dexma_only,46,additive,0.46168195580497207,355,additive,1,0.729008712241629,0.26732675643665693
classification,descriptor24_buffer_classifier_xgboost,descriptor24,XGBoost,dexma_only,46,salt,0.7078175268148035,355,salt,1,0.729008712241629,0.02119118542682552
classification,descriptor24_buffer_classifier_xgboost,descriptor24,XGBoost,dexma_only,46,buffer,0.7275246526883904,355,buffer,1,0.729008712241629,0.0014840595532386036
classification,descriptor24_buffer_classifier_xgboost,descriptor24,XGBoost,dexma_only,46,polymer+additive,0.3131759646616544,355,polymer;additive,2,0.729008712241629,0.41583274757997457
classification,descriptor24_buffer_classifier_xgboost,descriptor24,XGBoost,dexma_only,46,polymer+salt,0.6619685520898736,355,polymer;salt,2,0.729008712241629,0.0670401601517554
classification,descriptor24_buffer_classifier_xgboost,descriptor24,XGBoost,dexma_only,46,polymer+buffer,0.6644903202615366,355,polymer;buffer,2,0.729008712241629,0.06451839198009235
classification,descriptor24_buffer_classifier_xgboost,descriptor24,XGBoost,dexma_only,46,additive+salt,0.3833134705852789,355,additive;salt,2,0.729008712241629,0.34569524165635007
classification,descriptor24_buffer_classifier_xgboost,descriptor24,XGBoost,dexma_only,46,additive+buffer,0.46347519684617194,355,additive;buffer,2,0.729008712241629,0.26553351539545705
classification,descriptor24_buffer_classifier_xgboost,descriptor24,XGBoost,dexma_only,46,salt+buffer,0.6976601378581972,355,salt;buffer,2,0.729008712241629,0.03134857438343175
classification,descriptor24_buffer_classifier_xgboost,descriptor24,XGBoost,dexma_only,46,polymer+additive+salt,0.2766207592465323,355,polymer;additive;salt,3,0.729008712241629,0.4523879529950967
classification,descriptor24_buffer_classifier_xgboost,descriptor24,XGBoost,dexma_only,46,polymer+additive+buffer,0.29856375257885737,355,polymer;additive;buffer,3,0.729008712241629,0.43044495966277163
classification,descriptor24_buffer_classifier_xgboost,descriptor24,XGBoost,dexma_only,46,polymer+salt+buffer,0.6546876351459849,355,polymer;salt;buffer,3,0.729008712241629,0.07432107709564406
classification,descriptor24_buffer_classifier_xgboost,descriptor24,XGBoost,dexma_only,46,additive+salt+buffer,0.385775011428371,355,additive;salt;buffer,3,0.729008712241629,0.343233700813258
classification,descriptor24_buffer_classifier_xgboost,descriptor24,XGBoost,dexma_only,46,polymer+additive+salt+buffer,0.26487747201157597,355,polymer;additive;salt;buffer,4,0.729008712241629,0.46413124023005303
classification,descriptor24_buffer_classifier_mlp,descriptor24,MLP,all,42,empty,0.8247393937014352,403,,0,0.8247393937014352,0.0
classification,descriptor24_buffer_classifier_mlp,descriptor24,MLP,all,42,polymer,0.7320201145385578,403,polymer,1,0.8247393937014352,0.09271927916287748
classification,descriptor24_buffer_classifier_mlp,descriptor24,MLP,all,42,additive,0.5614058069808674,403,additive,1,0.8247393937014352,0.26333358672056784
classification,descriptor24_buffer_classifier_mlp,descriptor24,MLP,all,42,salt,0.7787299296027052,403,salt,1,0.8247393937014352,0.04600946409873008
classification,descriptor24_buffer_classifier_mlp,descriptor24,MLP,all,42,buffer,0.8243438546647461,403,buffer,1,0.8247393937014352,0.0003955390366890965
classification,descriptor24_buffer_classifier_mlp,descriptor24,MLP,all,42,polymer+additive,0.43906726678924657,403,polymer;additive,2,0.8247393937014352,0.38567212691218866
classification,descriptor24_buffer_classifier_mlp,descriptor24,MLP,all,42,polymer+salt,0.7131070114703181,403,polymer;salt,2,0.8247393937014352,0.11163238223111716
classification,descriptor24_buffer_classifier_mlp,descriptor24,MLP,all,42,polymer+buffer,0.7223367115259505,403,polymer;buffer,2,0.8247393937014352,0.10240268217548476
classification,descriptor24_buffer_classifier_mlp,descriptor24,MLP,all,42,additive+salt,0.4952718700387965,403,additive;salt,2,0.8247393937014352,0.3294675236626387
classification,descriptor24_buffer_classifier_mlp,descriptor24,MLP,all,42,additive+buffer,0.5546168303447011,403,additive;buffer,2,0.8247393937014352,0.2701225633567341
classification,descriptor24_buffer_classifier_mlp,descriptor24,MLP,all,42,salt+buffer,0.7757766185597357,403,salt;buffer,2,0.8247393937014352,0.048962775141699555
classification,descriptor24_buffer_classifier_mlp,descriptor24,MLP,all,42,polymer+additive+salt,0.3665939016587944,403,polymer;additive;salt,3,0.8247393937014352,0.4581454920426408
classification,descriptor24_buffer_classifier_mlp,descriptor24,MLP,all,42,polymer+additive+buffer,0.42181208313400204,403,polymer;additive;buffer,3,0.8247393937014352,0.4029273105674332
classification,descriptor24_buffer_classifier_mlp,descriptor24,MLP,all,42,polymer+salt+buffer,0.6746276660275882,403,polymer;salt;buffer,3,0.8247393937014352,0.15011172767384706
classification,descriptor24_buffer_classifier_mlp,descriptor24,MLP,all,42,additive+salt+buffer,0.4845541225596258,403,additive;salt;buffer,3,0.8247393937014352,0.3401852711418094
classification,descriptor24_buffer_classifier_mlp,descriptor24,MLP,all,42,polymer+additive+salt+buffer,0.3414530014652542,403,polymer;additive;salt;buffer,4,0.8247393937014352,0.48328639223618103
classification,descriptor24_buffer_classifier_mlp,descriptor24,MLP,all,43,empty,0.8248171937476079,403,,0,0.8248171937476079,0.0
classification,descriptor24_buffer_classifier_mlp,descriptor24,MLP,all,43,polymer,0.7158707506689312,403,polymer,1,0.8248171937476079,0.10894644307867662
classification,descriptor24_buffer_classifier_mlp,descriptor24,MLP,all,43,additive,0.5797074381682178,403,additive,1,0.8248171937476079,0.24510975557939008
classification,descriptor24_buffer_classifier_mlp,descriptor24,MLP,all,43,salt,0.7650712098910634,403,salt,1,0.8248171937476079,0.059745983856544504
classification,descriptor24_buffer_classifier_mlp,descriptor24,MLP,all,43,buffer,0.824779541136217,403,buffer,1,0.8248171937476079,3.7652611390881496e-05
classification,descriptor24_buffer_classifier_mlp,descriptor24,MLP,all,43,polymer+additive,0.45043211443750036,403,polymer;additive,2,0.8248171937476079,0.3743850793101075
classification,descriptor24_buffer_classifier_mlp,descriptor24,MLP,all,43,polymer+salt,0.6858989230015594,403,polymer;salt,2,0.8248171937476079,0.13891827074604846
classification,descriptor24_buffer_classifier_mlp,descriptor24,MLP,all,43,polymer+buffer,0.6787209026377228,403,polymer;buffer,2,0.8248171937476079,0.1460962911098851
classification,descriptor24_buffer_classifier_mlp,descriptor24,MLP,all,43,additive+salt,0.5613421159442266,403,additive;salt,2,0.8248171937476079,0.2634750778033813
classification,descriptor24_buffer_classifier_mlp,descriptor24,MLP,all,43,additive+buffer,0.6002259840710514,403,additive;buffer,2,0.8248171937476079,0.22459120967655644
classification,descriptor24_buffer_classifier_mlp,descriptor24,MLP,all,43,salt+buffer,0.7564182967769347,403,salt;buffer,2,0.8248171937476079,0.06839889697067314
classification,descriptor24_buffer_classifier_mlp,descriptor24,MLP,all,43,polymer+additive+salt,0.3935023190343721,403,polymer;additive;salt,3,0.8248171937476079,0.43131487471323576
classification,descriptor24_buffer_classifier_mlp,descriptor24,MLP,all,43,polymer+additive+buffer,0.45201565266199034,403,polymer;additive;buffer,3,0.8248171937476079,0.3728015410856175
classification,descriptor24_buffer_classifier_mlp,descriptor24,MLP,all,43,polymer+salt+buffer,0.6586810270538425,403,polymer;salt;buffer,3,0.8248171937476079,0.1661361666937654
classification,descriptor24_buffer_classifier_mlp,descriptor24,MLP,all,43,additive+salt+buffer,0.5605262472140662,403,additive;salt;buffer,3,0.8248171937476079,0.2642909465335417
classification,descriptor24_buffer_classifier_mlp,descriptor24,MLP,all,43,polymer+additive+salt+buffer,0.3995513233184212,403,polymer;additive;salt;buffer,4,0.8248171937476079,0.4252658704291867
classification,descriptor24_buffer_classifier_mlp,descriptor24,MLP,all,44,empty,0.8248609513924037,403,,0,0.8248609513924037,0.0
classification,descriptor24_buffer_classifier_mlp,descriptor24,MLP,all,44,polymer,0.695550776487878,403,polymer,1,0.8248609513924037,0.12931017490452568
classification,descriptor24_buffer_classifier_mlp,descriptor24,MLP,all,44,additive,0.5704859218528929,403,additive,1,0.8248609513924037,0.25437502953951074
classification,descriptor24_buffer_classifier_mlp,descriptor24,MLP,all,44,salt,0.7967297812562792,403,salt,1,0.8248609513924037,0.028131170136124428
classification,descriptor24_buffer_classifier_mlp,descriptor24,MLP,all,44,buffer,0.8213432331921886,403,buffer,1,0.8248609513924037,0.0035177182002150698
classification,descriptor24_buffer_classifier_mlp,descriptor24,MLP,all,44,polymer+additive,0.43240862960350634,403,polymer;additive,2,0.8248609513924037,0.39245232178889733
classification,descriptor24_buffer_classifier_mlp,descriptor24,MLP,all,44,polymer+salt,0.6835532336779787,403,polymer;salt,2,0.8248609513924037,0.14130771771442496
classification,descriptor24_buffer_classifier_mlp,descriptor24,MLP,all,44,polymer+buffer,0.6826273330291676,403,polymer;buffer,2,0.8248609513924037,0.14223361836323611
classification,descriptor24_buffer_classifier_mlp,descriptor24,MLP,all,44,additive+salt,0.5136218882725656,403,additive;salt,2,0.8248609513924037,0.31123906311983807
classification,descriptor24_buffer_classifier_mlp,descriptor24,MLP,all,44,additive+buffer,0.5704410057372226,403,additive;buffer,2,0.8248609513924037,0.2544199456551811
classification,descriptor24_buffer_classifier_mlp,descriptor24,MLP,all,44,salt+buffer,0.7829867778692963,403,salt;buffer,2,0.8248609513924037,0.041874173523107405
classification,descriptor24_buffer_classifier_mlp,descriptor24,MLP,all,44,polymer+additive+salt,0.3758382650751141,403,polymer;additive;salt,3,0.8248609513924037,0.4490226863172896
classification,descriptor24_buffer_classifier_mlp,descriptor24,MLP,all,44,polymer+additive+buffer,0.4357851145645863,403,polymer;additive;buffer,3,0.8248609513924037,0.3890758368278174
classification,descriptor24_buffer_classifier_mlp,descriptor24,MLP,all,44,polymer+salt+buffer,0.6643986762326051,403,polymer;salt;buffer,3,0.8248609513924037,0.1604622751597986
classification,descriptor24_buffer_classifier_mlp,descriptor24,MLP,all,44,additive+salt+buffer,0.5039053862619868,403,additive;salt;buffer,3,0.8248609513924037,0.3209555651304169
classification,descriptor24_buffer_classifier_mlp,descriptor24,MLP,all,44,polymer+additive+salt+buffer,0.33677914124056174,403,polymer;additive;salt;buffer,4,0.8248609513924037,0.48808181015184193
classification,descriptor24_buffer_classifier_mlp,descriptor24,MLP,all,45,empty,0.8248367368495156,403,,0,0.8248367368495156,0.0
classification,descriptor24_buffer_classifier_mlp,descriptor24,MLP,all,45,polymer,0.7044557955131298,403,polymer,1,0.8248367368495156,0.12038094133638588
classification,descriptor24_buffer_classifier_mlp,descriptor24,MLP,all,45,additive,0.5588006631102934,403,additive,1,0.8248367368495156,0.2660360737392222
classification,descriptor24_buffer_classifier_mlp,descriptor24,MLP,all,45,salt,0.7864065502306824,403,salt,1,0.8248367368495156,0.03843018661883324
classification,descriptor24_buffer_classifier_mlp,descriptor24,MLP,all,45,buffer,0.8218893420212265,403,buffer,1,0.8248367368495156,0.002947394828289096
classification,descriptor24_buffer_classifier_mlp,descriptor24,MLP,all,45,polymer+additive,0.45813054298322065,403,polymer;additive,2,0.8248367368495156,0.366706193866295
classification,descriptor24_buffer_classifier_mlp,descriptor24,MLP,all,45,polymer+salt,0.7177397270546094,403,polymer;salt,2,0.8248367368495156,0.10709700979490622
classification,descriptor24_buffer_classifier_mlp,descriptor24,MLP,all,45,polymer+buffer,0.6886540614781149,403,polymer;buffer,2,0.8248367368495156,0.13618267537140072
classification,descriptor24_buffer_classifier_mlp,descriptor24,MLP,all,45,additive+salt,0.49856154675324077,403,additive;salt,2,0.8248367368495156,0.32627519009627487
classification,descriptor24_buffer_classifier_mlp,descriptor24,MLP,all,45,additive+buffer,0.5525352397402356,403,additive;buffer,2,0.8248367368495156,0.2723014971092801
classification,descriptor24_buffer_classifier_mlp,descriptor24,MLP,all,45,salt+buffer,0.7747646898377551,403,salt;buffer,2,0.8248367368495156,0.05007204701176049
classification,descriptor24_buffer_classifier_mlp,descriptor24,MLP,all,45,polymer+additive+salt,0.3746812552200144,403,polymer;additive;salt,3,0.8248367368495156,0.45015548162950125
classification,descriptor24_buffer_classifier_mlp,descriptor24,MLP,all,45,polymer+additive+buffer,0.42246660138081155,403,polymer;additive;buffer,3,0.8248367368495156,0.4023701354687041
classification,descriptor24_buffer_classifier_mlp,descriptor24,MLP,all,45,polymer+salt+buffer,0.6974150123869256,403,polymer;salt;buffer,3,0.8248367368495156,0.12742172446259004
classification,descriptor24_buffer_classifier_mlp,descriptor24,MLP,all,45,additive+salt+buffer,0.467540359565251,403,additive;salt;buffer,3,0.8248367368495156,0.35729637728426467
classification,descriptor24_buffer_classifier_mlp,descriptor24,MLP,all,45,polymer+additive+salt+buffer,0.33740084024271055,403,polymer;additive;salt;buffer,4,0.8248367368495156,0.4874358966068051
classification,descriptor24_buffer_classifier_mlp,descriptor24,MLP,all,46,empty,0.8247608818141566,403,,0,0.8247608818141566,0.0
classification,descriptor24_buffer_classifier_mlp,descriptor24,MLP,all,46,polymer,0.7021509846831052,403,polymer,1,0.8247608818141566,0.12260989713105142
classification,descriptor24_buffer_classifier_mlp,descriptor24,MLP,all,46,additive,0.5866632046573952,403,additive,1,0.8247608818141566,0.23809767715676144
classification,descriptor24_buffer_classifier_mlp,descriptor24,MLP,all,46,salt,0.7706286592483754,403,salt,1,0.8247608818141566,0.05413222256578121
classification,descriptor24_buffer_classifier_mlp,descriptor24,MLP,all,46,buffer,0.8239071097146783,403,buffer,1,0.8247608818141566,0.0008537720994783449
classification,descriptor24_buffer_classifier_mlp,descriptor24,MLP,all,46,polymer+additive,0.4622368177344193,403,polymer;additive,2,0.8247608818141566,0.3625240640797373
classification,descriptor24_buffer_classifier_mlp,descriptor24,MLP,all,46,polymer+salt,0.6867148821931268,403,polymer;salt,2,0.8247608818141566,0.1380459996210298
classification,descriptor24_buffer_classifier_mlp,descriptor24,MLP,all,46,polymer+buffer,0.6632783632159456,403,polymer;buffer,2,0.8247608818141566,0.16148251859821106
classification,descriptor24_buffer_classifier_mlp,descriptor24,MLP,all,46,additive+salt,0.4900951922385166,403,additive;salt,2,0.8247608818141566,0.33466568957564
classification,descriptor24_buffer_classifier_mlp,descriptor24,MLP,all,46,additive+buffer,0.5691402256139759,403,additive;buffer,2,0.8247608818141566,0.2556206562001807
classification,descriptor24_buffer_classifier_mlp,descriptor24,MLP,all,46,salt+buffer,0.7662068824996068,403,salt;buffer,2,0.8247608818141566,0.058553999314549854
classification,descriptor24_buffer_classifier_mlp,descriptor24,MLP,all,46,polymer+additive+salt,0.36093108761714143,403,polymer;additive;salt,3,0.8247608818141566,0.4638297941970152
classification,descriptor24_buffer_classifier_mlp,descriptor24,MLP,all,46,polymer+additive+buffer,0.41385547443851467,403,polymer;additive;buffer,3,0.8247608818141566,0.41090540737564196
classification,descriptor24_buffer_classifier_mlp,descriptor24,MLP,all,46,polymer+salt+buffer,0.6668727779091033,403,polymer;salt;buffer,3,0.8247608818141566,0.15788810390505337
classification,descriptor24_buffer_classifier_mlp,descriptor24,MLP,all,46,additive+salt+buffer,0.4829136115098587,403,additive;salt;buffer,3,0.8247608818141566,0.34184727030429796
classification,descriptor24_buffer_classifier_mlp,descriptor24,MLP,all,46,polymer+additive+salt+buffer,0.3885763004150963,403,polymer;additive;salt;buffer,4,0.8247608818141566,0.43618458139906036
classification,descriptor24_buffer_classifier_mlp,descriptor24,MLP,dexma_only,42,empty,0.7289463219466153,355,,0,0.7289463219466153,0.0
classification,descriptor24_buffer_classifier_mlp,descriptor24,MLP,dexma_only,42,polymer,0.6894813729422316,355,polymer,1,0.7289463219466153,0.0394649490043838
classification,descriptor24_buffer_classifier_mlp,descriptor24,MLP,dexma_only,42,additive,0.5044975680784599,355,additive,1,0.7289463219466153,0.22444875386815544
classification,descriptor24_buffer_classifier_mlp,descriptor24,MLP,dexma_only,42,salt,0.6979766062448719,355,salt,1,0.7289463219466153,0.03096971570174345
classification,descriptor24_buffer_classifier_mlp,descriptor24,MLP,dexma_only,42,buffer,0.731215274454738,355,buffer,1,0.7289463219466153,-0.002268952508122646
classification,descriptor24_buffer_classifier_mlp,descriptor24,MLP,dexma_only,42,polymer+additive,0.4001902764840324,355,polymer;additive,2,0.7289463219466153,0.32875604546258297
classification,descriptor24_buffer_classifier_mlp,descriptor24,MLP,dexma_only,42,polymer+salt,0.6816317780208001,355,polymer;salt,2,0.7289463219466153,0.047314543925815244
classification,descriptor24_buffer_classifier_mlp,descriptor24,MLP,dexma_only,42,polymer+buffer,0.6870856192098934,355,polymer;buffer,2,0.7289463219466153,0.04186070273672193
classification,descriptor24_buffer_classifier_mlp,descriptor24,MLP,dexma_only,42,additive+salt,0.4169240439670787,355,additive;salt,2,0.7289463219466153,0.31202227797953663
classification,descriptor24_buffer_classifier_mlp,descriptor24,MLP,dexma_only,42,additive+buffer,0.4974072429028624,355,additive;buffer,2,0.7289463219466153,0.23153907904375293
classification,descriptor24_buffer_classifier_mlp,descriptor24,MLP,dexma_only,42,salt+buffer,0.6836837635437277,355,salt;buffer,2,0.7289463219466153,0.04526255840288762
classification,descriptor24_buffer_classifier_mlp,descriptor24,MLP,dexma_only,42,polymer+additive+salt,0.3220838858638868,355,polymer;additive;salt,3,0.7289463219466153,0.40686243608272854
classification,descriptor24_buffer_classifier_mlp,descriptor24,MLP,dexma_only,42,polymer+additive+buffer,0.41523148084714484,355,polymer;additive;buffer,3,0.7289463219466153,0.3137148410994705
classification,descriptor24_buffer_classifier_mlp,descriptor24,MLP,dexma_only,42,polymer+salt+buffer,0.6528345358223956,355,polymer;salt;buffer,3,0.7289463219466153,0.07611178612421976
classification,descriptor24_buffer_classifier_mlp,descriptor24,MLP,dexma_only,42,additive+salt+buffer,0.40823775102750376,355,additive;salt;buffer,3,0.7289463219466153,0.3207085709191116
classification,descriptor24_buffer_classifier_mlp,descriptor24,MLP,dexma_only,42,polymer+additive+salt+buffer,0.3087712384445792,355,polymer;additive;salt;buffer,4,0.7289463219466153,0.42017508350203614
classification,descriptor24_buffer_classifier_mlp,descriptor24,MLP,dexma_only,43,empty,0.7290245909626104,355,,0,0.7290245909626104,0.0
classification,descriptor24_buffer_classifier_mlp,descriptor24,MLP,dexma_only,43,polymer,0.6923350769704923,355,polymer,1,0.7290245909626104,0.03668951399211806
classification,descriptor24_buffer_classifier_mlp,descriptor24,MLP,dexma_only,43,additive,0.517721863392939,355,additive,1,0.7290245909626104,0.2113027275696714
classification,descriptor24_buffer_classifier_mlp,descriptor24,MLP,dexma_only,43,salt,0.6806919432650435,355,salt,1,0.7290245909626104,0.048332647697566955
classification,descriptor24_buffer_classifier_mlp,descriptor24,MLP,dexma_only,43,buffer,0.7304859503487168,355,buffer,1,0.7290245909626104,-0.0014613593861063645
classification,descriptor24_buffer_classifier_mlp,descriptor24,MLP,dexma_only,43,polymer+additive,0.4209290144495494,355,polymer;additive,2,0.7290245909626104,0.308095576513061
classification,descriptor24_buffer_classifier_mlp,descriptor24,MLP,dexma_only,43,polymer+salt,0.6602868777650022,355,polymer;salt,2,0.7290245909626104,0.06873771319760824
classification,descriptor24_buffer_classifier_mlp,descriptor24,MLP,dexma_only,43,polymer+buffer,0.6755741993684335,355,polymer;buffer,2,0.7290245909626104,0.05345039159417686
classification,descriptor24_buffer_classifier_mlp,descriptor24,MLP,dexma_only,43,additive+salt,0.4874273227215528,355,additive;salt,2,0.7290245909626104,0.2415972682410576
classification,descriptor24_buffer_classifier_mlp,descriptor24,MLP,dexma_only,43,additive+buffer,0.5470705221808797,355,additive;buffer,2,0.7290245909626104,0.1819540687817307
classification,descriptor24_buffer_classifier_mlp,descriptor24,MLP,dexma_only,43,salt+buffer,0.6710841972404769,355,salt;buffer,2,0.7290245909626104,0.057940393722133554
classification,descriptor24_buffer_classifier_mlp,descriptor24,MLP,dexma_only,43,polymer+additive+salt,0.360151826928659,355,polymer;additive;salt,3,0.7290245909626104,0.3688727640339514
classification,descriptor24_buffer_classifier_mlp,descriptor24,MLP,dexma_only,43,polymer+additive+buffer,0.4384792795153251,355,polymer;additive;buffer,3,0.7290245909626104,0.2905453114472853
classification,descriptor24_buffer_classifier_mlp,descriptor24,MLP,dexma_only,43,polymer+salt+buffer,0.647417927079387,355,polymer;salt;buffer,3,0.7290245909626104,0.08160666388322346
classification,descriptor24_buffer_classifier_mlp,descriptor24,MLP,dexma_only,43,additive+salt+buffer,0.49192583184404953,355,additive;salt;buffer,3,0.7290245909626104,0.23709875911856088
classification,descriptor24_buffer_classifier_mlp,descriptor24,MLP,dexma_only,43,polymer+additive+salt+buffer,0.37762271062428726,355,polymer;additive;salt;buffer,4,0.7290245909626104,0.35140188033832315
classification,descriptor24_buffer_classifier_mlp,descriptor24,MLP,dexma_only,44,empty,0.7290658535623911,355,,0,0.7290658535623911,0.0
classification,descriptor24_buffer_classifier_mlp,descriptor24,MLP,dexma_only,44,polymer,0.6777637654188345,355,polymer,1,0.7290658535623911,0.051302088143556523
classification,descriptor24_buffer_classifier_mlp,descriptor24,MLP,dexma_only,44,additive,0.516865749939788,355,additive,1,0.7290658535623911,0.2122001036226031
classification,descriptor24_buffer_classifier_mlp,descriptor24,MLP,dexma_only,44,salt,0.714776770131872,355,salt,1,0.7290658535623911,0.014289083430519045
classification,descriptor24_buffer_classifier_mlp,descriptor24,MLP,dexma_only,44,buffer,0.7283170840746502,355,buffer,1,0.7290658535623911,0.0007487694877408302
classification,descriptor24_buffer_classifier_mlp,descriptor24,MLP,dexma_only,44,polymer+additive,0.40984860109375626,355,polymer;additive,2,0.7290658535623911,0.3192172524686348
classification,descriptor24_buffer_classifier_mlp,descriptor24,MLP,dexma_only,44,polymer+salt,0.6640804389490652,355,polymer;salt,2,0.7290658535623911,0.06498541461332585
classification,descriptor24_buffer_classifier_mlp,descriptor24,MLP,dexma_only,44,polymer+buffer,0.6625614616427757,355,polymer;buffer,2,0.7290658535623911,0.06650439191961532
classification,descriptor24_buffer_classifier_mlp,descriptor24,MLP,dexma_only,44,additive+salt,0.42609174060638005,355,additive;salt,2,0.7290658535623911,0.302974112956011
classification,descriptor24_buffer_classifier_mlp,descriptor24,MLP,dexma_only,44,additive+buffer,0.5183441260543457,355,additive;buffer,2,0.7290658535623911,0.2107217275080454
classification,descriptor24_buffer_classifier_mlp,descriptor24,MLP,dexma_only,44,salt+buffer,0.6938113534684868,355,salt;buffer,2,0.7290658535623911,0.035254500093904295
classification,descriptor24_buffer_classifier_mlp,descriptor24,MLP,dexma_only,44,polymer+additive+salt,0.3386478099935579,355,polymer;additive;salt,3,0.7290658535623911,0.39041804356883314
classification,descriptor24_buffer_classifier_mlp,descriptor24,MLP,dexma_only,44,polymer+additive+buffer,0.41862692005969576,355,polymer;additive;buffer,3,0.7290658535623911,0.3104389335026953
classification,descriptor24_buffer_classifier_mlp,descriptor24,MLP,dexma_only,44,polymer+salt+buffer,0.6583813527678727,355,polymer;salt;buffer,3,0.7290658535623911,0.07068450079451838
classification,descriptor24_buffer_classifier_mlp,descriptor24,MLP,dexma_only,44,additive+salt+buffer,0.4223939663453457,355,additive;salt;buffer,3,0.7290658535623911,0.30667188721704536
classification,descriptor24_buffer_classifier_mlp,descriptor24,MLP,dexma_only,44,polymer+additive+salt+buffer,0.32503504772444564,355,polymer;additive;salt;buffer,4,0.7290658535623911,0.40403080583794543
classification,descriptor24_buffer_classifier_mlp,descriptor24,MLP,dexma_only,45,empty,0.7291078857035196,355,,0,0.7291078857035196,0.0
classification,descriptor24_buffer_classifier_mlp,descriptor24,MLP,dexma_only,45,polymer,0.6740864483120478,355,polymer,1,0.7291078857035196,0.055021437391471806
classification,descriptor24_buffer_classifier_mlp,descriptor24,MLP,dexma_only,45,additive,0.5017000392032469,355,additive,1,0.7291078857035196,0.22740784650027268
classification,descriptor24_buffer_classifier_mlp,descriptor24,MLP,dexma_only,45,salt,0.7054330674318332,355,salt,1,0.7291078857035196,0.023674818271686382
classification,descriptor24_buffer_classifier_mlp,descriptor24,MLP,dexma_only,45,buffer,0.7309680722765629,355,buffer,1,0.7291078857035196,-0.001860186573043321
classification,descriptor24_buffer_classifier_mlp,descriptor24,MLP,dexma_only,45,polymer+additive,0.4344536238520382,355,polymer;additive,2,0.7291078857035196,0.2946542618514814
classification,descriptor24_buffer_classifier_mlp,descriptor24,MLP,dexma_only,45,polymer+salt,0.6807185769074641,355,polymer;salt,2,0.7291078857035196,0.04838930879605552
classification,descriptor24_buffer_classifier_mlp,descriptor24,MLP,dexma_only,45,polymer+buffer,0.6777342158213228,355,polymer;buffer,2,0.7291078857035196,0.051373669882196826
classification,descriptor24_buffer_classifier_mlp,descriptor24,MLP,dexma_only,45,additive+salt,0.4129467967531526,355,additive;salt,2,0.7291078857035196,0.316161088950367
classification,descriptor24_buffer_classifier_mlp,descriptor24,MLP,dexma_only,45,additive+buffer,0.49587858141880964,355,additive;buffer,2,0.7291078857035196,0.23322930428470995
classification,descriptor24_buffer_classifier_mlp,descriptor24,MLP,dexma_only,45,salt+buffer,0.689130154602414,355,salt;buffer,2,0.7291078857035196,0.039977731101105585
classification,descriptor24_buffer_classifier_mlp,descriptor24,MLP,dexma_only,45,polymer+additive+salt,0.3227795042363695,355,polymer;additive;salt,3,0.7291078857035196,0.4063283814671501
classification,descriptor24_buffer_classifier_mlp,descriptor24,MLP,dexma_only,45,polymer+additive+buffer,0.4095284549728149,355,polymer;additive;buffer,3,0.7291078857035196,0.31957943073070466
classification,descriptor24_buffer_classifier_mlp,descriptor24,MLP,dexma_only,45,polymer+salt+buffer,0.6688345366137225,355,polymer;salt;buffer,3,0.7291078857035196,0.06027334908979709
classification,descriptor24_buffer_classifier_mlp,descriptor24,MLP,dexma_only,45,additive+salt+buffer,0.3836810306737726,355,additive;salt;buffer,3,0.7291078857035196,0.34542685502974696
classification,descriptor24_buffer_classifier_mlp,descriptor24,MLP,dexma_only,45,polymer+additive+salt+buffer,0.29401503981972027,355,polymer;additive;salt;buffer,4,0.7291078857035196,0.4350928458837993
classification,descriptor24_buffer_classifier_mlp,descriptor24,MLP,dexma_only,46,empty,0.729008712241629,355,,0,0.729008712241629,0.0
classification,descriptor24_buffer_classifier_mlp,descriptor24,MLP,dexma_only,46,polymer,0.6833205579394712,355,polymer,1,0.729008712241629,0.04568815430215778
classification,descriptor24_buffer_classifier_mlp,descriptor24,MLP,dexma_only,46,additive,0.5271972703545323,355,additive,1,0.729008712241629,0.20181144188709665
classification,descriptor24_buffer_classifier_mlp,descriptor24,MLP,dexma_only,46,salt,0.688974172117503,355,salt,1,0.729008712241629,0.040034540124125995
classification,descriptor24_buffer_classifier_mlp,descriptor24,MLP,dexma_only,46,buffer,0.7308587337976472,355,buffer,1,0.729008712241629,-0.001850021556018211
classification,descriptor24_buffer_classifier_mlp,descriptor24,MLP,dexma_only,46,polymer+additive,0.4305240608752041,355,polymer;additive,2,0.729008712241629,0.2984846513664249
classification,descriptor24_buffer_classifier_mlp,descriptor24,MLP,dexma_only,46,polymer+salt,0.6623778548676812,355,polymer;salt,2,0.729008712241629,0.0666308573739478
classification,descriptor24_buffer_classifier_mlp,descriptor24,MLP,dexma_only,46,polymer+buffer,0.6622394754458576,355,polymer;buffer,2,0.729008712241629,0.0667692367957714
classification,descriptor24_buffer_classifier_mlp,descriptor24,MLP,dexma_only,46,additive+salt,0.4096558745116569,355,additive;salt,2,0.729008712241629,0.3193528377299721
classification,descriptor24_buffer_classifier_mlp,descriptor24,MLP,dexma_only,46,additive+buffer,0.5151424535942011,355,additive;buffer,2,0.729008712241629,0.21386625864742792
classification,descriptor24_buffer_classifier_mlp,descriptor24,MLP,dexma_only,46,salt+buffer,0.6850777707443835,355,salt;buffer,2,0.729008712241629,0.043930941497245524
classification,descriptor24_buffer_classifier_mlp,descriptor24,MLP,dexma_only,46,polymer+additive+salt,0.3221563161975337,355,polymer;additive;salt,3,0.729008712241629,0.4068523960440953
classification,descriptor24_buffer_classifier_mlp,descriptor24,MLP,dexma_only,46,polymer+additive+buffer,0.4025789273320985,355,polymer;additive;buffer,3,0.729008712241629,0.3264297849095305
classification,descriptor24_buffer_classifier_mlp,descriptor24,MLP,dexma_only,46,polymer+salt+buffer,0.6490178357811206,355,polymer;salt;buffer,3,0.729008712241629,0.0799908764605084
classification,descriptor24_buffer_classifier_mlp,descriptor24,MLP,dexma_only,46,additive+salt+buffer,0.4090706647268851,355,additive;salt;buffer,3,0.729008712241629,0.3199380475147439
classification,descriptor24_buffer_classifier_mlp,descriptor24,MLP,dexma_only,46,polymer+additive+salt+buffer,0.3590841555383398,355,polymer;additive;salt;buffer,4,0.729008712241629,0.3699245567032892
classification,two_slot_pca38_buffer_classifier_xgboost,two_slot38,XGBoost,all,42,empty,0.8247393937014352,403,,0,0.8247393937014352,0.0
classification,two_slot_pca38_buffer_classifier_xgboost,two_slot38,XGBoost,all,42,polymer,0.6782100669834991,403,polymer,1,0.8247393937014352,0.14652932671793617
classification,two_slot_pca38_buffer_classifier_xgboost,two_slot38,XGBoost,all,42,additive,0.5247512388930207,403,additive,1,0.8247393937014352,0.29998815480841456
classification,two_slot_pca38_buffer_classifier_xgboost,two_slot38,XGBoost,all,42,salt,0.8056326083788874,403,salt,1,0.8247393937014352,0.019106785322547837
classification,two_slot_pca38_buffer_classifier_xgboost,two_slot38,XGBoost,all,42,buffer,0.8209050619255999,403,buffer,1,0.8247393937014352,0.0038343317758353646
classification,two_slot_pca38_buffer_classifier_xgboost,two_slot38,XGBoost,all,42,polymer+additive,0.3656109842834207,403,polymer;additive,2,0.8247393937014352,0.4591284094180145
classification,two_slot_pca38_buffer_classifier_xgboost,two_slot38,XGBoost,all,42,polymer+salt,0.6926425646466391,403,polymer;salt,2,0.8247393937014352,0.13209682905479614
classification,two_slot_pca38_buffer_classifier_xgboost,two_slot38,XGBoost,all,42,polymer+buffer,0.6534909520783377,403,polymer;buffer,2,0.8247393937014352,0.1712484416230975
classification,two_slot_pca38_buffer_classifier_xgboost,two_slot38,XGBoost,all,42,additive+salt,0.45710275431851144,403,additive;salt,2,0.8247393937014352,0.3676366393829238
classification,two_slot_pca38_buffer_classifier_xgboost,two_slot38,XGBoost,all,42,additive+buffer,0.5263384075322853,403,additive;buffer,2,0.8247393937014352,0.2984009861691499
classification,two_slot_pca38_buffer_classifier_xgboost,two_slot38,XGBoost,all,42,salt+buffer,0.7981241249426688,403,salt;buffer,2,0.8247393937014352,0.02661526875876641
classification,two_slot_pca38_buffer_classifier_xgboost,two_slot38,XGBoost,all,42,polymer+additive+salt,0.31616663556993496,403,polymer;additive;salt,3,0.8247393937014352,0.5085727581315003
classification,two_slot_pca38_buffer_classifier_xgboost,two_slot38,XGBoost,all,42,polymer+additive+buffer,0.31566996141769904,403,polymer;additive;buffer,3,0.8247393937014352,0.5090694322837361
classification,two_slot_pca38_buffer_classifier_xgboost,two_slot38,XGBoost,all,42,polymer+salt+buffer,0.6736090473252757,403,polymer;salt;buffer,3,0.8247393937014352,0.15113034637615952
classification,two_slot_pca38_buffer_classifier_xgboost,two_slot38,XGBoost,all,42,additive+salt+buffer,0.4551183740745919,403,additive;salt;buffer,3,0.8247393937014352,0.36962101962684335
classification,two_slot_pca38_buffer_classifier_xgboost,two_slot38,XGBoost,all,42,polymer+additive+salt+buffer,0.2809574060837692,403,polymer;additive;salt;buffer,4,0.8247393937014352,0.543781987617666
classification,two_slot_pca38_buffer_classifier_xgboost,two_slot38,XGBoost,all,43,empty,0.8248171937476079,403,,0,0.8248171937476079,0.0
classification,two_slot_pca38_buffer_classifier_xgboost,two_slot38,XGBoost,all,43,polymer,0.68551330586553,403,polymer,1,0.8248171937476079,0.13930388788207781
classification,two_slot_pca38_buffer_classifier_xgboost,two_slot38,XGBoost,all,43,additive,0.5268624375058698,403,additive,1,0.8248171937476079,0.29795475624173806
classification,two_slot_pca38_buffer_classifier_xgboost,two_slot38,XGBoost,all,43,salt,0.7967040803887194,403,salt,1,0.8248171937476079,0.028113113358888442
classification,two_slot_pca38_buffer_classifier_xgboost,two_slot38,XGBoost,all,43,buffer,0.8221389497474061,403,buffer,1,0.8248171937476079,0.0026782440002017793
classification,two_slot_pca38_buffer_classifier_xgboost,two_slot38,XGBoost,all,43,polymer+additive,0.3738204074346283,403,polymer;additive,2,0.8248171937476079,0.45099678631297957
classification,two_slot_pca38_buffer_classifier_xgboost,two_slot38,XGBoost,all,43,polymer+salt,0.6993405574304081,403,polymer;salt,2,0.8248171937476079,0.12547663631719974
classification,two_slot_pca38_buffer_classifier_xgboost,two_slot38,XGBoost,all,43,polymer+buffer,0.6656728519674274,403,polymer;buffer,2,0.8248171937476079,0.15914434178018044
classification,two_slot_pca38_buffer_classifier_xgboost,two_slot38,XGBoost,all,43,additive+salt,0.4703846381991671,403,additive;salt,2,0.8248171937476079,0.3544325555484408
classification,two_slot_pca38_buffer_classifier_xgboost,two_slot38,XGBoost,all,43,additive+buffer,0.5266400704253716,403,additive;buffer,2,0.8248171937476079,0.2981771233222362
classification,two_slot_pca38_buffer_classifier_xgboost,two_slot38,XGBoost,all,43,salt+buffer,0.7926853623036122,403,salt;buffer,2,0.8248171937476079,0.03213183144399567
classification,two_slot_pca38_buffer_classifier_xgboost,two_slot38,XGBoost,all,43,polymer+additive+salt,0.3260947638687279,403,polymer;additive;salt,3,0.8248171937476079,0.49872242987888
classification,two_slot_pca38_buffer_classifier_xgboost,two_slot38,XGBoost,all,43,polymer+additive+buffer,0.32181701502334387,403,polymer;additive;buffer,3,0.8248171937476079,0.503000178724264
classification,two_slot_pca38_buffer_classifier_xgboost,two_slot38,XGBoost,all,43,polymer+salt+buffer,0.6879681648301328,403,polymer;salt;buffer,3,0.8248171937476079,0.13684902891747508
classification,two_slot_pca38_buffer_classifier_xgboost,two_slot38,XGBoost,all,43,additive+salt+buffer,0.4717771723652429,403,additive;salt;buffer,3,0.8248171937476079,0.35304002138236495
classification,two_slot_pca38_buffer_classifier_xgboost,two_slot38,XGBoost,all,43,polymer+additive+salt+buffer,0.28693411106132416,403,polymer;additive;salt;buffer,4,0.8248171937476079,0.5378830826862837
classification,two_slot_pca38_buffer_classifier_xgboost,two_slot38,XGBoost,all,44,empty,0.8248609513924037,403,,0,0.8248609513924037,0.0
classification,two_slot_pca38_buffer_classifier_xgboost,two_slot38,XGBoost,all,44,polymer,0.6921001784275991,403,polymer,1,0.8248609513924037,0.1327607729648046
classification,two_slot_pca38_buffer_classifier_xgboost,two_slot38,XGBoost,all,44,additive,0.5388577180056447,403,additive,1,0.8248609513924037,0.2860032333867589
classification,two_slot_pca38_buffer_classifier_xgboost,two_slot38,XGBoost,all,44,salt,0.7906171309888688,403,salt,1,0.8248609513924037,0.03424382040353491
classification,two_slot_pca38_buffer_classifier_xgboost,two_slot38,XGBoost,all,44,buffer,0.820552407593433,403,buffer,1,0.8248609513924037,0.004308543798970721
classification,two_slot_pca38_buffer_classifier_xgboost,two_slot38,XGBoost,all,44,polymer+additive,0.3971474176240915,403,polymer;additive,2,0.8248609513924037,0.42771353376831217
classification,two_slot_pca38_buffer_classifier_xgboost,two_slot38,XGBoost,all,44,polymer+salt,0.6819636962365259,403,polymer;salt,2,0.8248609513924037,0.1428972551558778
classification,two_slot_pca38_buffer_classifier_xgboost,two_slot38,XGBoost,all,44,polymer+buffer,0.6695423257415563,403,polymer;buffer,2,0.8248609513924037,0.15531862565084742
classification,two_slot_pca38_buffer_classifier_xgboost,two_slot38,XGBoost,all,44,additive+salt,0.4842608171823644,403,additive;salt,2,0.8248609513924037,0.34060013421003926
classification,two_slot_pca38_buffer_classifier_xgboost,two_slot38,XGBoost,all,44,additive+buffer,0.5360976036535567,403,additive;buffer,2,0.8248609513924037,0.28876334773884693
classification,two_slot_pca38_buffer_classifier_xgboost,two_slot38,XGBoost,all,44,salt+buffer,0.7866103672664537,403,salt;buffer,2,0.8248609513924037,0.03825058412594995
classification,two_slot_pca38_buffer_classifier_xgboost,two_slot38,XGBoost,all,44,polymer+additive+salt,0.3476198394085208,403,polymer;additive;salt,3,0.8248609513924037,0.47724111198388286
classification,two_slot_pca38_buffer_classifier_xgboost,two_slot38,XGBoost,all,44,polymer+additive+buffer,0.3494084037473774,403,polymer;additive;buffer,3,0.8248609513924037,0.47545254764502626
classification,two_slot_pca38_buffer_classifier_xgboost,two_slot38,XGBoost,all,44,polymer+salt+buffer,0.6689092020622461,403,polymer;salt;buffer,3,0.8248609513924037,0.15595174933015754
classification,two_slot_pca38_buffer_classifier_xgboost,two_slot38,XGBoost,all,44,additive+salt+buffer,0.48182596400100974,403,additive;salt;buffer,3,0.8248609513924037,0.34303498739139393
classification,two_slot_pca38_buffer_classifier_xgboost,two_slot38,XGBoost,all,44,polymer+additive+salt+buffer,0.30976547718712083,403,polymer;additive;salt;buffer,4,0.8248609513924037,0.5150954742052829
classification,two_slot_pca38_buffer_classifier_xgboost,two_slot38,XGBoost,all,45,empty,0.8248367368495156,403,,0,0.8248367368495156,0.0
classification,two_slot_pca38_buffer_classifier_xgboost,two_slot38,XGBoost,all,45,polymer,0.6700871941543476,403,polymer,1,0.8248367368495156,0.15474954269516805
classification,two_slot_pca38_buffer_classifier_xgboost,two_slot38,XGBoost,all,45,additive,0.533208624440057,403,additive,1,0.8248367368495156,0.29162811240945863
classification,two_slot_pca38_buffer_classifier_xgboost,two_slot38,XGBoost,all,45,salt,0.7937530283070575,403,salt,1,0.8248367368495156,0.03108370854245812
classification,two_slot_pca38_buffer_classifier_xgboost,two_slot38,XGBoost,all,45,buffer,0.8199428635341187,403,buffer,1,0.8248367368495156,0.004893873315396924
classification,two_slot_pca38_buffer_classifier_xgboost,two_slot38,XGBoost,all,45,polymer+additive,0.3608941770939498,403,polymer;additive,2,0.8248367368495156,0.46394255975556586
classification,two_slot_pca38_buffer_classifier_xgboost,two_slot38,XGBoost,all,45,polymer+salt,0.6808296388476895,403,polymer;salt,2,0.8248367368495156,0.1440070980018261
classification,two_slot_pca38_buffer_classifier_xgboost,two_slot38,XGBoost,all,45,polymer+buffer,0.6476037163586839,403,polymer;buffer,2,0.8248367368495156,0.17723302049083178
classification,two_slot_pca38_buffer_classifier_xgboost,two_slot38,XGBoost,all,45,additive+salt,0.4793379371175775,403,additive;salt,2,0.8248367368495156,0.34549879973193814
classification,two_slot_pca38_buffer_classifier_xgboost,two_slot38,XGBoost,all,45,additive+buffer,0.5306660357526763,403,additive;buffer,2,0.8248367368495156,0.2941707010968393
classification,two_slot_pca38_buffer_classifier_xgboost,two_slot38,XGBoost,all,45,salt+buffer,0.7877229033167048,403,salt;buffer,2,0.8248367368495156,0.037113833532810836
classification,two_slot_pca38_buffer_classifier_xgboost,two_slot38,XGBoost,all,45,polymer+additive+salt,0.3141028245821452,403,polymer;additive;salt,3,0.8248367368495156,0.5107339122673704
classification,two_slot_pca38_buffer_classifier_xgboost,two_slot38,XGBoost,all,45,polymer+additive+buffer,0.31635452724859137,403,polymer;additive;buffer,3,0.8248367368495156,0.5084822096009243
classification,two_slot_pca38_buffer_classifier_xgboost,two_slot38,XGBoost,all,45,polymer+salt+buffer,0.6656774477336347,403,polymer;salt;buffer,3,0.8248367368495156,0.15915928911588095
classification,two_slot_pca38_buffer_classifier_xgboost,two_slot38,XGBoost,all,45,additive+salt+buffer,0.47313746159163755,403,additive;salt;buffer,3,0.8248367368495156,0.3516992752578781
classification,two_slot_pca38_buffer_classifier_xgboost,two_slot38,XGBoost,all,45,polymer+additive+salt+buffer,0.2792128498084026,403,polymer;additive;salt;buffer,4,0.8248367368495156,0.545623887041113
classification,two_slot_pca38_buffer_classifier_xgboost,two_slot38,XGBoost,all,46,empty,0.8247608818141566,403,,0,0.8247608818141566,0.0
classification,two_slot_pca38_buffer_classifier_xgboost,two_slot38,XGBoost,all,46,polymer,0.6869227323765952,403,polymer,1,0.8247608818141566,0.13783814943756145
classification,two_slot_pca38_buffer_classifier_xgboost,two_slot38,XGBoost,all,46,additive,0.526078810989136,403,additive,1,0.8247608818141566,0.29868207082502063
classification,two_slot_pca38_buffer_classifier_xgboost,two_slot38,XGBoost,all,46,salt,0.791250038373477,403,salt,1,0.8247608818141566,0.03351084344067967
classification,two_slot_pca38_buffer_classifier_xgboost,two_slot38,XGBoost,all,46,buffer,0.8213180783788747,403,buffer,1,0.8247608818141566,0.003442803435281916
classification,two_slot_pca38_buffer_classifier_xgboost,two_slot38,XGBoost,all,46,polymer+additive,0.3765601593557992,403,polymer;additive,2,0.8247608818141566,0.44820072245835746
classification,two_slot_pca38_buffer_classifier_xgboost,two_slot38,XGBoost,all,46,polymer+salt,0.6862105830897177,403,polymer;salt,2,0.8247608818141566,0.13855029872443891
classification,two_slot_pca38_buffer_classifier_xgboost,two_slot38,XGBoost,all,46,polymer+buffer,0.6620714863704,403,polymer;buffer,2,0.8247608818141566,0.1626893954437566
classification,two_slot_pca38_buffer_classifier_xgboost,two_slot38,XGBoost,all,46,additive+salt,0.4712066471447967,403,additive;salt,2,0.8247608818141566,0.3535542346693599
classification,two_slot_pca38_buffer_classifier_xgboost,two_slot38,XGBoost,all,46,additive+buffer,0.5266889493719623,403,additive;buffer,2,0.8247608818141566,0.2980719324421943
classification,two_slot_pca38_buffer_classifier_xgboost,two_slot38,XGBoost,all,46,salt+buffer,0.7856476300769989,403,salt;buffer,2,0.8247608818141566,0.03911325173715774
classification,two_slot_pca38_buffer_classifier_xgboost,two_slot38,XGBoost,all,46,polymer+additive+salt,0.32013436944206614,403,polymer;additive;salt,3,0.8247608818141566,0.5046265123720906
classification,two_slot_pca38_buffer_classifier_xgboost,two_slot38,XGBoost,all,46,polymer+additive+buffer,0.3178017821030605,403,polymer;additive;buffer,3,0.8247608818141566,0.5069590997110962
classification,two_slot_pca38_buffer_classifier_xgboost,two_slot38,XGBoost,all,46,polymer+salt+buffer,0.6709157868362476,403,polymer;salt;buffer,3,0.8247608818141566,0.153845094977909
classification,two_slot_pca38_buffer_classifier_xgboost,two_slot38,XGBoost,all,46,additive+salt+buffer,0.46848346259907914,403,additive;salt;buffer,3,0.8247608818141566,0.3562774192150775
classification,two_slot_pca38_buffer_classifier_xgboost,two_slot38,XGBoost,all,46,polymer+additive+salt+buffer,0.27937659758019323,403,polymer;additive;salt;buffer,4,0.8247608818141566,0.5453842842339633
classification,two_slot_pca38_buffer_classifier_xgboost,two_slot38,XGBoost,dexma_only,42,empty,0.7289463219466153,355,,0,0.7289463219466153,0.0
classification,two_slot_pca38_buffer_classifier_xgboost,two_slot38,XGBoost,dexma_only,42,polymer,0.6554090252962543,355,polymer,1,0.7289463219466153,0.07353729665036102
classification,two_slot_pca38_buffer_classifier_xgboost,two_slot38,XGBoost,dexma_only,42,additive,0.46089768073019344,355,additive,1,0.7289463219466153,0.2680486412164219
classification,two_slot_pca38_buffer_classifier_xgboost,two_slot38,XGBoost,dexma_only,42,salt,0.7227420473575819,355,salt,1,0.7289463219466153,0.006204274589033498
classification,two_slot_pca38_buffer_classifier_xgboost,two_slot38,XGBoost,dexma_only,42,buffer,0.7264532625325049,355,buffer,1,0.7289463219466153,0.002493059414110488
classification,two_slot_pca38_buffer_classifier_xgboost,two_slot38,XGBoost,dexma_only,42,polymer+additive,0.31229540386003385,355,polymer;additive,2,0.7289463219466153,0.4166509180865815
classification,two_slot_pca38_buffer_classifier_xgboost,two_slot38,XGBoost,dexma_only,42,polymer+salt,0.6621352833748608,355,polymer;salt,2,0.7289463219466153,0.06681103857175452
classification,two_slot_pca38_buffer_classifier_xgboost,two_slot38,XGBoost,dexma_only,42,polymer+buffer,0.6541802546479487,355,polymer;buffer,2,0.7289463219466153,0.07476606729866664
classification,two_slot_pca38_buffer_classifier_xgboost,two_slot38,XGBoost,dexma_only,42,additive+salt,0.3661706060682446,355,additive;salt,2,0.7289463219466153,0.36277571587837076
classification,two_slot_pca38_buffer_classifier_xgboost,two_slot38,XGBoost,dexma_only,42,additive+buffer,0.4623360030906929,355,additive;buffer,2,0.7289463219466153,0.26661031885592246
classification,two_slot_pca38_buffer_classifier_xgboost,two_slot38,XGBoost,dexma_only,42,salt+buffer,0.7126438742499794,355,salt;buffer,2,0.7289463219466153,0.016302447696635913
classification,two_slot_pca38_buffer_classifier_xgboost,two_slot38,XGBoost,dexma_only,42,polymer+additive+salt,0.2688187368786175,355,polymer;additive;salt,3,0.7289463219466153,0.46012758506799784
classification,two_slot_pca38_buffer_classifier_xgboost,two_slot38,XGBoost,dexma_only,42,polymer+additive+buffer,0.29918832079196733,355,polymer;additive;buffer,3,0.7289463219466153,0.429758001154648
classification,two_slot_pca38_buffer_classifier_xgboost,two_slot38,XGBoost,dexma_only,42,polymer+salt+buffer,0.6529591585342885,355,polymer;salt;buffer,3,0.7289463219466153,0.07598716341232681
classification,two_slot_pca38_buffer_classifier_xgboost,two_slot38,XGBoost,dexma_only,42,additive+salt+buffer,0.36967209399605666,355,additive;salt;buffer,3,0.7289463219466153,0.3592742279505587
classification,two_slot_pca38_buffer_classifier_xgboost,two_slot38,XGBoost,dexma_only,42,polymer+additive+salt+buffer,0.25996750802564494,355,polymer;additive;salt;buffer,4,0.7289463219466153,0.4689788139209704
classification,two_slot_pca38_buffer_classifier_xgboost,two_slot38,XGBoost,dexma_only,43,empty,0.7290245909626104,355,,0,0.7290245909626104,0.0
classification,two_slot_pca38_buffer_classifier_xgboost,two_slot38,XGBoost,dexma_only,43,polymer,0.6664439512391216,355,polymer,1,0.7290245909626104,0.06258063972348882
classification,two_slot_pca38_buffer_classifier_xgboost,two_slot38,XGBoost,dexma_only,43,additive,0.4688833173764064,355,additive,1,0.7290245909626104,0.260141273586204
classification,two_slot_pca38_buffer_classifier_xgboost,two_slot38,XGBoost,dexma_only,43,salt,0.7030060282988926,355,salt,1,0.7290245909626104,0.026018562663717826
classification,two_slot_pca38_buffer_classifier_xgboost,two_slot38,XGBoost,dexma_only,43,buffer,0.7284237166072332,355,buffer,1,0.7290245909626104,0.0006008743553772566
classification,two_slot_pca38_buffer_classifier_xgboost,two_slot38,XGBoost,dexma_only,43,polymer+additive,0.3244916602462186,355,polymer;additive,2,0.7290245909626104,0.4045329307163918
classification,two_slot_pca38_buffer_classifier_xgboost,two_slot38,XGBoost,dexma_only,43,polymer+salt,0.6506742430390957,355,polymer;salt,2,0.7290245909626104,0.0783503479235147
classification,two_slot_pca38_buffer_classifier_xgboost,two_slot38,XGBoost,dexma_only,43,polymer+buffer,0.6689039333764725,355,polymer;buffer,2,0.7290245909626104,0.06012065758613794
classification,two_slot_pca38_buffer_classifier_xgboost,two_slot38,XGBoost,dexma_only,43,additive+salt,0.379260194937243,355,additive;salt,2,0.7290245909626104,0.3497643960253674
classification,two_slot_pca38_buffer_classifier_xgboost,two_slot38,XGBoost,dexma_only,43,additive+buffer,0.4704123182514459,355,additive;buffer,2,0.7290245909626104,0.2586122727111645
classification,two_slot_pca38_buffer_classifier_xgboost,two_slot38,XGBoost,dexma_only,43,salt+buffer,0.6961578251961069,355,salt;buffer,2,0.7290245909626104,0.03286676576650349
classification,two_slot_pca38_buffer_classifier_xgboost,two_slot38,XGBoost,dexma_only,43,polymer+additive+salt,0.28911572217973275,355,polymer;additive;salt,3,0.7290245909626104,0.43990886878287766
classification,two_slot_pca38_buffer_classifier_xgboost,two_slot38,XGBoost,dexma_only,43,polymer+additive+buffer,0.3114616555754998,355,polymer;additive;buffer,3,0.7290245909626104,0.4175629353871106
classification,two_slot_pca38_buffer_classifier_xgboost,two_slot38,XGBoost,dexma_only,43,polymer+salt+buffer,0.6497108719490368,355,polymer;salt;buffer,3,0.7290245909626104,0.07931371901357365
classification,two_slot_pca38_buffer_classifier_xgboost,two_slot38,XGBoost,dexma_only,43,additive+salt+buffer,0.38613416902605596,355,additive;salt;buffer,3,0.7290245909626104,0.34289042193655445
classification,two_slot_pca38_buffer_classifier_xgboost,two_slot38,XGBoost,dexma_only,43,polymer+additive+salt+buffer,0.27735002665072866,355,polymer;additive;salt;buffer,4,0.7290245909626104,0.45167456431188174
classification,two_slot_pca38_buffer_classifier_xgboost,two_slot38,XGBoost,dexma_only,44,empty,0.7290658535623911,355,,0,0.7290658535623911,0.0
classification,two_slot_pca38_buffer_classifier_xgboost,two_slot38,XGBoost,dexma_only,44,polymer,0.6734026139220466,355,polymer,1,0.7290658535623911,0.055663239640344475
classification,two_slot_pca38_buffer_classifier_xgboost,two_slot38,XGBoost,dexma_only,44,additive,0.4832732833824615,355,additive,1,0.7290658535623911,0.24579257017992956
classification,two_slot_pca38_buffer_classifier_xgboost,two_slot38,XGBoost,dexma_only,44,salt,0.706910918464183,355,salt,1,0.7290658535623911,0.022154935098208095
classification,two_slot_pca38_buffer_classifier_xgboost,two_slot38,XGBoost,dexma_only,44,buffer,0.7257114121071581,355,buffer,1,0.7290658535623911,0.0033544414552330037
classification,two_slot_pca38_buffer_classifier_xgboost,two_slot38,XGBoost,dexma_only,44,polymer+additive,0.3520454736061531,355,polymer;additive,2,0.7290658535623911,0.37702037995623794
classification,two_slot_pca38_buffer_classifier_xgboost,two_slot38,XGBoost,dexma_only,44,polymer+salt,0.6533105132446266,355,polymer;salt,2,0.7290658535623911,0.07575534031776443
classification,two_slot_pca38_buffer_classifier_xgboost,two_slot38,XGBoost,dexma_only,44,polymer+buffer,0.6707513275055584,355,polymer;buffer,2,0.7290658535623911,0.05831452605683263
classification,two_slot_pca38_buffer_classifier_xgboost,two_slot38,XGBoost,dexma_only,44,additive+salt,0.4053120461280955,355,additive;salt,2,0.7290658535623911,0.32375380743429555
classification,two_slot_pca38_buffer_classifier_xgboost,two_slot38,XGBoost,dexma_only,44,additive+buffer,0.48164630914459666,355,additive;buffer,2,0.7290658535623911,0.2474195444177944
classification,two_slot_pca38_buffer_classifier_xgboost,two_slot38,XGBoost,dexma_only,44,salt+buffer,0.6983409352580587,355,salt;buffer,2,0.7290658535623911,0.030724918304332327
classification,two_slot_pca38_buffer_classifier_xgboost,two_slot38,XGBoost,dexma_only,44,polymer+additive+salt,0.3104208820598027,355,polymer;additive;salt,3,0.7290658535623911,0.41864497150258834
classification,two_slot_pca38_buffer_classifier_xgboost,two_slot38,XGBoost,dexma_only,44,polymer+additive+buffer,0.33700778517258695,355,polymer;additive;buffer,3,0.7290658535623911,0.3920580683898041
classification,two_slot_pca38_buffer_classifier_xgboost,two_slot38,XGBoost,dexma_only,44,polymer+salt+buffer,0.648795715479704,355,polymer;salt;buffer,3,0.7290658535623911,0.08027013808268701
classification,two_slot_pca38_buffer_classifier_xgboost,two_slot38,XGBoost,dexma_only,44,additive+salt+buffer,0.40713965480219766,355,additive;salt;buffer,3,0.7290658535623911,0.3219261987601934
classification,two_slot_pca38_buffer_classifier_xgboost,two_slot38,XGBoost,dexma_only,44,polymer+additive+salt+buffer,0.2978425861394685,355,polymer;additive;salt;buffer,4,0.7290658535623911,0.43122326742292255
classification,two_slot_pca38_buffer_classifier_xgboost,two_slot38,XGBoost,dexma_only,45,empty,0.7291078857035196,355,,0,0.7291078857035196,0.0
classification,two_slot_pca38_buffer_classifier_xgboost,two_slot38,XGBoost,dexma_only,45,polymer,0.6462658188296161,355,polymer,1,0.7291078857035196,0.0828420668739035
classification,two_slot_pca38_buffer_classifier_xgboost,two_slot38,XGBoost,dexma_only,45,additive,0.47011207636125457,355,additive,1,0.7291078857035196,0.258995809342265
classification,two_slot_pca38_buffer_classifier_xgboost,two_slot38,XGBoost,dexma_only,45,salt,0.7040000390050342,355,salt,1,0.7291078857035196,0.025107846698485425
classification,two_slot_pca38_buffer_classifier_xgboost,two_slot38,XGBoost,dexma_only,45,buffer,0.7256989219911382,355,buffer,1,0.7291078857035196,0.0034089637123814187
classification,two_slot_pca38_buffer_classifier_xgboost,two_slot38,XGBoost,dexma_only,45,polymer+additive,0.30767166058667544,355,polymer;additive,2,0.7291078857035196,0.42143622511684414
classification,two_slot_pca38_buffer_classifier_xgboost,two_slot38,XGBoost,dexma_only,45,polymer+salt,0.6436989613736062,355,polymer;salt,2,0.7291078857035196,0.08540892432991343
classification,two_slot_pca38_buffer_classifier_xgboost,two_slot38,XGBoost,dexma_only,45,polymer+buffer,0.6453816499115286,355,polymer;buffer,2,0.7291078857035196,0.08372623579199101
classification,two_slot_pca38_buffer_classifier_xgboost,two_slot38,XGBoost,dexma_only,45,additive+salt,0.38869532641009646,355,additive;salt,2,0.7291078857035196,0.3404125592934231
classification,two_slot_pca38_buffer_classifier_xgboost,two_slot38,XGBoost,dexma_only,45,additive+buffer,0.4694869185211308,355,additive;buffer,2,0.7291078857035196,0.2596209671823888
classification,two_slot_pca38_buffer_classifier_xgboost,two_slot38,XGBoost,dexma_only,45,salt+buffer,0.6945295512688888,355,salt;buffer,2,0.7291078857035196,0.034578334434630764
classification,two_slot_pca38_buffer_classifier_xgboost,two_slot38,XGBoost,dexma_only,45,polymer+additive+salt,0.26766633929080197,355,polymer;additive;salt,3,0.7291078857035196,0.4614415464127176
classification,two_slot_pca38_buffer_classifier_xgboost,two_slot38,XGBoost,dexma_only,45,polymer+additive+buffer,0.2973098091296821,355,polymer;additive;buffer,3,0.7291078857035196,0.4317980765738375
classification,two_slot_pca38_buffer_classifier_xgboost,two_slot38,XGBoost,dexma_only,45,polymer+salt+buffer,0.6369137851746831,355,polymer;salt;buffer,3,0.7291078857035196,0.09219410052883648
classification,two_slot_pca38_buffer_classifier_xgboost,two_slot38,XGBoost,dexma_only,45,additive+salt+buffer,0.3871385125183499,355,additive;salt;buffer,3,0.7291078857035196,0.3419693731851697
classification,two_slot_pca38_buffer_classifier_xgboost,two_slot38,XGBoost,dexma_only,45,polymer+additive+salt+buffer,0.25636569743611703,355,polymer;additive;salt;buffer,4,0.7291078857035196,0.47274218826740255
classification,two_slot_pca38_buffer_classifier_xgboost,two_slot38,XGBoost,dexma_only,46,empty,0.729008712241629,355,,0,0.729008712241629,0.0
classification,two_slot_pca38_buffer_classifier_xgboost,two_slot38,XGBoost,dexma_only,46,polymer,0.666429017723959,355,polymer,1,0.729008712241629,0.06257969451766998
classification,two_slot_pca38_buffer_classifier_xgboost,two_slot38,XGBoost,dexma_only,46,additive,0.4592672023980037,355,additive,1,0.729008712241629,0.26974150984362527
classification,two_slot_pca38_buffer_classifier_xgboost,two_slot38,XGBoost,dexma_only,46,salt,0.706829883095512,355,salt,1,0.729008712241629,0.02217882914611702
classification,two_slot_pca38_buffer_classifier_xgboost,two_slot38,XGBoost,dexma_only,46,buffer,0.7275246526883904,355,buffer,1,0.729008712241629,0.0014840595532386036
classification,two_slot_pca38_buffer_classifier_xgboost,two_slot38,XGBoost,dexma_only,46,polymer+additive,0.3166166758912808,355,polymer;additive,2,0.729008712241629,0.4123920363503482
classification,two_slot_pca38_buffer_classifier_xgboost,two_slot38,XGBoost,dexma_only,46,polymer+salt,0.6509404387628889,355,polymer;salt,2,0.729008712241629,0.07806827347874012
classification,two_slot_pca38_buffer_classifier_xgboost,two_slot38,XGBoost,dexma_only,46,polymer+buffer,0.6644903202615366,355,polymer;buffer,2,0.729008712241629,0.06451839198009235
classification,two_slot_pca38_buffer_classifier_xgboost,two_slot38,XGBoost,dexma_only,46,additive+salt,0.37231035923991007,355,additive;salt,2,0.729008712241629,0.3566983530017189
classification,two_slot_pca38_buffer_classifier_xgboost,two_slot38,XGBoost,dexma_only,46,additive+buffer,0.4612518969568774,355,additive;buffer,2,0.729008712241629,0.2677568152847516
classification,two_slot_pca38_buffer_classifier_xgboost,two_slot38,XGBoost,dexma_only,46,salt+buffer,0.6987289808955126,355,salt;buffer,2,0.729008712241629,0.03027973134611639
classification,two_slot_pca38_buffer_classifier_xgboost,two_slot38,XGBoost,dexma_only,46,polymer+additive+salt,0.27391355450123983,355,polymer;additive;salt,3,0.729008712241629,0.45509515774038917
classification,two_slot_pca38_buffer_classifier_xgboost,two_slot38,XGBoost,dexma_only,46,polymer+additive+buffer,0.29877451593973203,355,polymer;additive;buffer,3,0.729008712241629,0.43023419630189697
classification,two_slot_pca38_buffer_classifier_xgboost,two_slot38,XGBoost,dexma_only,46,polymer+salt+buffer,0.6478829686042528,355,polymer;salt;buffer,3,0.729008712241629,0.08112574363737624
classification,two_slot_pca38_buffer_classifier_xgboost,two_slot38,XGBoost,dexma_only,46,additive+salt+buffer,0.3738759607143038,355,additive;salt;buffer,3,0.729008712241629,0.3551327515273252
classification,two_slot_pca38_buffer_classifier_xgboost,two_slot38,XGBoost,dexma_only,46,polymer+additive+salt+buffer,0.2630626031133679,355,polymer;additive;salt;buffer,4,0.729008712241629,0.4659461091282611
classification,two_slot_pca38_buffer_classifier_mlp,two_slot38,MLP,all,42,empty,0.8247393937014352,403,,0,0.8247393937014352,0.0
classification,two_slot_pca38_buffer_classifier_mlp,two_slot38,MLP,all,42,polymer,0.7320201145385578,403,polymer,1,0.8247393937014352,0.09271927916287748
classification,two_slot_pca38_buffer_classifier_mlp,two_slot38,MLP,all,42,additive,0.5749648416524804,403,additive,1,0.8247393937014352,0.24977455204895482
classification,two_slot_pca38_buffer_classifier_mlp,two_slot38,MLP,all,42,salt,0.7908632883764148,403,salt,1,0.8247393937014352,0.03387610532502039
classification,two_slot_pca38_buffer_classifier_mlp,two_slot38,MLP,all,42,buffer,0.8243438546647461,403,buffer,1,0.8247393937014352,0.0003955390366890965
classification,two_slot_pca38_buffer_classifier_mlp,two_slot38,MLP,all,42,polymer+additive,0.4530436875711244,403,polymer;additive,2,0.8247393937014352,0.37169570613031083
classification,two_slot_pca38_buffer_classifier_mlp,two_slot38,MLP,all,42,polymer+salt,0.718801772292484,403,polymer;salt,2,0.8247393937014352,0.10593762140895124
classification,two_slot_pca38_buffer_classifier_mlp,two_slot38,MLP,all,42,polymer+buffer,0.7223367115259505,403,polymer;buffer,2,0.8247393937014352,0.10240268217548476
classification,two_slot_pca38_buffer_classifier_mlp,two_slot38,MLP,all,42,additive+salt,0.527584964570591,403,additive;salt,2,0.8247393937014352,0.2971544291308442
classification,two_slot_pca38_buffer_classifier_mlp,two_slot38,MLP,all,42,additive+buffer,0.5628484169744842,403,additive;buffer,2,0.8247393937014352,0.26189097672695105
classification,two_slot_pca38_buffer_classifier_mlp,two_slot38,MLP,all,42,salt+buffer,0.7959809413738324,403,salt;buffer,2,0.8247393937014352,0.02875845232760288
classification,two_slot_pca38_buffer_classifier_mlp,two_slot38,MLP,all,42,polymer+additive+salt,0.3924241443523621,403,polymer;additive;salt,3,0.8247393937014352,0.4323152493490731
classification,two_slot_pca38_buffer_classifier_mlp,two_slot38,MLP,all,42,polymer+additive+buffer,0.4585605035937394,403,polymer;additive;buffer,3,0.8247393937014352,0.36617889010769583
classification,two_slot_pca38_buffer_classifier_mlp,two_slot38,MLP,all,42,polymer+salt+buffer,0.7111645048630353,403,polymer;salt;buffer,3,0.8247393937014352,0.11357488883839995
classification,two_slot_pca38_buffer_classifier_mlp,two_slot38,MLP,all,42,additive+salt+buffer,0.581776636916814,403,additive;salt;buffer,3,0.8247393937014352,0.2429627567846212
classification,two_slot_pca38_buffer_classifier_mlp,two_slot38,MLP,all,42,polymer+additive+salt+buffer,0.43919109739409246,403,polymer;additive;salt;buffer,4,0.8247393937014352,0.3855482963073428
classification,two_slot_pca38_buffer_classifier_mlp,two_slot38,MLP,all,43,empty,0.8248171937476079,403,,0,0.8248171937476079,0.0
classification,two_slot_pca38_buffer_classifier_mlp,two_slot38,MLP,all,43,polymer,0.7158707506689312,403,polymer,1,0.8248171937476079,0.10894644307867662
classification,two_slot_pca38_buffer_classifier_mlp,two_slot38,MLP,all,43,additive,0.5863238642095009,403,additive,1,0.8248171937476079,0.23849332953810698
classification,two_slot_pca38_buffer_classifier_mlp,two_slot38,MLP,all,43,salt,0.7674687859584632,403,salt,1,0.8248171937476079,0.05734840778914463
classification,two_slot_pca38_buffer_classifier_mlp,two_slot38,MLP,all,43,buffer,0.824779541136217,403,buffer,1,0.8248171937476079,3.7652611390881496e-05
classification,two_slot_pca38_buffer_classifier_mlp,two_slot38,MLP,all,43,polymer+additive,0.4559670440855442,403,polymer;additive,2,0.8248171937476079,0.36885014966206364
classification,two_slot_pca38_buffer_classifier_mlp,two_slot38,MLP,all,43,polymer+salt,0.689916718599197,403,polymer;salt,2,0.8248171937476079,0.13490047514841086
classification,two_slot_pca38_buffer_classifier_mlp,two_slot38,MLP,all,43,polymer+buffer,0.6787209026377228,403,polymer;buffer,2,0.8248171937476079,0.1460962911098851
classification,two_slot_pca38_buffer_classifier_mlp,two_slot38,MLP,all,43,additive+salt,0.564062350181059,403,additive;salt,2,0.8248171937476079,0.2607548435665489
classification,two_slot_pca38_buffer_classifier_mlp,two_slot38,MLP,all,43,additive+buffer,0.5922938845885658,403,additive;buffer,2,0.8248171937476079,0.23252330915904207
classification,two_slot_pca38_buffer_classifier_mlp,two_slot38,MLP,all,43,salt+buffer,0.761885398132858,403,salt;buffer,2,0.8248171937476079,0.06293179561474982
classification,two_slot_pca38_buffer_classifier_mlp,two_slot38,MLP,all,43,polymer+additive+salt,0.3699176326746132,403,polymer;additive;salt,3,0.8248171937476079,0.4548995610729947
classification,two_slot_pca38_buffer_classifier_mlp,two_slot38,MLP,all,43,polymer+additive+buffer,0.46522914820112893,403,polymer;additive;buffer,3,0.8248171937476079,0.35958804554647894
classification,two_slot_pca38_buffer_classifier_mlp,two_slot38,MLP,all,43,polymer+salt+buffer,0.6596677399753069,403,polymer;salt;buffer,3,0.8248171937476079,0.16514945377230095
classification,two_slot_pca38_buffer_classifier_mlp,two_slot38,MLP,all,43,additive+salt+buffer,0.5753908016586308,403,additive;salt;buffer,3,0.8248171937476079,0.2494263920889771
classification,two_slot_pca38_buffer_classifier_mlp,two_slot38,MLP,all,43,polymer+additive+salt+buffer,0.381783326389645,403,polymer;additive;salt;buffer,4,0.8248171937476079,0.44303386735796285
classification,two_slot_pca38_buffer_classifier_mlp,two_slot38,MLP,all,44,empty,0.8248609513924037,403,,0,0.8248609513924037,0.0
classification,two_slot_pca38_buffer_classifier_mlp,two_slot38,MLP,all,44,polymer,0.695550776487878,403,polymer,1,0.8248609513924037,0.12931017490452568
classification,two_slot_pca38_buffer_classifier_mlp,two_slot38,MLP,all,44,additive,0.5773996637437746,403,additive,1,0.8248609513924037,0.24746128764862907
classification,two_slot_pca38_buffer_classifier_mlp,two_slot38,MLP,all,44,salt,0.7984253168741061,403,salt,1,0.8248609513924037,0.026435634518297557
classification,two_slot_pca38_buffer_classifier_mlp,two_slot38,MLP,all,44,buffer,0.8213432331921886,403,buffer,1,0.8248609513924037,0.0035177182002150698
classification,two_slot_pca38_buffer_classifier_mlp,two_slot38,MLP,all,44,polymer+additive,0.45030017375361997,403,polymer;additive,2,0.8248609513924037,0.3745607776387837
classification,two_slot_pca38_buffer_classifier_mlp,two_slot38,MLP,all,44,polymer+salt,0.6968445716996297,403,polymer;salt,2,0.8248609513924037,0.12801637969277402
classification,two_slot_pca38_buffer_classifier_mlp,two_slot38,MLP,all,44,polymer+buffer,0.6826273330291676,403,polymer;buffer,2,0.8248609513924037,0.14223361836323611
classification,two_slot_pca38_buffer_classifier_mlp,two_slot38,MLP,all,44,additive+salt,0.5286131011968593,403,additive;salt,2,0.8248609513924037,0.29624785019554434
classification,two_slot_pca38_buffer_classifier_mlp,two_slot38,MLP,all,44,additive+buffer,0.5668294296230834,403,additive;buffer,2,0.8248609513924037,0.2580315217693203
classification,two_slot_pca38_buffer_classifier_mlp,two_slot38,MLP,all,44,salt+buffer,0.7921380915965719,403,salt;buffer,2,0.8248609513924037,0.03272285979583178
classification,two_slot_pca38_buffer_classifier_mlp,two_slot38,MLP,all,44,polymer+additive+salt,0.40344572570928455,403,polymer;additive;salt,3,0.8248609513924037,0.4214152256831191
classification,two_slot_pca38_buffer_classifier_mlp,two_slot38,MLP,all,44,polymer+additive+buffer,0.4299511494540233,403,polymer;additive;buffer,3,0.8248609513924037,0.3949098019383804
classification,two_slot_pca38_buffer_classifier_mlp,two_slot38,MLP,all,44,polymer+salt+buffer,0.6887188733824655,403,polymer;salt;buffer,3,0.8248609513924037,0.13614207800993816
classification,two_slot_pca38_buffer_classifier_mlp,two_slot38,MLP,all,44,additive+salt+buffer,0.5293631125002346,403,additive;salt;buffer,3,0.8248609513924037,0.2954978388921691
classification,two_slot_pca38_buffer_classifier_mlp,two_slot38,MLP,all,44,polymer+additive+salt+buffer,0.3821438689402683,403,polymer;additive;salt;buffer,4,0.8248609513924037,0.44271708245213537
classification,two_slot_pca38_buffer_classifier_mlp,two_slot38,MLP,all,45,empty,0.8248367368495156,403,,0,0.8248367368495156,0.0
classification,two_slot_pca38_buffer_classifier_mlp,two_slot38,MLP,all,45,polymer,0.7044557955131298,403,polymer,1,0.8248367368495156,0.12038094133638588
classification,two_slot_pca38_buffer_classifier_mlp,two_slot38,MLP,all,45,additive,0.557714558818354,403,additive,1,0.8248367368495156,0.2671221780311617
classification,two_slot_pca38_buffer_classifier_mlp,two_slot38,MLP,all,45,salt,0.7926854776809757,403,salt,1,0.8248367368495156,0.03215125916853989
classification,two_slot_pca38_buffer_classifier_mlp,two_slot38,MLP,all,45,buffer,0.8218893420212265,403,buffer,1,0.8248367368495156,0.002947394828289096
classification,two_slot_pca38_buffer_classifier_mlp,two_slot38,MLP,all,45,polymer+additive,0.42516956194648714,403,polymer;additive,2,0.8248367368495156,0.3996671749030285
classification,two_slot_pca38_buffer_classifier_mlp,two_slot38,MLP,all,45,polymer+salt,0.7168479500462671,403,polymer;salt,2,0.8248367368495156,0.10798878680324853
classification,two_slot_pca38_buffer_classifier_mlp,two_slot38,MLP,all,45,polymer+buffer,0.6886540614781149,403,polymer;buffer,2,0.8248367368495156,0.13618267537140072
classification,two_slot_pca38_buffer_classifier_mlp,two_slot38,MLP,all,45,additive+salt,0.5079760580265938,403,additive;salt,2,0.8248367368495156,0.3168606788229218
classification,two_slot_pca38_buffer_classifier_mlp,two_slot38,MLP,all,45,additive+buffer,0.5512237241525512,403,additive;buffer,2,0.8248367368495156,0.2736130126969645
classification,two_slot_pca38_buffer_classifier_mlp,two_slot38,MLP,all,45,salt+buffer,0.7864653547782811,403,salt;buffer,2,0.8248367368495156,0.03837138207123458
classification,two_slot_pca38_buffer_classifier_mlp,two_slot38,MLP,all,45,polymer+additive+salt,0.37528641364060683,403,polymer;additive;salt,3,0.8248367368495156,0.4495503232089088
classification,two_slot_pca38_buffer_classifier_mlp,two_slot38,MLP,all,45,polymer+additive+buffer,0.4171334368452436,403,polymer;additive;buffer,3,0.8248367368495156,0.407703300004272
classification,two_slot_pca38_buffer_classifier_mlp,two_slot38,MLP,all,45,polymer+salt+buffer,0.7141870675603887,403,polymer;salt;buffer,3,0.8248367368495156,0.1106496692891269
classification,two_slot_pca38_buffer_classifier_mlp,two_slot38,MLP,all,45,additive+salt+buffer,0.49693394617819525,403,additive;salt;buffer,3,0.8248367368495156,0.3279027906713204
classification,two_slot_pca38_buffer_classifier_mlp,two_slot38,MLP,all,45,polymer+additive+salt+buffer,0.3378505519052241,403,polymer;additive;salt;buffer,4,0.8248367368495156,0.4869861849442915
classification,two_slot_pca38_buffer_classifier_mlp,two_slot38,MLP,all,46,empty,0.8247608818141566,403,,0,0.8247608818141566,0.0
classification,two_slot_pca38_buffer_classifier_mlp,two_slot38,MLP,all,46,polymer,0.7021509846831052,403,polymer,1,0.8247608818141566,0.12260989713105142
classification,two_slot_pca38_buffer_classifier_mlp,two_slot38,MLP,all,46,additive,0.5748922249869247,403,additive,1,0.8247608818141566,0.24986865682723192
classification,two_slot_pca38_buffer_classifier_mlp,two_slot38,MLP,all,46,salt,0.7760647524044799,403,salt,1,0.8247608818141566,0.048696129409676714
classification,two_slot_pca38_buffer_classifier_mlp,two_slot38,MLP,all,46,buffer,0.8239071097146783,403,buffer,1,0.8247608818141566,0.0008537720994783449
classification,two_slot_pca38_buffer_classifier_mlp,two_slot38,MLP,all,46,polymer+additive,0.4704483748654053,403,polymer;additive,2,0.8247608818141566,0.3543125069487513
classification,two_slot_pca38_buffer_classifier_mlp,two_slot38,MLP,all,46,polymer+salt,0.6934384100550492,403,polymer;salt,2,0.8247608818141566,0.13132247175910738
classification,two_slot_pca38_buffer_classifier_mlp,two_slot38,MLP,all,46,polymer+buffer,0.6632783632159456,403,polymer;buffer,2,0.8247608818141566,0.16148251859821106
classification,two_slot_pca38_buffer_classifier_mlp,two_slot38,MLP,all,46,additive+salt,0.5197621824134037,403,additive;salt,2,0.8247608818141566,0.30499869940075297
classification,two_slot_pca38_buffer_classifier_mlp,two_slot38,MLP,all,46,additive+buffer,0.5661283925978137,403,additive;buffer,2,0.8247608818141566,0.25863248921634296
classification,two_slot_pca38_buffer_classifier_mlp,two_slot38,MLP,all,46,salt+buffer,0.7627505546161198,403,salt;buffer,2,0.8247608818141566,0.062010327198036785
classification,two_slot_pca38_buffer_classifier_mlp,two_slot38,MLP,all,46,polymer+additive+salt,0.4180009487147485,403,polymer;additive;salt,3,0.8247608818141566,0.4067599330994081
classification,two_slot_pca38_buffer_classifier_mlp,two_slot38,MLP,all,46,polymer+additive+buffer,0.437452997138907,403,polymer;additive;buffer,3,0.8247608818141566,0.3873078846752496
classification,two_slot_pca38_buffer_classifier_mlp,two_slot38,MLP,all,46,polymer+salt+buffer,0.6748704385526791,403,polymer;salt;buffer,3,0.8247608818141566,0.1498904432614775
classification,two_slot_pca38_buffer_classifier_mlp,two_slot38,MLP,all,46,additive+salt+buffer,0.5106289601817575,403,additive;salt;buffer,3,0.8247608818141566,0.3141319216323991
classification,two_slot_pca38_buffer_classifier_mlp,two_slot38,MLP,all,46,polymer+additive+salt+buffer,0.41693709106362553,403,polymer;additive;salt;buffer,4,0.8247608818141566,0.4078237907505311
classification,two_slot_pca38_buffer_classifier_mlp,two_slot38,MLP,dexma_only,42,empty,0.7289463219466153,355,,0,0.7289463219466153,0.0
classification,two_slot_pca38_buffer_classifier_mlp,two_slot38,MLP,dexma_only,42,polymer,0.6894813729422316,355,polymer,1,0.7289463219466153,0.0394649490043838
classification,two_slot_pca38_buffer_classifier_mlp,two_slot38,MLP,dexma_only,42,additive,0.5191717837688712,355,additive,1,0.7289463219466153,0.20977453817774416
classification,two_slot_pca38_buffer_classifier_mlp,two_slot38,MLP,dexma_only,42,salt,0.6981978496612299,355,salt,1,0.7289463219466153,0.030748472285385464
classification,two_slot_pca38_buffer_classifier_mlp,two_slot38,MLP,dexma_only,42,buffer,0.731215274454738,355,buffer,1,0.7289463219466153,-0.002268952508122646
classification,two_slot_pca38_buffer_classifier_mlp,two_slot38,MLP,dexma_only,42,polymer+additive,0.42311024597126,355,polymer;additive,2,0.7289463219466153,0.30583607597535534
classification,two_slot_pca38_buffer_classifier_mlp,two_slot38,MLP,dexma_only,42,polymer+salt,0.6823261652215167,355,polymer;salt,2,0.7289463219466153,0.04662015672509867
classification,two_slot_pca38_buffer_classifier_mlp,two_slot38,MLP,dexma_only,42,polymer+buffer,0.6870856192098934,355,polymer;buffer,2,0.7289463219466153,0.04186070273672193
classification,two_slot_pca38_buffer_classifier_mlp,two_slot38,MLP,dexma_only,42,additive+salt,0.4399873284367167,355,additive;salt,2,0.7289463219466153,0.2889589935098987
classification,two_slot_pca38_buffer_classifier_mlp,two_slot38,MLP,dexma_only,42,additive+buffer,0.505278515211796,355,additive;buffer,2,0.7289463219466153,0.22366780673481934
classification,two_slot_pca38_buffer_classifier_mlp,two_slot38,MLP,dexma_only,42,salt+buffer,0.694638014448733,355,salt;buffer,2,0.7289463219466153,0.034308307497882384
classification,two_slot_pca38_buffer_classifier_mlp,two_slot38,MLP,dexma_only,42,polymer+additive+salt,0.3332809894924323,355,polymer;additive;salt,3,0.7289463219466153,0.39566533245418306
classification,two_slot_pca38_buffer_classifier_mlp,two_slot38,MLP,dexma_only,42,polymer+additive+buffer,0.43738250323565536,355,polymer;additive;buffer,3,0.7289463219466153,0.29156381871096
classification,two_slot_pca38_buffer_classifier_mlp,two_slot38,MLP,dexma_only,42,polymer+salt+buffer,0.6676301842415,355,polymer;salt;buffer,3,0.7289463219466153,0.06131613770511535
classification,two_slot_pca38_buffer_classifier_mlp,two_slot38,MLP,dexma_only,42,additive+salt+buffer,0.5019427625906696,355,additive;salt;buffer,3,0.7289463219466153,0.22700355935594574
classification,two_slot_pca38_buffer_classifier_mlp,two_slot38,MLP,dexma_only,42,polymer+additive+salt+buffer,0.3955440446623037,355,polymer;additive;salt;buffer,4,0.7289463219466153,0.33340227728431165
classification,two_slot_pca38_buffer_classifier_mlp,two_slot38,MLP,dexma_only,43,empty,0.7290245909626104,355,,0,0.7290245909626104,0.0
classification,two_slot_pca38_buffer_classifier_mlp,two_slot38,MLP,dexma_only,43,polymer,0.6923350769704923,355,polymer,1,0.7290245909626104,0.03668951399211806
classification,two_slot_pca38_buffer_classifier_mlp,two_slot38,MLP,dexma_only,43,additive,0.5250772642332407,355,additive,1,0.7290245909626104,0.20394732672936966
classification,two_slot_pca38_buffer_classifier_mlp,two_slot38,MLP,dexma_only,43,salt,0.6743833824621325,355,salt,1,0.7290245909626104,0.054641208500477934
classification,two_slot_pca38_buffer_classifier_mlp,two_slot38,MLP,dexma_only,43,buffer,0.7304859503487168,355,buffer,1,0.7290245909626104,-0.0014613593861063645
classification,two_slot_pca38_buffer_classifier_mlp,two_slot38,MLP,dexma_only,43,polymer+additive,0.42522964448584266,355,polymer;additive,2,0.7290245909626104,0.30379494647676775
classification,two_slot_pca38_buffer_classifier_mlp,two_slot38,MLP,dexma_only,43,polymer+salt,0.6578253624822267,355,polymer;salt,2,0.7290245909626104,0.07119922848038374
classification,two_slot_pca38_buffer_classifier_mlp,two_slot38,MLP,dexma_only,43,polymer+buffer,0.6755741993684335,355,polymer;buffer,2,0.7290245909626104,0.05345039159417686
classification,two_slot_pca38_buffer_classifier_mlp,two_slot38,MLP,dexma_only,43,additive+salt,0.4879005991567499,355,additive;salt,2,0.7290245909626104,0.24112399180586053
classification,two_slot_pca38_buffer_classifier_mlp,two_slot38,MLP,dexma_only,43,additive+buffer,0.5297233321721936,355,additive;buffer,2,0.7290245909626104,0.19930125879041682
classification,two_slot_pca38_buffer_classifier_mlp,two_slot38,MLP,dexma_only,43,salt+buffer,0.6720485794914759,355,salt;buffer,2,0.7290245909626104,0.05697601147113451
classification,two_slot_pca38_buffer_classifier_mlp,two_slot38,MLP,dexma_only,43,polymer+additive+salt,0.3245112707153093,355,polymer;additive;salt,3,0.7290245909626104,0.40451332024730113
classification,two_slot_pca38_buffer_classifier_mlp,two_slot38,MLP,dexma_only,43,polymer+additive+buffer,0.44609101854856403,355,polymer;additive;buffer,3,0.7290245909626104,0.2829335724140464
classification,two_slot_pca38_buffer_classifier_mlp,two_slot38,MLP,dexma_only,43,polymer+salt+buffer,0.6467559571537198,355,polymer;salt;buffer,3,0.7290245909626104,0.0822686338088906
classification,two_slot_pca38_buffer_classifier_mlp,two_slot38,MLP,dexma_only,43,additive+salt+buffer,0.504384144512263,355,additive;salt;buffer,3,0.7290245909626104,0.22464044645034742
classification,two_slot_pca38_buffer_classifier_mlp,two_slot38,MLP,dexma_only,43,polymer+additive+salt+buffer,0.34339656075723696,355,polymer;additive;salt;buffer,4,0.7290245909626104,0.38562803020537345
classification,two_slot_pca38_buffer_classifier_mlp,two_slot38,MLP,dexma_only,44,empty,0.7290658535623911,355,,0,0.7290658535623911,0.0
classification,two_slot_pca38_buffer_classifier_mlp,two_slot38,MLP,dexma_only,44,polymer,0.6777637654188345,355,polymer,1,0.7290658535623911,0.051302088143556523
classification,two_slot_pca38_buffer_classifier_mlp,two_slot38,MLP,dexma_only,44,additive,0.5268625735691812,355,additive,1,0.7290658535623911,0.20220327999320986
classification,two_slot_pca38_buffer_classifier_mlp,two_slot38,MLP,dexma_only,44,salt,0.7095106267471532,355,salt,1,0.7290658535623911,0.019555226815237914
classification,two_slot_pca38_buffer_classifier_mlp,two_slot38,MLP,dexma_only,44,buffer,0.7283170840746502,355,buffer,1,0.7290658535623911,0.0007487694877408302
classification,two_slot_pca38_buffer_classifier_mlp,two_slot38,MLP,dexma_only,44,polymer+additive,0.43030073462289253,355,polymer;additive,2,0.7290658535623911,0.29876511893949853
classification,two_slot_pca38_buffer_classifier_mlp,two_slot38,MLP,dexma_only,44,polymer+salt,0.6728150801955314,355,polymer;salt,2,0.7290658535623911,0.056250773366859685
classification,two_slot_pca38_buffer_classifier_mlp,two_slot38,MLP,dexma_only,44,polymer+buffer,0.6625614616427757,355,polymer;buffer,2,0.7290658535623911,0.06650439191961532
classification,two_slot_pca38_buffer_classifier_mlp,two_slot38,MLP,dexma_only,44,additive+salt,0.43497891393340915,355,additive;salt,2,0.7290658535623911,0.2940869396289819
classification,two_slot_pca38_buffer_classifier_mlp,two_slot38,MLP,dexma_only,44,additive+buffer,0.5156058833306146,355,additive;buffer,2,0.7290658535623911,0.21345997023177643
classification,two_slot_pca38_buffer_classifier_mlp,two_slot38,MLP,dexma_only,44,salt+buffer,0.7018423419760067,355,salt;buffer,2,0.7290658535623911,0.027223511586384364
classification,two_slot_pca38_buffer_classifier_mlp,two_slot38,MLP,dexma_only,44,polymer+additive+salt,0.34672148292882027,355,polymer;additive;salt,3,0.7290658535623911,0.3823443706335708
classification,two_slot_pca38_buffer_classifier_mlp,two_slot38,MLP,dexma_only,44,polymer+additive+buffer,0.42816980336946275,355,polymer;additive;buffer,3,0.7290658535623911,0.3008960501929283
classification,two_slot_pca38_buffer_classifier_mlp,two_slot38,MLP,dexma_only,44,polymer+salt+buffer,0.663956954297599,355,polymer;salt;buffer,3,0.7290658535623911,0.06510889926479202
classification,two_slot_pca38_buffer_classifier_mlp,two_slot38,MLP,dexma_only,44,additive+salt+buffer,0.4440665532050933,355,additive;salt;buffer,3,0.7290658535623911,0.28499930035729776
classification,two_slot_pca38_buffer_classifier_mlp,two_slot38,MLP,dexma_only,44,polymer+additive+salt+buffer,0.354205811056824,355,polymer;additive;salt;buffer,4,0.7290658535623911,0.37486004250556704
classification,two_slot_pca38_buffer_classifier_mlp,two_slot38,MLP,dexma_only,45,empty,0.7291078857035196,355,,0,0.7291078857035196,0.0
classification,two_slot_pca38_buffer_classifier_mlp,two_slot38,MLP,dexma_only,45,polymer,0.6740864483120478,355,polymer,1,0.7291078857035196,0.055021437391471806
classification,two_slot_pca38_buffer_classifier_mlp,two_slot38,MLP,dexma_only,45,additive,0.4999751219420512,355,additive,1,0.7291078857035196,0.2291327637614684
classification,two_slot_pca38_buffer_classifier_mlp,two_slot38,MLP,dexma_only,45,salt,0.7022721852106104,355,salt,1,0.7291078857035196,0.026835700492909176
classification,two_slot_pca38_buffer_classifier_mlp,two_slot38,MLP,dexma_only,45,buffer,0.7309680722765629,355,buffer,1,0.7291078857035196,-0.001860186573043321
classification,two_slot_pca38_buffer_classifier_mlp,two_slot38,MLP,dexma_only,45,polymer+additive,0.40503720461550546,355,polymer;additive,2,0.7291078857035196,0.3240706810880141
classification,two_slot_pca38_buffer_classifier_mlp,two_slot38,MLP,dexma_only,45,polymer+salt,0.6814191568638541,355,polymer;salt,2,0.7291078857035196,0.04768872883966546
classification,two_slot_pca38_buffer_classifier_mlp,two_slot38,MLP,dexma_only,45,polymer+buffer,0.6777342158213228,355,polymer;buffer,2,0.7291078857035196,0.051373669882196826
classification,two_slot_pca38_buffer_classifier_mlp,two_slot38,MLP,dexma_only,45,additive+salt,0.40621545737951154,355,additive;salt,2,0.7291078857035196,0.32289242832400805
classification,two_slot_pca38_buffer_classifier_mlp,two_slot38,MLP,dexma_only,45,additive+buffer,0.49441811257742035,355,additive;buffer,2,0.7291078857035196,0.23468977312609923
classification,two_slot_pca38_buffer_classifier_mlp,two_slot38,MLP,dexma_only,45,salt+buffer,0.6944237261340668,355,salt;buffer,2,0.7291078857035196,0.03468415956945281
classification,two_slot_pca38_buffer_classifier_mlp,two_slot38,MLP,dexma_only,45,polymer+additive+salt,0.319981435514194,355,polymer;additive;salt,3,0.7291078857035196,0.4091264501893256
classification,two_slot_pca38_buffer_classifier_mlp,two_slot38,MLP,dexma_only,45,polymer+additive+buffer,0.40097862678133145,355,polymer;additive;buffer,3,0.7291078857035196,0.32812925892218814
classification,two_slot_pca38_buffer_classifier_mlp,two_slot38,MLP,dexma_only,45,polymer+salt+buffer,0.6730894088524313,355,polymer;salt;buffer,3,0.7291078857035196,0.056018476851088295
classification,two_slot_pca38_buffer_classifier_mlp,two_slot38,MLP,dexma_only,45,additive+salt+buffer,0.392989619419819,355,additive;salt;buffer,3,0.7291078857035196,0.33611826628370056
classification,two_slot_pca38_buffer_classifier_mlp,two_slot38,MLP,dexma_only,45,polymer+additive+salt+buffer,0.2852365385489641,355,polymer;additive;salt;buffer,4,0.7291078857035196,0.4438713471545555
classification,two_slot_pca38_buffer_classifier_mlp,two_slot38,MLP,dexma_only,46,empty,0.729008712241629,355,,0,0.729008712241629,0.0
classification,two_slot_pca38_buffer_classifier_mlp,two_slot38,MLP,dexma_only,46,polymer,0.6833205579394712,355,polymer,1,0.729008712241629,0.04568815430215778
classification,two_slot_pca38_buffer_classifier_mlp,two_slot38,MLP,dexma_only,46,additive,0.5133965587766947,355,additive,1,0.729008712241629,0.21561215346493434
classification,two_slot_pca38_buffer_classifier_mlp,two_slot38,MLP,dexma_only,46,salt,0.6897164722997363,355,salt,1,0.729008712241629,0.03929223994189268
classification,two_slot_pca38_buffer_classifier_mlp,two_slot38,MLP,dexma_only,46,buffer,0.7308587337976472,355,buffer,1,0.729008712241629,-0.001850021556018211
classification,two_slot_pca38_buffer_classifier_mlp,two_slot38,MLP,dexma_only,46,polymer+additive,0.44008489877855106,355,polymer;additive,2,0.729008712241629,0.28892381346307794
classification,two_slot_pca38_buffer_classifier_mlp,two_slot38,MLP,dexma_only,46,polymer+salt,0.6629994855392619,355,polymer;salt,2,0.729008712241629,0.06600922670236709
classification,two_slot_pca38_buffer_classifier_mlp,two_slot38,MLP,dexma_only,46,polymer+buffer,0.6622394754458576,355,polymer;buffer,2,0.729008712241629,0.0667692367957714
classification,two_slot_pca38_buffer_classifier_mlp,two_slot38,MLP,dexma_only,46,additive+salt,0.42275940924624106,355,additive;salt,2,0.729008712241629,0.30624930299538794
classification,two_slot_pca38_buffer_classifier_mlp,two_slot38,MLP,dexma_only,46,additive+buffer,0.511331637957848,355,additive;buffer,2,0.729008712241629,0.21767707428378102
classification,two_slot_pca38_buffer_classifier_mlp,two_slot38,MLP,dexma_only,46,salt+buffer,0.6688056557831537,355,salt;buffer,2,0.729008712241629,0.060203056458475346
classification,two_slot_pca38_buffer_classifier_mlp,two_slot38,MLP,dexma_only,46,polymer+additive+salt,0.35737944960100393,355,polymer;additive;salt,3,0.729008712241629,0.37162926264062507
classification,two_slot_pca38_buffer_classifier_mlp,two_slot38,MLP,dexma_only,46,polymer+additive+buffer,0.4198889736187656,355,polymer;additive;buffer,3,0.729008712241629,0.3091197386228634
classification,two_slot_pca38_buffer_classifier_mlp,two_slot38,MLP,dexma_only,46,polymer+salt+buffer,0.6452106179274291,355,polymer;salt;buffer,3,0.729008712241629,0.08379809431419993
classification,two_slot_pca38_buffer_classifier_mlp,two_slot38,MLP,dexma_only,46,additive+salt+buffer,0.4111887581692165,355,additive;salt;buffer,3,0.729008712241629,0.3178199540724125
classification,two_slot_pca38_buffer_classifier_mlp,two_slot38,MLP,dexma_only,46,polymer+additive+salt+buffer,0.36338929714517826,355,polymer;additive;salt;buffer,4,0.729008712241629,0.36561941509645074
