task,model_id,feature_set,model_family,scoring_population,state_id,loss,n_conditions,outer_coalition_id,polymer_coalition_id,null_loss,predictive_value
regression,descriptor24_buffer_regressor_xgboost,descriptor24,XGBoost,all,o-empty__p-empty,10.384571205382223,272,empty,empty,10.384571205382223,0.0
regression,descriptor24_buffer_regressor_xgboost,descriptor24,XGBoost,all,o-empty__p-functionalization,8.1357143042973,272,empty,functionalization,10.384571205382223,2.248856901084922
regression,descriptor24_buffer_regressor_xgboost,descriptor24,XGBoost,all,o-empty__p-molecular_weight,9.316789013676507,272,empty,molecular_weight,10.384571205382223,1.0677821917057155
regression,descriptor24_buffer_regressor_xgboost,descriptor24,XGBoost,all,o-empty__p-concentration,9.459900729853803,272,empty,concentration,10.384571205382223,0.9246704755284192
regression,descriptor24_buffer_regressor_xgboost,descriptor24,XGBoost,all,o-empty__p-functionalization+molecular_weight,7.2136707856423055,272,empty,functionalization+molecular_weight,10.384571205382223,3.170900419739917
regression,descriptor24_buffer_regressor_xgboost,descriptor24,XGBoost,all,o-empty__p-functionalization+concentration,7.721517267685959,272,empty,functionalization+concentration,10.384571205382223,2.6630539376962634
regression,descriptor24_buffer_regressor_xgboost,descriptor24,XGBoost,all,o-empty__p-molecular_weight+concentration,8.604440549771063,272,empty,molecular_weight+concentration,10.384571205382223,1.7801306556111598
regression,descriptor24_buffer_regressor_xgboost,descriptor24,XGBoost,all,o-empty__p-functionalization+molecular_weight+concentration,6.654210497295667,272,empty,functionalization+molecular_weight+concentration,10.384571205382223,3.7303607080865557
regression,descriptor24_buffer_regressor_xgboost,descriptor24,XGBoost,all,o-additive__p-empty,9.65961037911581,272,additive,empty,10.384571205382223,0.7249608262664129
regression,descriptor24_buffer_regressor_xgboost,descriptor24,XGBoost,all,o-additive__p-functionalization,7.392474848652634,272,additive,functionalization,10.384571205382223,2.992096356729588
regression,descriptor24_buffer_regressor_xgboost,descriptor24,XGBoost,all,o-additive__p-molecular_weight,8.809730370550048,272,additive,molecular_weight,10.384571205382223,1.574840834832175
regression,descriptor24_buffer_regressor_xgboost,descriptor24,XGBoost,all,o-additive__p-concentration,8.470203556763984,272,additive,concentration,10.384571205382223,1.9143676486182386
regression,descriptor24_buffer_regressor_xgboost,descriptor24,XGBoost,all,o-additive__p-functionalization+molecular_weight,6.510397286953938,272,additive,functionalization+molecular_weight,10.384571205382223,3.8741739184282844
regression,descriptor24_buffer_regressor_xgboost,descriptor24,XGBoost,all,o-additive__p-functionalization+concentration,7.046044127493436,272,additive,functionalization+concentration,10.384571205382223,3.338527077888787
regression,descriptor24_buffer_regressor_xgboost,descriptor24,XGBoost,all,o-additive__p-molecular_weight+concentration,7.515076499515143,272,additive,molecular_weight+concentration,10.384571205382223,2.86949470586708
regression,descriptor24_buffer_regressor_xgboost,descriptor24,XGBoost,all,o-additive__p-functionalization+molecular_weight+concentration,5.407065515264408,272,additive,functionalization+molecular_weight+concentration,10.384571205382223,4.977505690117814
regression,descriptor24_buffer_regressor_xgboost,descriptor24,XGBoost,all,o-salt__p-empty,8.3734121496351,272,salt,empty,10.384571205382223,2.0111590557471217
regression,descriptor24_buffer_regressor_xgboost,descriptor24,XGBoost,all,o-salt__p-functionalization,7.504721490871385,272,salt,functionalization,10.384571205382223,2.8798497145108373
regression,descriptor24_buffer_regressor_xgboost,descriptor24,XGBoost,all,o-salt__p-molecular_weight,8.064176098506508,272,salt,molecular_weight,10.384571205382223,2.320395106875715
regression,descriptor24_buffer_regressor_xgboost,descriptor24,XGBoost,all,o-salt__p-concentration,8.281654310675222,272,salt,concentration,10.384571205382223,2.1029168947070005
regression,descriptor24_buffer_regressor_xgboost,descriptor24,XGBoost,all,o-salt__p-functionalization+molecular_weight,6.790042744049997,272,salt,functionalization+molecular_weight,10.384571205382223,3.5945284613322253
regression,descriptor24_buffer_regressor_xgboost,descriptor24,XGBoost,all,o-salt__p-functionalization+concentration,7.2121996156226045,272,salt,functionalization+concentration,10.384571205382223,3.172371589759618
regression,descriptor24_buffer_regressor_xgboost,descriptor24,XGBoost,all,o-salt__p-molecular_weight+concentration,7.5496864447625605,272,salt,molecular_weight+concentration,10.384571205382223,2.834884760619662
regression,descriptor24_buffer_regressor_xgboost,descriptor24,XGBoost,all,o-salt__p-functionalization+molecular_weight+concentration,6.241723789473578,272,salt,functionalization+molecular_weight+concentration,10.384571205382223,4.142847415908644
regression,descriptor24_buffer_regressor_xgboost,descriptor24,XGBoost,all,o-buffer__p-empty,10.452261691813414,272,buffer,empty,10.384571205382223,-0.06769048643119113
regression,descriptor24_buffer_regressor_xgboost,descriptor24,XGBoost,all,o-buffer__p-functionalization,7.663233496619243,272,buffer,functionalization,10.384571205382223,2.72133770876298
regression,descriptor24_buffer_regressor_xgboost,descriptor24,XGBoost,all,o-buffer__p-molecular_weight,9.005333156810472,272,buffer,molecular_weight,10.384571205382223,1.3792380485717501
regression,descriptor24_buffer_regressor_xgboost,descriptor24,XGBoost,all,o-buffer__p-concentration,9.30867696782153,272,buffer,concentration,10.384571205382223,1.0758942375606928
regression,descriptor24_buffer_regressor_xgboost,descriptor24,XGBoost,all,o-buffer__p-functionalization+molecular_weight,6.515387521641546,272,buffer,functionalization+molecular_weight,10.384571205382223,3.869183683740676
regression,descriptor24_buffer_regressor_xgboost,descriptor24,XGBoost,all,o-buffer__p-functionalization+concentration,6.947830732053419,272,buffer,functionalization+concentration,10.384571205382223,3.436740473328803
regression,descriptor24_buffer_regressor_xgboost,descriptor24,XGBoost,all,o-buffer__p-molecular_weight+concentration,7.244490631996644,272,buffer,molecular_weight+concentration,10.384571205382223,3.1400805733855783
regression,descriptor24_buffer_regressor_xgboost,descriptor24,XGBoost,all,o-buffer__p-functionalization+molecular_weight+concentration,5.6141272327678635,272,buffer,functionalization+molecular_weight+concentration,10.384571205382223,4.770443972614359
regression,descriptor24_buffer_regressor_xgboost,descriptor24,XGBoost,all,o-additive+salt__p-empty,6.982048063027101,272,additive+salt,empty,10.384571205382223,3.402523142355122
regression,descriptor24_buffer_regressor_xgboost,descriptor24,XGBoost,all,o-additive+salt__p-functionalization,6.148556827207821,272,additive+salt,functionalization,10.384571205382223,4.236014378174402
regression,descriptor24_buffer_regressor_xgboost,descriptor24,XGBoost,all,o-additive+salt__p-molecular_weight,6.364926615493936,272,additive+salt,molecular_weight,10.384571205382223,4.019644589888286
regression,descriptor24_buffer_regressor_xgboost,descriptor24,XGBoost,all,o-additive+salt__p-concentration,7.303641944749771,272,additive+salt,concentration,10.384571205382223,3.080929260632452
regression,descriptor24_buffer_regressor_xgboost,descriptor24,XGBoost,all,o-additive+salt__p-functionalization+molecular_weight,5.050882970300338,272,additive+salt,functionalization+molecular_weight,10.384571205382223,5.333688235081884
regression,descriptor24_buffer_regressor_xgboost,descriptor24,XGBoost,all,o-additive+salt__p-functionalization+concentration,6.393662068357333,272,additive+salt,functionalization+concentration,10.384571205382223,3.9909091370248895
regression,descriptor24_buffer_regressor_xgboost,descriptor24,XGBoost,all,o-additive+salt__p-molecular_weight+concentration,6.39778025132736,272,additive+salt,molecular_weight+concentration,10.384571205382223,3.9867909540548627
regression,descriptor24_buffer_regressor_xgboost,descriptor24,XGBoost,all,o-additive+salt__p-functionalization+molecular_weight+concentration,4.680640028825941,272,additive+salt,functionalization+molecular_weight+concentration,10.384571205382223,5.7039311765562815
regression,descriptor24_buffer_regressor_xgboost,descriptor24,XGBoost,all,o-additive+buffer__p-empty,9.381739566092872,272,additive+buffer,empty,10.384571205382223,1.0028316392893508
regression,descriptor24_buffer_regressor_xgboost,descriptor24,XGBoost,all,o-additive+buffer__p-functionalization,6.777916068137181,272,additive+buffer,functionalization,10.384571205382223,3.606655137245042
regression,descriptor24_buffer_regressor_xgboost,descriptor24,XGBoost,all,o-additive+buffer__p-molecular_weight,8.246043879016558,272,additive+buffer,molecular_weight,10.384571205382223,2.138527326365665
regression,descriptor24_buffer_regressor_xgboost,descriptor24,XGBoost,all,o-additive+buffer__p-concentration,8.58882589055729,272,additive+buffer,concentration,10.384571205382223,1.7957453148249325
regression,descriptor24_buffer_regressor_xgboost,descriptor24,XGBoost,all,o-additive+buffer__p-functionalization+molecular_weight,5.7991281930093495,272,additive+buffer,functionalization+molecular_weight,10.384571205382223,4.585443012372873
regression,descriptor24_buffer_regressor_xgboost,descriptor24,XGBoost,all,o-additive+buffer__p-functionalization+concentration,6.175404521710911,272,additive+buffer,functionalization+concentration,10.384571205382223,4.209166683671311
regression,descriptor24_buffer_regressor_xgboost,descriptor24,XGBoost,all,o-additive+buffer__p-molecular_weight+concentration,6.6770821064066155,272,additive+buffer,molecular_weight+concentration,10.384571205382223,3.707489098975607
regression,descriptor24_buffer_regressor_xgboost,descriptor24,XGBoost,all,o-additive+buffer__p-functionalization+molecular_weight+concentration,4.267201254553541,272,additive+buffer,functionalization+molecular_weight+concentration,10.384571205382223,6.117369950828682
regression,descriptor24_buffer_regressor_xgboost,descriptor24,XGBoost,all,o-salt+buffer__p-empty,8.14050016332615,272,salt+buffer,empty,10.384571205382223,2.2440710420560723
regression,descriptor24_buffer_regressor_xgboost,descriptor24,XGBoost,all,o-salt+buffer__p-functionalization,6.9827421401701955,272,salt+buffer,functionalization,10.384571205382223,3.401829065212027
regression,descriptor24_buffer_regressor_xgboost,descriptor24,XGBoost,all,o-salt+buffer__p-molecular_weight,7.338633208672819,272,salt+buffer,molecular_weight,10.384571205382223,3.0459379967094034
regression,descriptor24_buffer_regressor_xgboost,descriptor24,XGBoost,all,o-salt+buffer__p-concentration,8.397012371833352,272,salt+buffer,concentration,10.384571205382223,1.9875588335488708
regression,descriptor24_buffer_regressor_xgboost,descriptor24,XGBoost,all,o-salt+buffer__p-functionalization+molecular_weight,6.147853017664344,272,salt+buffer,functionalization+molecular_weight,10.384571205382223,4.236718187717878
regression,descriptor24_buffer_regressor_xgboost,descriptor24,XGBoost,all,o-salt+buffer__p-functionalization+concentration,6.423568752408607,272,salt+buffer,functionalization+concentration,10.384571205382223,3.9610024529736156
regression,descriptor24_buffer_regressor_xgboost,descriptor24,XGBoost,all,o-salt+buffer__p-molecular_weight+concentration,6.527751114395919,272,salt+buffer,molecular_weight+concentration,10.384571205382223,3.8568200909863037
regression,descriptor24_buffer_regressor_xgboost,descriptor24,XGBoost,all,o-salt+buffer__p-functionalization+molecular_weight+concentration,5.1682944447261265,272,salt+buffer,functionalization+molecular_weight+concentration,10.384571205382223,5.216276760656096
regression,descriptor24_buffer_regressor_xgboost,descriptor24,XGBoost,all,o-additive+salt+buffer__p-empty,6.765690925891504,272,additive+salt+buffer,empty,10.384571205382223,3.6188802794907184
regression,descriptor24_buffer_regressor_xgboost,descriptor24,XGBoost,all,o-additive+salt+buffer__p-functionalization,5.539849920309245,272,additive+salt+buffer,functionalization,10.384571205382223,4.8447212850729775
regression,descriptor24_buffer_regressor_xgboost,descriptor24,XGBoost,all,o-additive+salt+buffer__p-molecular_weight,5.777648698426209,272,additive+salt+buffer,molecular_weight,10.384571205382223,4.606922506956013
regression,descriptor24_buffer_regressor_xgboost,descriptor24,XGBoost,all,o-additive+salt+buffer__p-concentration,7.368460077192029,272,additive+salt+buffer,concentration,10.384571205382223,3.016111128190194
regression,descriptor24_buffer_regressor_xgboost,descriptor24,XGBoost,all,o-additive+salt+buffer__p-functionalization+molecular_weight,4.370305525788106,272,additive+salt+buffer,functionalization+molecular_weight,10.384571205382223,6.014265679594117
regression,descriptor24_buffer_regressor_xgboost,descriptor24,XGBoost,all,o-additive+salt+buffer__p-functionalization+concentration,5.49433148791919,272,additive+salt+buffer,functionalization+concentration,10.384571205382223,4.890239717463032
regression,descriptor24_buffer_regressor_xgboost,descriptor24,XGBoost,all,o-additive+salt+buffer__p-molecular_weight+concentration,5.4675325396888335,272,additive+salt+buffer,molecular_weight+concentration,10.384571205382223,4.917038665693389
regression,descriptor24_buffer_regressor_xgboost,descriptor24,XGBoost,all,o-additive+salt+buffer__p-functionalization+molecular_weight+concentration,3.556210719645433,272,additive+salt+buffer,functionalization+molecular_weight+concentration,10.384571205382223,6.828360485736789
regression,descriptor24_buffer_regressor_mlp,descriptor24,MLP,all,o-empty__p-empty,10.384571205382223,272,empty,empty,10.384571205382223,0.0
regression,descriptor24_buffer_regressor_mlp,descriptor24,MLP,all,o-empty__p-functionalization,8.101260780063052,272,empty,functionalization,10.384571205382223,2.2833104253191703
regression,descriptor24_buffer_regressor_mlp,descriptor24,MLP,all,o-empty__p-molecular_weight,9.279595814125186,272,empty,molecular_weight,10.384571205382223,1.104975391257037
regression,descriptor24_buffer_regressor_mlp,descriptor24,MLP,all,o-empty__p-concentration,9.224145859204032,272,empty,concentration,10.384571205382223,1.1604253461781902
regression,descriptor24_buffer_regressor_mlp,descriptor24,MLP,all,o-empty__p-functionalization+molecular_weight,7.342151978240016,272,empty,functionalization+molecular_weight,10.384571205382223,3.042419227142206
regression,descriptor24_buffer_regressor_mlp,descriptor24,MLP,all,o-empty__p-functionalization+concentration,7.500460001052368,272,empty,functionalization+concentration,10.384571205382223,2.8841112043298542
regression,descriptor24_buffer_regressor_mlp,descriptor24,MLP,all,o-empty__p-molecular_weight+concentration,7.9927940243896725,272,empty,molecular_weight+concentration,10.384571205382223,2.39177718099255
regression,descriptor24_buffer_regressor_mlp,descriptor24,MLP,all,o-empty__p-functionalization+molecular_weight+concentration,6.625856048736693,272,empty,functionalization+molecular_weight+concentration,10.384571205382223,3.75871515664553
regression,descriptor24_buffer_regressor_mlp,descriptor24,MLP,all,o-additive__p-empty,9.814497572396867,272,additive,empty,10.384571205382223,0.5700736329853555
regression,descriptor24_buffer_regressor_mlp,descriptor24,MLP,all,o-additive__p-functionalization,7.632491446943495,272,additive,functionalization,10.384571205382223,2.752079758438728
regression,descriptor24_buffer_regressor_mlp,descriptor24,MLP,all,o-additive__p-molecular_weight,9.476141915027945,272,additive,molecular_weight,10.384571205382223,0.9084292903542774
regression,descriptor24_buffer_regressor_mlp,descriptor24,MLP,all,o-additive__p-concentration,8.725292976663166,272,additive,concentration,10.384571205382223,1.6592782287190566
regression,descriptor24_buffer_regressor_mlp,descriptor24,MLP,all,o-additive__p-functionalization+molecular_weight,7.415767527830347,272,additive,functionalization+molecular_weight,10.384571205382223,2.9688036775518754
regression,descriptor24_buffer_regressor_mlp,descriptor24,MLP,all,o-additive__p-functionalization+concentration,7.280409853396694,272,additive,functionalization+concentration,10.384571205382223,3.1041613519855282
regression,descriptor24_buffer_regressor_mlp,descriptor24,MLP,all,o-additive__p-molecular_weight+concentration,7.950165699223297,272,additive,molecular_weight+concentration,10.384571205382223,2.4344055061589254
regression,descriptor24_buffer_regressor_mlp,descriptor24,MLP,all,o-additive__p-functionalization+molecular_weight+concentration,6.280124347398694,272,additive,functionalization+molecular_weight+concentration,10.384571205382223,4.104446857983529
regression,descriptor24_buffer_regressor_mlp,descriptor24,MLP,all,o-salt__p-empty,8.559862292931102,272,salt,empty,10.384571205382223,1.8247089124511202
regression,descriptor24_buffer_regressor_mlp,descriptor24,MLP,all,o-salt__p-functionalization,7.741408490946553,272,salt,functionalization,10.384571205382223,2.64316271443567
regression,descriptor24_buffer_regressor_mlp,descriptor24,MLP,all,o-salt__p-molecular_weight,8.117869078057954,272,salt,molecular_weight,10.384571205382223,2.266702127324269
regression,descriptor24_buffer_regressor_mlp,descriptor24,MLP,all,o-salt__p-concentration,8.444917635991782,272,salt,concentration,10.384571205382223,1.9396535693904404
regression,descriptor24_buffer_regressor_mlp,descriptor24,MLP,all,o-salt__p-functionalization+molecular_weight,7.009719687955206,272,salt,functionalization+molecular_weight,10.384571205382223,3.3748515174270164
regression,descriptor24_buffer_regressor_mlp,descriptor24,MLP,all,o-salt__p-functionalization+concentration,7.4273435872898155,272,salt,functionalization+concentration,10.384571205382223,2.957227618092407
regression,descriptor24_buffer_regressor_mlp,descriptor24,MLP,all,o-salt__p-molecular_weight+concentration,7.5700244618310615,272,salt,molecular_weight+concentration,10.384571205382223,2.814546743551161
regression,descriptor24_buffer_regressor_mlp,descriptor24,MLP,all,o-salt__p-functionalization+molecular_weight+concentration,6.385982287085215,272,salt,functionalization+molecular_weight+concentration,10.384571205382223,3.998588918297007
regression,descriptor24_buffer_regressor_mlp,descriptor24,MLP,all,o-buffer__p-empty,10.286800211877706,272,buffer,empty,10.384571205382223,0.09777099350451657
regression,descriptor24_buffer_regressor_mlp,descriptor24,MLP,all,o-buffer__p-functionalization,7.817319997531973,272,buffer,functionalization,10.384571205382223,2.5672512078502496
regression,descriptor24_buffer_regressor_mlp,descriptor24,MLP,all,o-buffer__p-molecular_weight,9.743788408867484,272,buffer,molecular_weight,10.384571205382223,0.6407827965147384
regression,descriptor24_buffer_regressor_mlp,descriptor24,MLP,all,o-buffer__p-concentration,9.175162946299897,272,buffer,concentration,10.384571205382223,1.2094082590823252
regression,descriptor24_buffer_regressor_mlp,descriptor24,MLP,all,o-buffer__p-functionalization+molecular_weight,7.225098908441997,272,buffer,functionalization+molecular_weight,10.384571205382223,3.1594722969402254
regression,descriptor24_buffer_regressor_mlp,descriptor24,MLP,all,o-buffer__p-functionalization+concentration,7.12322910903742,272,buffer,functionalization+concentration,10.384571205382223,3.2613420963448023
regression,descriptor24_buffer_regressor_mlp,descriptor24,MLP,all,o-buffer__p-molecular_weight+concentration,8.413122536944636,272,buffer,molecular_weight+concentration,10.384571205382223,1.9714486684375867
regression,descriptor24_buffer_regressor_mlp,descriptor24,MLP,all,o-buffer__p-functionalization+molecular_weight+concentration,6.703262721401338,272,buffer,functionalization+molecular_weight+concentration,10.384571205382223,3.6813084839808843
regression,descriptor24_buffer_regressor_mlp,descriptor24,MLP,all,o-additive+salt__p-empty,7.67125043971415,272,additive+salt,empty,10.384571205382223,2.7133207656680725
regression,descriptor24_buffer_regressor_mlp,descriptor24,MLP,all,o-additive+salt__p-functionalization,6.6952581334504435,272,additive+salt,functionalization,10.384571205382223,3.689313071931779
regression,descriptor24_buffer_regressor_mlp,descriptor24,MLP,all,o-additive+salt__p-molecular_weight,7.084078688529983,272,additive+salt,molecular_weight,10.384571205382223,3.3004925168522394
regression,descriptor24_buffer_regressor_mlp,descriptor24,MLP,all,o-additive+salt__p-concentration,7.567773619715967,272,additive+salt,concentration,10.384571205382223,2.8167975856662553
regression,descriptor24_buffer_regressor_mlp,descriptor24,MLP,all,o-additive+salt__p-functionalization+molecular_weight,5.807891070473614,272,additive+salt,functionalization+molecular_weight,10.384571205382223,4.576680134908608
regression,descriptor24_buffer_regressor_mlp,descriptor24,MLP,all,o-additive+salt__p-functionalization+concentration,6.581606487505663,272,additive+salt,functionalization+concentration,10.384571205382223,3.8029647178765593
regression,descriptor24_buffer_regressor_mlp,descriptor24,MLP,all,o-additive+salt__p-molecular_weight+concentration,6.918733011747828,272,additive+salt,molecular_weight+concentration,10.384571205382223,3.4658381936343945
regression,descriptor24_buffer_regressor_mlp,descriptor24,MLP,all,o-additive+salt__p-functionalization+molecular_weight+concentration,5.2659185990266,272,additive+salt,functionalization+molecular_weight+concentration,10.384571205382223,5.118652606355623
regression,descriptor24_buffer_regressor_mlp,descriptor24,MLP,all,o-additive+buffer__p-empty,9.462773290837196,272,additive+buffer,empty,10.384571205382223,0.9217979145450261
regression,descriptor24_buffer_regressor_mlp,descriptor24,MLP,all,o-additive+buffer__p-functionalization,7.542405174397838,272,additive+buffer,functionalization,10.384571205382223,2.8421660309843846
regression,descriptor24_buffer_regressor_mlp,descriptor24,MLP,all,o-additive+buffer__p-molecular_weight,9.183898916383148,272,additive+buffer,molecular_weight,10.384571205382223,1.2006722889990744
regression,descriptor24_buffer_regressor_mlp,descriptor24,MLP,all,o-additive+buffer__p-concentration,8.679557511852925,272,additive+buffer,concentration,10.384571205382223,1.7050136935292972
regression,descriptor24_buffer_regressor_mlp,descriptor24,MLP,all,o-additive+buffer__p-functionalization+molecular_weight,7.149010747961213,272,additive+buffer,functionalization+molecular_weight,10.384571205382223,3.23556045742101
regression,descriptor24_buffer_regressor_mlp,descriptor24,MLP,all,o-additive+buffer__p-functionalization+concentration,6.823590263662625,272,additive+buffer,functionalization+concentration,10.384571205382223,3.5609809417195972
regression,descriptor24_buffer_regressor_mlp,descriptor24,MLP,all,o-additive+buffer__p-molecular_weight+concentration,8.134013673451824,272,additive+buffer,molecular_weight+concentration,10.384571205382223,2.250557531930399
regression,descriptor24_buffer_regressor_mlp,descriptor24,MLP,all,o-additive+buffer__p-functionalization+molecular_weight+concentration,6.162115573536252,272,additive+buffer,functionalization+molecular_weight+concentration,10.384571205382223,4.22245563184597
regression,descriptor24_buffer_regressor_mlp,descriptor24,MLP,all,o-salt+buffer__p-empty,8.36937108412373,272,salt+buffer,empty,10.384571205382223,2.015200121258493
regression,descriptor24_buffer_regressor_mlp,descriptor24,MLP,all,o-salt+buffer__p-functionalization,7.790707686677556,272,salt+buffer,functionalization,10.384571205382223,2.5938635187046666
regression,descriptor24_buffer_regressor_mlp,descriptor24,MLP,all,o-salt+buffer__p-molecular_weight,8.275004898236272,272,salt+buffer,molecular_weight,10.384571205382223,2.1095663071459505
regression,descriptor24_buffer_regressor_mlp,descriptor24,MLP,all,o-salt+buffer__p-concentration,8.36507316147391,272,salt+buffer,concentration,10.384571205382223,2.019498043908312
regression,descriptor24_buffer_regressor_mlp,descriptor24,MLP,all,o-salt+buffer__p-functionalization+molecular_weight,7.353108516637735,272,salt+buffer,functionalization+molecular_weight,10.384571205382223,3.0314626887444875
regression,descriptor24_buffer_regressor_mlp,descriptor24,MLP,all,o-salt+buffer__p-functionalization+concentration,7.476105488075573,272,salt+buffer,functionalization+concentration,10.384571205382223,2.9084657173066493
regression,descriptor24_buffer_regressor_mlp,descriptor24,MLP,all,o-salt+buffer__p-molecular_weight+concentration,7.853675414021218,272,salt+buffer,molecular_weight+concentration,10.384571205382223,2.5308957913610044
regression,descriptor24_buffer_regressor_mlp,descriptor24,MLP,all,o-salt+buffer__p-functionalization+molecular_weight+concentration,6.195455881704085,272,salt+buffer,functionalization+molecular_weight+concentration,10.384571205382223,4.189115323678138
regression,descriptor24_buffer_regressor_mlp,descriptor24,MLP,all,o-additive+salt+buffer__p-empty,7.4259168677889305,272,additive+salt+buffer,empty,10.384571205382223,2.958654337593292
regression,descriptor24_buffer_regressor_mlp,descriptor24,MLP,all,o-additive+salt+buffer__p-functionalization,6.630408865667122,272,additive+salt+buffer,functionalization,10.384571205382223,3.7541623397151005
regression,descriptor24_buffer_regressor_mlp,descriptor24,MLP,all,o-additive+salt+buffer__p-molecular_weight,6.977873895512151,272,additive+salt+buffer,molecular_weight,10.384571205382223,3.4066973098700712
regression,descriptor24_buffer_regressor_mlp,descriptor24,MLP,all,o-additive+salt+buffer__p-concentration,7.44489574389,272,additive+salt+buffer,concentration,10.384571205382223,2.9396754614922225
regression,descriptor24_buffer_regressor_mlp,descriptor24,MLP,all,o-additive+salt+buffer__p-functionalization+molecular_weight,5.695073207545547,272,additive+salt+buffer,functionalization+molecular_weight,10.384571205382223,4.689497997836676
regression,descriptor24_buffer_regressor_mlp,descriptor24,MLP,all,o-additive+salt+buffer__p-functionalization+concentration,6.440724714775196,272,additive+salt+buffer,functionalization+concentration,10.384571205382223,3.9438464906070267
regression,descriptor24_buffer_regressor_mlp,descriptor24,MLP,all,o-additive+salt+buffer__p-molecular_weight+concentration,6.909155512268818,272,additive+salt+buffer,molecular_weight+concentration,10.384571205382223,3.475415693113405
regression,descriptor24_buffer_regressor_mlp,descriptor24,MLP,all,o-additive+salt+buffer__p-functionalization+molecular_weight+concentration,5.1256770114507,272,additive+salt+buffer,functionalization+molecular_weight+concentration,10.384571205382223,5.258894193931522
regression,two_slot_pca38_buffer_regressor_xgboost,two_slot38,XGBoost,all,o-empty__p-empty,10.384571205382223,272,empty,empty,10.384571205382223,0.0
regression,two_slot_pca38_buffer_regressor_xgboost,two_slot38,XGBoost,all,o-empty__p-functionalization,8.1357143042973,272,empty,functionalization,10.384571205382223,2.248856901084922
regression,two_slot_pca38_buffer_regressor_xgboost,two_slot38,XGBoost,all,o-empty__p-molecular_weight,9.316789013676507,272,empty,molecular_weight,10.384571205382223,1.0677821917057155
regression,two_slot_pca38_buffer_regressor_xgboost,two_slot38,XGBoost,all,o-empty__p-concentration,9.459900729853803,272,empty,concentration,10.384571205382223,0.9246704755284192
regression,two_slot_pca38_buffer_regressor_xgboost,two_slot38,XGBoost,all,o-empty__p-functionalization+molecular_weight,7.2136707856423055,272,empty,functionalization+molecular_weight,10.384571205382223,3.170900419739917
regression,two_slot_pca38_buffer_regressor_xgboost,two_slot38,XGBoost,all,o-empty__p-functionalization+concentration,7.721517267685959,272,empty,functionalization+concentration,10.384571205382223,2.6630539376962634
regression,two_slot_pca38_buffer_regressor_xgboost,two_slot38,XGBoost,all,o-empty__p-molecular_weight+concentration,8.604440549771063,272,empty,molecular_weight+concentration,10.384571205382223,1.7801306556111598
regression,two_slot_pca38_buffer_regressor_xgboost,two_slot38,XGBoost,all,o-empty__p-functionalization+molecular_weight+concentration,6.654210497295667,272,empty,functionalization+molecular_weight+concentration,10.384571205382223,3.7303607080865557
regression,two_slot_pca38_buffer_regressor_xgboost,two_slot38,XGBoost,all,o-additive__p-empty,9.67160180911447,272,additive,empty,10.384571205382223,0.7129693962677521
regression,two_slot_pca38_buffer_regressor_xgboost,two_slot38,XGBoost,all,o-additive__p-functionalization,7.388299675818799,272,additive,functionalization,10.384571205382223,2.9962715295634235
regression,two_slot_pca38_buffer_regressor_xgboost,two_slot38,XGBoost,all,o-additive__p-molecular_weight,8.780622865220346,272,additive,molecular_weight,10.384571205382223,1.6039483401618764
regression,two_slot_pca38_buffer_regressor_xgboost,two_slot38,XGBoost,all,o-additive__p-concentration,8.459731470980676,272,additive,concentration,10.384571205382223,1.9248397344015462
regression,two_slot_pca38_buffer_regressor_xgboost,two_slot38,XGBoost,all,o-additive__p-functionalization+molecular_weight,6.533724090309596,272,additive,functionalization+molecular_weight,10.384571205382223,3.850847115072627
regression,two_slot_pca38_buffer_regressor_xgboost,two_slot38,XGBoost,all,o-additive__p-functionalization+concentration,7.030682080123407,272,additive,functionalization+concentration,10.384571205382223,3.3538891252588154
regression,two_slot_pca38_buffer_regressor_xgboost,two_slot38,XGBoost,all,o-additive__p-molecular_weight+concentration,7.529923230749288,272,additive,molecular_weight+concentration,10.384571205382223,2.8546479746329343
regression,two_slot_pca38_buffer_regressor_xgboost,two_slot38,XGBoost,all,o-additive__p-functionalization+molecular_weight+concentration,5.401247451933156,272,additive,functionalization+molecular_weight+concentration,10.384571205382223,4.983323753449066
regression,two_slot_pca38_buffer_regressor_xgboost,two_slot38,XGBoost,all,o-salt__p-empty,8.347810714179479,272,salt,empty,10.384571205382223,2.0367604912027435
regression,two_slot_pca38_buffer_regressor_xgboost,two_slot38,XGBoost,all,o-salt__p-functionalization,7.560417790835691,272,salt,functionalization,10.384571205382223,2.8241534145465312
regression,two_slot_pca38_buffer_regressor_xgboost,two_slot38,XGBoost,all,o-salt__p-molecular_weight,8.131169936704552,272,salt,molecular_weight,10.384571205382223,2.2534012686776705
regression,two_slot_pca38_buffer_regressor_xgboost,two_slot38,XGBoost,all,o-salt__p-concentration,8.291180318925889,272,salt,concentration,10.384571205382223,2.0933908864563335
regression,two_slot_pca38_buffer_regressor_xgboost,two_slot38,XGBoost,all,o-salt__p-functionalization+molecular_weight,6.873107750015102,272,salt,functionalization+molecular_weight,10.384571205382223,3.511463455367121
regression,two_slot_pca38_buffer_regressor_xgboost,two_slot38,XGBoost,all,o-salt__p-functionalization+concentration,7.228837207351573,272,salt,functionalization+concentration,10.384571205382223,3.15573399803065
regression,two_slot_pca38_buffer_regressor_xgboost,two_slot38,XGBoost,all,o-salt__p-molecular_weight+concentration,7.5418131064593945,272,salt,molecular_weight+concentration,10.384571205382223,2.842758098922828
regression,two_slot_pca38_buffer_regressor_xgboost,two_slot38,XGBoost,all,o-salt__p-functionalization+molecular_weight+concentration,6.278071310292476,272,salt,functionalization+molecular_weight+concentration,10.384571205382223,4.106499895089747
regression,two_slot_pca38_buffer_regressor_xgboost,two_slot38,XGBoost,all,o-buffer__p-empty,10.452261691813414,272,buffer,empty,10.384571205382223,-0.06769048643119113
regression,two_slot_pca38_buffer_regressor_xgboost,two_slot38,XGBoost,all,o-buffer__p-functionalization,7.663233496619243,272,buffer,functionalization,10.384571205382223,2.72133770876298
regression,two_slot_pca38_buffer_regressor_xgboost,two_slot38,XGBoost,all,o-buffer__p-molecular_weight,9.005333156810472,272,buffer,molecular_weight,10.384571205382223,1.3792380485717501
regression,two_slot_pca38_buffer_regressor_xgboost,two_slot38,XGBoost,all,o-buffer__p-concentration,9.30867696782153,272,buffer,concentration,10.384571205382223,1.0758942375606928
regression,two_slot_pca38_buffer_regressor_xgboost,two_slot38,XGBoost,all,o-buffer__p-functionalization+molecular_weight,6.515387521641546,272,buffer,functionalization+molecular_weight,10.384571205382223,3.869183683740676
regression,two_slot_pca38_buffer_regressor_xgboost,two_slot38,XGBoost,all,o-buffer__p-functionalization+concentration,6.947830732053419,272,buffer,functionalization+concentration,10.384571205382223,3.436740473328803
regression,two_slot_pca38_buffer_regressor_xgboost,two_slot38,XGBoost,all,o-buffer__p-molecular_weight+concentration,7.244490631996644,272,buffer,molecular_weight+concentration,10.384571205382223,3.1400805733855783
regression,two_slot_pca38_buffer_regressor_xgboost,two_slot38,XGBoost,all,o-buffer__p-functionalization+molecular_weight+concentration,5.6141272327678635,272,buffer,functionalization+molecular_weight+concentration,10.384571205382223,4.770443972614359
regression,two_slot_pca38_buffer_regressor_xgboost,two_slot38,XGBoost,all,o-additive+salt__p-empty,6.930947203164401,272,additive+salt,empty,10.384571205382223,3.453624002217822
regression,two_slot_pca38_buffer_regressor_xgboost,two_slot38,XGBoost,all,o-additive+salt__p-functionalization,6.12117065971225,272,additive+salt,functionalization,10.384571205382223,4.263400545669972
regression,two_slot_pca38_buffer_regressor_xgboost,two_slot38,XGBoost,all,o-additive+salt__p-molecular_weight,6.31894903113068,272,additive+salt,molecular_weight,10.384571205382223,4.065622174251542
regression,two_slot_pca38_buffer_regressor_xgboost,two_slot38,XGBoost,all,o-additive+salt__p-concentration,7.26484803566994,272,additive+salt,concentration,10.384571205382223,3.119723169712283
regression,two_slot_pca38_buffer_regressor_xgboost,two_slot38,XGBoost,all,o-additive+salt__p-functionalization+molecular_weight,5.067710649890109,272,additive+salt,functionalization+molecular_weight,10.384571205382223,5.316860555492114
regression,two_slot_pca38_buffer_regressor_xgboost,two_slot38,XGBoost,all,o-additive+salt__p-functionalization+concentration,6.3602597181809255,272,additive+salt,functionalization+concentration,10.384571205382223,4.024311487201297
regression,two_slot_pca38_buffer_regressor_xgboost,two_slot38,XGBoost,all,o-additive+salt__p-molecular_weight+concentration,6.324431302358864,272,additive+salt,molecular_weight+concentration,10.384571205382223,4.060139903023359
regression,two_slot_pca38_buffer_regressor_xgboost,two_slot38,XGBoost,all,o-additive+salt__p-functionalization+molecular_weight+concentration,4.652150846689552,272,additive+salt,functionalization+molecular_weight+concentration,10.384571205382223,5.7324203586926705
regression,two_slot_pca38_buffer_regressor_xgboost,two_slot38,XGBoost,all,o-additive+buffer__p-empty,9.391288426530602,272,additive+buffer,empty,10.384571205382223,0.9932827788516203
regression,two_slot_pca38_buffer_regressor_xgboost,two_slot38,XGBoost,all,o-additive+buffer__p-functionalization,6.785352154720506,272,additive+buffer,functionalization,10.384571205382223,3.5992190506617163
regression,two_slot_pca38_buffer_regressor_xgboost,two_slot38,XGBoost,all,o-additive+buffer__p-molecular_weight,8.248605623538204,272,additive+buffer,molecular_weight,10.384571205382223,2.135965581844019
regression,two_slot_pca38_buffer_regressor_xgboost,two_slot38,XGBoost,all,o-additive+buffer__p-concentration,8.600671941773417,272,additive+buffer,concentration,10.384571205382223,1.7838992636088058
regression,two_slot_pca38_buffer_regressor_xgboost,two_slot38,XGBoost,all,o-additive+buffer__p-functionalization+molecular_weight,5.80331599973192,272,additive+buffer,functionalization+molecular_weight,10.384571205382223,4.581255205650303
regression,two_slot_pca38_buffer_regressor_xgboost,two_slot38,XGBoost,all,o-additive+buffer__p-functionalization+concentration,6.179922841052588,272,additive+buffer,functionalization+concentration,10.384571205382223,4.204648364329635
regression,two_slot_pca38_buffer_regressor_xgboost,two_slot38,XGBoost,all,o-additive+buffer__p-molecular_weight+concentration,6.6719530830603695,272,additive+buffer,molecular_weight+concentration,10.384571205382223,3.712618122321853
regression,two_slot_pca38_buffer_regressor_xgboost,two_slot38,XGBoost,all,o-additive+buffer__p-functionalization+molecular_weight+concentration,4.2814844153046705,272,additive+buffer,functionalization+molecular_weight+concentration,10.384571205382223,6.103086790077552
regression,two_slot_pca38_buffer_regressor_xgboost,two_slot38,XGBoost,all,o-salt+buffer__p-empty,8.121123482268317,272,salt+buffer,empty,10.384571205382223,2.263447723113906
regression,two_slot_pca38_buffer_regressor_xgboost,two_slot38,XGBoost,all,o-salt+buffer__p-functionalization,7.038983253822409,272,salt+buffer,functionalization,10.384571205382223,3.3455879515598133
regression,two_slot_pca38_buffer_regressor_xgboost,two_slot38,XGBoost,all,o-salt+buffer__p-molecular_weight,7.395763127734292,272,salt+buffer,molecular_weight,10.384571205382223,2.9888080776479304
regression,two_slot_pca38_buffer_regressor_xgboost,two_slot38,XGBoost,all,o-salt+buffer__p-concentration,8.407239280217937,272,salt+buffer,concentration,10.384571205382223,1.977331925164286
regression,two_slot_pca38_buffer_regressor_xgboost,two_slot38,XGBoost,all,o-salt+buffer__p-functionalization+molecular_weight,6.226934923019985,272,salt+buffer,functionalization+molecular_weight,10.384571205382223,4.157636282362238
regression,two_slot_pca38_buffer_regressor_xgboost,two_slot38,XGBoost,all,o-salt+buffer__p-functionalization+concentration,6.456041300940158,272,salt+buffer,functionalization+concentration,10.384571205382223,3.9285299044420645
regression,two_slot_pca38_buffer_regressor_xgboost,two_slot38,XGBoost,all,o-salt+buffer__p-molecular_weight+concentration,6.560175985844106,272,salt+buffer,molecular_weight+concentration,10.384571205382223,3.8243952195381166
regression,two_slot_pca38_buffer_regressor_xgboost,two_slot38,XGBoost,all,o-salt+buffer__p-functionalization+molecular_weight+concentration,5.21208675880499,272,salt+buffer,functionalization+molecular_weight+concentration,10.384571205382223,5.172484446577233
regression,two_slot_pca38_buffer_regressor_xgboost,two_slot38,XGBoost,all,o-additive+salt+buffer__p-empty,6.73051286309906,272,additive+salt+buffer,empty,10.384571205382223,3.6540583422831627
regression,two_slot_pca38_buffer_regressor_xgboost,two_slot38,XGBoost,all,o-additive+salt+buffer__p-functionalization,5.490999280633111,272,additive+salt+buffer,functionalization,10.384571205382223,4.893571924749112
regression,two_slot_pca38_buffer_regressor_xgboost,two_slot38,XGBoost,all,o-additive+salt+buffer__p-molecular_weight,5.687602536050683,272,additive+salt+buffer,molecular_weight,10.384571205382223,4.69696866933154
regression,two_slot_pca38_buffer_regressor_xgboost,two_slot38,XGBoost,all,o-additive+salt+buffer__p-concentration,7.330337039460467,272,additive+salt+buffer,concentration,10.384571205382223,3.0542341659217556
regression,two_slot_pca38_buffer_regressor_xgboost,two_slot38,XGBoost,all,o-additive+salt+buffer__p-functionalization+molecular_weight,4.372760525614446,272,additive+salt+buffer,functionalization+molecular_weight,10.384571205382223,6.011810679767777
regression,two_slot_pca38_buffer_regressor_xgboost,two_slot38,XGBoost,all,o-additive+salt+buffer__p-functionalization+concentration,5.492911842653751,272,additive+salt+buffer,functionalization+concentration,10.384571205382223,4.891659362728472
regression,two_slot_pca38_buffer_regressor_xgboost,two_slot38,XGBoost,all,o-additive+salt+buffer__p-molecular_weight+concentration,5.398178419738024,272,additive+salt+buffer,molecular_weight+concentration,10.384571205382223,4.986392785644199
regression,two_slot_pca38_buffer_regressor_xgboost,two_slot38,XGBoost,all,o-additive+salt+buffer__p-functionalization+molecular_weight+concentration,3.5240911135693023,272,additive+salt+buffer,functionalization+molecular_weight+concentration,10.384571205382223,6.860480091812921
regression,two_slot_pca38_buffer_regressor_mlp,two_slot38,MLP,all,o-empty__p-empty,10.384571205382223,272,empty,empty,10.384571205382223,0.0
regression,two_slot_pca38_buffer_regressor_mlp,two_slot38,MLP,all,o-empty__p-functionalization,8.101260780063052,272,empty,functionalization,10.384571205382223,2.2833104253191703
regression,two_slot_pca38_buffer_regressor_mlp,two_slot38,MLP,all,o-empty__p-molecular_weight,9.279595814125186,272,empty,molecular_weight,10.384571205382223,1.104975391257037
regression,two_slot_pca38_buffer_regressor_mlp,two_slot38,MLP,all,o-empty__p-concentration,9.224145859204032,272,empty,concentration,10.384571205382223,1.1604253461781902
regression,two_slot_pca38_buffer_regressor_mlp,two_slot38,MLP,all,o-empty__p-functionalization+molecular_weight,7.342151978240016,272,empty,functionalization+molecular_weight,10.384571205382223,3.042419227142206
regression,two_slot_pca38_buffer_regressor_mlp,two_slot38,MLP,all,o-empty__p-functionalization+concentration,7.500460001052368,272,empty,functionalization+concentration,10.384571205382223,2.8841112043298542
regression,two_slot_pca38_buffer_regressor_mlp,two_slot38,MLP,all,o-empty__p-molecular_weight+concentration,7.9927940243896725,272,empty,molecular_weight+concentration,10.384571205382223,2.39177718099255
regression,two_slot_pca38_buffer_regressor_mlp,two_slot38,MLP,all,o-empty__p-functionalization+molecular_weight+concentration,6.625856048736693,272,empty,functionalization+molecular_weight+concentration,10.384571205382223,3.75871515664553
regression,two_slot_pca38_buffer_regressor_mlp,two_slot38,MLP,all,o-additive__p-empty,9.858274596909066,272,additive,empty,10.384571205382223,0.5262966084731566
regression,two_slot_pca38_buffer_regressor_mlp,two_slot38,MLP,all,o-additive__p-functionalization,7.914576896899378,272,additive,functionalization,10.384571205382223,2.4699943084828444
regression,two_slot_pca38_buffer_regressor_mlp,two_slot38,MLP,all,o-additive__p-molecular_weight,9.668810004629892,272,additive,molecular_weight,10.384571205382223,0.7157612007523309
regression,two_slot_pca38_buffer_regressor_mlp,two_slot38,MLP,all,o-additive__p-concentration,8.80846121352826,272,additive,concentration,10.384571205382223,1.5761099918539632
regression,two_slot_pca38_buffer_regressor_mlp,two_slot38,MLP,all,o-additive__p-functionalization+molecular_weight,7.328410120011807,272,additive,functionalization+molecular_weight,10.384571205382223,3.056161085370416
regression,two_slot_pca38_buffer_regressor_mlp,two_slot38,MLP,all,o-additive__p-functionalization+concentration,7.460643509736221,272,additive,functionalization+concentration,10.384571205382223,2.923927695646001
regression,two_slot_pca38_buffer_regressor_mlp,two_slot38,MLP,all,o-additive__p-molecular_weight+concentration,8.194430958094541,272,additive,molecular_weight+concentration,10.384571205382223,2.1901402472876814
regression,two_slot_pca38_buffer_regressor_mlp,two_slot38,MLP,all,o-additive__p-functionalization+molecular_weight+concentration,6.415364853870231,272,additive,functionalization+molecular_weight+concentration,10.384571205382223,3.9692063515119917
regression,two_slot_pca38_buffer_regressor_mlp,two_slot38,MLP,all,o-salt__p-empty,8.180082531943006,272,salt,empty,10.384571205382223,2.204488673439217
regression,two_slot_pca38_buffer_regressor_mlp,two_slot38,MLP,all,o-salt__p-functionalization,7.555454280523388,272,salt,functionalization,10.384571205382223,2.829116924858835
regression,two_slot_pca38_buffer_regressor_mlp,two_slot38,MLP,all,o-salt__p-molecular_weight,7.8545248440981,272,salt,molecular_weight,10.384571205382223,2.530046361284122
regression,two_slot_pca38_buffer_regressor_mlp,two_slot38,MLP,all,o-salt__p-concentration,8.183033356790164,272,salt,concentration,10.384571205382223,2.201537848592059
regression,two_slot_pca38_buffer_regressor_mlp,two_slot38,MLP,all,o-salt__p-functionalization+molecular_weight,7.032246537622211,272,salt,functionalization+molecular_weight,10.384571205382223,3.352324667760011
regression,two_slot_pca38_buffer_regressor_mlp,two_slot38,MLP,all,o-salt__p-functionalization+concentration,7.5885336205070795,272,salt,functionalization+concentration,10.384571205382223,2.796037584875143
regression,two_slot_pca38_buffer_regressor_mlp,two_slot38,MLP,all,o-salt__p-molecular_weight+concentration,7.674523940231438,272,salt,molecular_weight+concentration,10.384571205382223,2.7100472651507843
regression,two_slot_pca38_buffer_regressor_mlp,two_slot38,MLP,all,o-salt__p-functionalization+molecular_weight+concentration,6.605237985440557,272,salt,functionalization+molecular_weight+concentration,10.384571205382223,3.779333219941665
regression,two_slot_pca38_buffer_regressor_mlp,two_slot38,MLP,all,o-buffer__p-empty,10.286800211877706,272,buffer,empty,10.384571205382223,0.09777099350451657
regression,two_slot_pca38_buffer_regressor_mlp,two_slot38,MLP,all,o-buffer__p-functionalization,7.817319997531973,272,buffer,functionalization,10.384571205382223,2.5672512078502496
regression,two_slot_pca38_buffer_regressor_mlp,two_slot38,MLP,all,o-buffer__p-molecular_weight,9.743788408867484,272,buffer,molecular_weight,10.384571205382223,0.6407827965147384
regression,two_slot_pca38_buffer_regressor_mlp,two_slot38,MLP,all,o-buffer__p-concentration,9.175162946299897,272,buffer,concentration,10.384571205382223,1.2094082590823252
regression,two_slot_pca38_buffer_regressor_mlp,two_slot38,MLP,all,o-buffer__p-functionalization+molecular_weight,7.225098908441997,272,buffer,functionalization+molecular_weight,10.384571205382223,3.1594722969402254
regression,two_slot_pca38_buffer_regressor_mlp,two_slot38,MLP,all,o-buffer__p-functionalization+concentration,7.12322910903742,272,buffer,functionalization+concentration,10.384571205382223,3.2613420963448023
regression,two_slot_pca38_buffer_regressor_mlp,two_slot38,MLP,all,o-buffer__p-molecular_weight+concentration,8.413122536944636,272,buffer,molecular_weight+concentration,10.384571205382223,1.9714486684375867
regression,two_slot_pca38_buffer_regressor_mlp,two_slot38,MLP,all,o-buffer__p-functionalization+molecular_weight+concentration,6.703262721401338,272,buffer,functionalization+molecular_weight+concentration,10.384571205382223,3.6813084839808843
regression,two_slot_pca38_buffer_regressor_mlp,two_slot38,MLP,all,o-additive+salt__p-empty,7.465152922841702,272,additive+salt,empty,10.384571205382223,2.91941828254052
regression,two_slot_pca38_buffer_regressor_mlp,two_slot38,MLP,all,o-additive+salt__p-functionalization,6.509791014558903,272,additive+salt,functionalization,10.384571205382223,3.8747801908233193
regression,two_slot_pca38_buffer_regressor_mlp,two_slot38,MLP,all,o-additive+salt__p-molecular_weight,6.851442751470094,272,additive+salt,molecular_weight,10.384571205382223,3.533128453912129
regression,two_slot_pca38_buffer_regressor_mlp,two_slot38,MLP,all,o-additive+salt__p-concentration,7.3316570337868665,272,additive+salt,concentration,10.384571205382223,3.052914171595356
regression,two_slot_pca38_buffer_regressor_mlp,two_slot38,MLP,all,o-additive+salt__p-functionalization+molecular_weight,5.69845053488793,272,additive+salt,functionalization+molecular_weight,10.384571205382223,4.686120670494293
regression,two_slot_pca38_buffer_regressor_mlp,two_slot38,MLP,all,o-additive+salt__p-functionalization+concentration,6.598558034951328,272,additive+salt,functionalization+concentration,10.384571205382223,3.786013170430895
regression,two_slot_pca38_buffer_regressor_mlp,two_slot38,MLP,all,o-additive+salt__p-molecular_weight+concentration,6.600462145545512,272,additive+salt,molecular_weight+concentration,10.384571205382223,3.7841090598367106
regression,two_slot_pca38_buffer_regressor_mlp,two_slot38,MLP,all,o-additive+salt__p-functionalization+molecular_weight+concentration,5.421659358521061,272,additive+salt,functionalization+molecular_weight+concentration,10.384571205382223,4.962911846861162
regression,two_slot_pca38_buffer_regressor_mlp,two_slot38,MLP,all,o-additive+buffer__p-empty,9.559204697267976,272,additive+buffer,empty,10.384571205382223,0.8253665081142465
regression,two_slot_pca38_buffer_regressor_mlp,two_slot38,MLP,all,o-additive+buffer__p-functionalization,7.812085610637206,272,additive+buffer,functionalization,10.384571205382223,2.5724855947450163
regression,two_slot_pca38_buffer_regressor_mlp,two_slot38,MLP,all,o-additive+buffer__p-molecular_weight,9.219051695105268,272,additive+buffer,molecular_weight,10.384571205382223,1.1655195102769547
regression,two_slot_pca38_buffer_regressor_mlp,two_slot38,MLP,all,o-additive+buffer__p-concentration,8.797647572214757,272,additive+buffer,concentration,10.384571205382223,1.5869236331674657
regression,two_slot_pca38_buffer_regressor_mlp,two_slot38,MLP,all,o-additive+buffer__p-functionalization+molecular_weight,7.8204774863815505,272,additive+buffer,functionalization+molecular_weight,10.384571205382223,2.564093719000672
regression,two_slot_pca38_buffer_regressor_mlp,two_slot38,MLP,all,o-additive+buffer__p-functionalization+concentration,7.157808185742016,272,additive+buffer,functionalization+concentration,10.384571205382223,3.226763019640207
regression,two_slot_pca38_buffer_regressor_mlp,two_slot38,MLP,all,o-additive+buffer__p-molecular_weight+concentration,8.310736278275312,272,additive+buffer,molecular_weight+concentration,10.384571205382223,2.07383492710691
regression,two_slot_pca38_buffer_regressor_mlp,two_slot38,MLP,all,o-additive+buffer__p-functionalization+molecular_weight+concentration,6.37706392723947,272,additive+buffer,functionalization+molecular_weight+concentration,10.384571205382223,4.007507278142753
regression,two_slot_pca38_buffer_regressor_mlp,two_slot38,MLP,all,o-salt+buffer__p-empty,8.06238523452159,272,salt+buffer,empty,10.384571205382223,2.322185970860632
regression,two_slot_pca38_buffer_regressor_mlp,two_slot38,MLP,all,o-salt+buffer__p-functionalization,7.796296719321301,272,salt+buffer,functionalization,10.384571205382223,2.5882744860609215
regression,two_slot_pca38_buffer_regressor_mlp,two_slot38,MLP,all,o-salt+buffer__p-molecular_weight,7.897466778981889,272,salt+buffer,molecular_weight,10.384571205382223,2.4871044264003332
regression,two_slot_pca38_buffer_regressor_mlp,two_slot38,MLP,all,o-salt+buffer__p-concentration,8.068200275809204,272,salt+buffer,concentration,10.384571205382223,2.3163709295730186
regression,two_slot_pca38_buffer_regressor_mlp,two_slot38,MLP,all,o-salt+buffer__p-functionalization+molecular_weight,7.294809004277309,272,salt+buffer,functionalization+molecular_weight,10.384571205382223,3.0897622011049135
regression,two_slot_pca38_buffer_regressor_mlp,two_slot38,MLP,all,o-salt+buffer__p-functionalization+concentration,7.681901712791256,272,salt+buffer,functionalization+concentration,10.384571205382223,2.7026694925909664
regression,two_slot_pca38_buffer_regressor_mlp,two_slot38,MLP,all,o-salt+buffer__p-molecular_weight+concentration,7.6725737560563045,272,salt+buffer,molecular_weight+concentration,10.384571205382223,2.711997449325918
regression,two_slot_pca38_buffer_regressor_mlp,two_slot38,MLP,all,o-salt+buffer__p-functionalization+molecular_weight+concentration,7.001292097483647,272,salt+buffer,functionalization+molecular_weight+concentration,10.384571205382223,3.3832791078985753
regression,two_slot_pca38_buffer_regressor_mlp,two_slot38,MLP,all,o-additive+salt+buffer__p-empty,7.2456142157814085,272,additive+salt+buffer,empty,10.384571205382223,3.138956989600814
regression,two_slot_pca38_buffer_regressor_mlp,two_slot38,MLP,all,o-additive+salt+buffer__p-functionalization,6.609905522406513,272,additive+salt+buffer,functionalization,10.384571205382223,3.7746656829757095
regression,two_slot_pca38_buffer_regressor_mlp,two_slot38,MLP,all,o-additive+salt+buffer__p-molecular_weight,6.903656145659011,272,additive+salt+buffer,molecular_weight,10.384571205382223,3.4809150597232117
regression,two_slot_pca38_buffer_regressor_mlp,two_slot38,MLP,all,o-additive+salt+buffer__p-concentration,7.1993511009751385,272,additive+salt+buffer,concentration,10.384571205382223,3.185220104407084
regression,two_slot_pca38_buffer_regressor_mlp,two_slot38,MLP,all,o-additive+salt+buffer__p-functionalization+molecular_weight,5.776097547837368,272,additive+salt+buffer,functionalization+molecular_weight,10.384571205382223,4.608473657544854
regression,two_slot_pca38_buffer_regressor_mlp,two_slot38,MLP,all,o-additive+salt+buffer__p-functionalization+concentration,6.331767742510216,272,additive+salt+buffer,functionalization+concentration,10.384571205382223,4.052803462872006
regression,two_slot_pca38_buffer_regressor_mlp,two_slot38,MLP,all,o-additive+salt+buffer__p-molecular_weight+concentration,6.718820141465513,272,additive+salt+buffer,molecular_weight+concentration,10.384571205382223,3.6657510639167095
regression,two_slot_pca38_buffer_regressor_mlp,two_slot38,MLP,all,o-additive+salt+buffer__p-functionalization+molecular_weight+concentration,5.150600358381791,272,additive+salt+buffer,functionalization+molecular_weight+concentration,10.384571205382223,5.233970847000432
classification,descriptor24_buffer_classifier_xgboost,descriptor24,XGBoost,all,o-empty__p-empty,0.8247963506249546,403,empty,empty,0.8247963506249546,0.0
classification,descriptor24_buffer_classifier_xgboost,descriptor24,XGBoost,all,o-empty__p-functionalization,0.7122154867561533,403,empty,functionalization,0.8247963506249546,0.11258086386880128
classification,descriptor24_buffer_classifier_xgboost,descriptor24,XGBoost,all,o-empty__p-molecular_weight,0.7370469897518486,403,empty,molecular_weight,0.8247963506249546,0.08774936087310603
classification,descriptor24_buffer_classifier_xgboost,descriptor24,XGBoost,all,o-empty__p-concentration,0.669206957673091,403,empty,concentration,0.8247963506249546,0.15558939295186358
classification,descriptor24_buffer_classifier_xgboost,descriptor24,XGBoost,all,o-empty__p-functionalization+molecular_weight,0.7167963725959453,403,empty,functionalization+molecular_weight,0.8247963506249546,0.10799997802900929
classification,descriptor24_buffer_classifier_xgboost,descriptor24,XGBoost,all,o-empty__p-functionalization+concentration,0.6647844445101139,403,empty,functionalization+concentration,0.8247963506249546,0.16001190611484073
classification,descriptor24_buffer_classifier_xgboost,descriptor24,XGBoost,all,o-empty__p-molecular_weight+concentration,0.6803634239230435,403,empty,molecular_weight+concentration,0.8247963506249546,0.1444329267019111
classification,descriptor24_buffer_classifier_xgboost,descriptor24,XGBoost,all,o-empty__p-functionalization+molecular_weight+concentration,0.6782287201735514,403,empty,functionalization+molecular_weight+concentration,0.8247963506249546,0.1465676304514032
classification,descriptor24_buffer_classifier_xgboost,descriptor24,XGBoost,all,o-additive__p-empty,0.5262898798122596,403,additive,empty,0.8247963506249546,0.298506470812695
classification,descriptor24_buffer_classifier_xgboost,descriptor24,XGBoost,all,o-additive__p-functionalization,0.41289257668591184,403,additive,functionalization,0.8247963506249546,0.41190377393904276
classification,descriptor24_buffer_classifier_xgboost,descriptor24,XGBoost,all,o-additive__p-molecular_weight,0.4524918180324753,403,additive,molecular_weight,0.8247963506249546,0.3723045325924793
classification,descriptor24_buffer_classifier_xgboost,descriptor24,XGBoost,all,o-additive__p-concentration,0.38900949152346775,403,additive,concentration,0.8247963506249546,0.43578685910148685
classification,descriptor24_buffer_classifier_xgboost,descriptor24,XGBoost,all,o-additive__p-functionalization+molecular_weight,0.4241081206586143,403,additive,functionalization+molecular_weight,0.8247963506249546,0.4006882299663403
classification,descriptor24_buffer_classifier_xgboost,descriptor24,XGBoost,all,o-additive__p-functionalization+concentration,0.3704238436733054,403,additive,functionalization+concentration,0.8247963506249546,0.4543725069516492
classification,descriptor24_buffer_classifier_xgboost,descriptor24,XGBoost,all,o-additive__p-molecular_weight+concentration,0.38292414702317207,403,additive,molecular_weight+concentration,0.8247963506249546,0.44187220360178253
classification,descriptor24_buffer_classifier_xgboost,descriptor24,XGBoost,all,o-additive__p-functionalization+molecular_weight+concentration,0.3603766819445048,403,additive,functionalization+molecular_weight+concentration,0.8247963506249546,0.4644196686804498
classification,descriptor24_buffer_classifier_xgboost,descriptor24,XGBoost,all,o-salt__p-empty,0.7983436038660454,403,salt,empty,0.8247963506249546,0.026452746758909185
classification,descriptor24_buffer_classifier_xgboost,descriptor24,XGBoost,all,o-salt__p-functionalization,0.7138847065226628,403,salt,functionalization,0.8247963506249546,0.11091164410229182
classification,descriptor24_buffer_classifier_xgboost,descriptor24,XGBoost,all,o-salt__p-molecular_weight,0.7247830959060909,403,salt,molecular_weight,0.8247963506249546,0.10001325471886369
classification,descriptor24_buffer_classifier_xgboost,descriptor24,XGBoost,all,o-salt__p-concentration,0.676180295937346,403,salt,concentration,0.8247963506249546,0.14861605468760863
classification,descriptor24_buffer_classifier_xgboost,descriptor24,XGBoost,all,o-salt__p-functionalization+molecular_weight,0.7192996526754345,403,salt,functionalization+molecular_weight,0.8247963506249546,0.1054966979495201
classification,descriptor24_buffer_classifier_xgboost,descriptor24,XGBoost,all,o-salt__p-functionalization+concentration,0.6776652843055966,403,salt,functionalization+concentration,0.8247963506249546,0.14713106631935802
classification,descriptor24_buffer_classifier_xgboost,descriptor24,XGBoost,all,o-salt__p-molecular_weight+concentration,0.684892691842243,403,salt,molecular_weight+concentration,0.8247963506249546,0.1399036587827116
classification,descriptor24_buffer_classifier_xgboost,descriptor24,XGBoost,all,o-salt__p-functionalization+molecular_weight+concentration,0.6837938005586417,403,salt,functionalization+molecular_weight+concentration,0.8247963506249546,0.1410025500663129
classification,descriptor24_buffer_classifier_xgboost,descriptor24,XGBoost,all,o-buffer__p-empty,0.8208750642351718,403,buffer,empty,0.8247963506249546,0.003921286389782841
classification,descriptor24_buffer_classifier_xgboost,descriptor24,XGBoost,all,o-buffer__p-functionalization,0.7084004961988589,403,buffer,functionalization,0.8247963506249546,0.11639585442609568
classification,descriptor24_buffer_classifier_xgboost,descriptor24,XGBoost,all,o-buffer__p-molecular_weight,0.7300263868830112,403,buffer,molecular_weight,0.8247963506249546,0.09476996374194335
classification,descriptor24_buffer_classifier_xgboost,descriptor24,XGBoost,all,o-buffer__p-concentration,0.6699566170447022,403,buffer,concentration,0.8247963506249546,0.15483973358025238
classification,descriptor24_buffer_classifier_xgboost,descriptor24,XGBoost,all,o-buffer__p-functionalization+molecular_weight,0.6982209047820365,403,buffer,functionalization+molecular_weight,0.8247963506249546,0.12657544584291813
classification,descriptor24_buffer_classifier_xgboost,descriptor24,XGBoost,all,o-buffer__p-functionalization+concentration,0.6350570562163202,403,buffer,functionalization+concentration,0.8247963506249546,0.18973929440863435
classification,descriptor24_buffer_classifier_xgboost,descriptor24,XGBoost,all,o-buffer__p-molecular_weight+concentration,0.6597996799647261,403,buffer,molecular_weight+concentration,0.8247963506249546,0.1649966706602285
classification,descriptor24_buffer_classifier_xgboost,descriptor24,XGBoost,all,o-buffer__p-functionalization+molecular_weight+concentration,0.6545654476594375,403,buffer,functionalization+molecular_weight+concentration,0.8247963506249546,0.17023090296551713
classification,descriptor24_buffer_classifier_xgboost,descriptor24,XGBoost,all,o-additive+salt__p-empty,0.47231684364707277,403,additive+salt,empty,0.8247963506249546,0.35247950697788183
classification,descriptor24_buffer_classifier_xgboost,descriptor24,XGBoost,all,o-additive+salt__p-functionalization,0.3552216455466806,403,additive+salt,functionalization,0.8247963506249546,0.469574705078274
classification,descriptor24_buffer_classifier_xgboost,descriptor24,XGBoost,all,o-additive+salt__p-molecular_weight,0.35682569172362705,403,additive+salt,molecular_weight,0.8247963506249546,0.46797065890132755
classification,descriptor24_buffer_classifier_xgboost,descriptor24,XGBoost,all,o-additive+salt__p-concentration,0.3282688441794616,403,additive+salt,concentration,0.8247963506249546,0.496527506445493
classification,descriptor24_buffer_classifier_xgboost,descriptor24,XGBoost,all,o-additive+salt__p-functionalization+molecular_weight,0.35058134558730136,403,additive+salt,functionalization+molecular_weight,0.8247963506249546,0.47421500503765324
classification,descriptor24_buffer_classifier_xgboost,descriptor24,XGBoost,all,o-additive+salt__p-functionalization+concentration,0.3301040046320138,403,additive+salt,functionalization+concentration,0.8247963506249546,0.4946923459929408
classification,descriptor24_buffer_classifier_xgboost,descriptor24,XGBoost,all,o-additive+salt__p-molecular_weight+concentration,0.3261411007632171,403,additive+salt,molecular_weight+concentration,0.8247963506249546,0.4986552498617375
classification,descriptor24_buffer_classifier_xgboost,descriptor24,XGBoost,all,o-additive+salt__p-functionalization+molecular_weight+concentration,0.3126423785828688,403,additive+salt,functionalization+molecular_weight+concentration,0.8247963506249546,0.5121539720420858
classification,descriptor24_buffer_classifier_xgboost,descriptor24,XGBoost,all,o-additive+buffer__p-empty,0.5249459443943114,403,additive+buffer,empty,0.8247963506249546,0.2998504062306432
classification,descriptor24_buffer_classifier_xgboost,descriptor24,XGBoost,all,o-additive+buffer__p-functionalization,0.36739338735417704,403,additive+buffer,functionalization,0.8247963506249546,0.45740296327077756
classification,descriptor24_buffer_classifier_xgboost,descriptor24,XGBoost,all,o-additive+buffer__p-molecular_weight,0.4128057093531678,403,additive+buffer,molecular_weight,0.8247963506249546,0.4119906412717868
classification,descriptor24_buffer_classifier_xgboost,descriptor24,XGBoost,all,o-additive+buffer__p-concentration,0.34356269097068975,403,additive+buffer,concentration,0.8247963506249546,0.48123365965426484
classification,descriptor24_buffer_classifier_xgboost,descriptor24,XGBoost,all,o-additive+buffer__p-functionalization+molecular_weight,0.38329102573387563,403,additive+buffer,functionalization+molecular_weight,0.8247963506249546,0.44150532489107897
classification,descriptor24_buffer_classifier_xgboost,descriptor24,XGBoost,all,o-additive+buffer__p-functionalization+concentration,0.3166979023154318,403,additive+buffer,functionalization+concentration,0.8247963506249546,0.5080984483095228
classification,descriptor24_buffer_classifier_xgboost,descriptor24,XGBoost,all,o-additive+buffer__p-molecular_weight+concentration,0.33622447750699064,403,additive+buffer,molecular_weight+concentration,0.8247963506249546,0.48857187311796396
classification,descriptor24_buffer_classifier_xgboost,descriptor24,XGBoost,all,o-additive+buffer__p-functionalization+molecular_weight+concentration,0.3084745600104627,403,additive+buffer,functionalization+molecular_weight+concentration,0.8247963506249546,0.5163217906144919
classification,descriptor24_buffer_classifier_xgboost,descriptor24,XGBoost,all,o-salt+buffer__p-empty,0.7923963553679529,403,salt+buffer,empty,0.8247963506249546,0.03239999525700166
classification,descriptor24_buffer_classifier_xgboost,descriptor24,XGBoost,all,o-salt+buffer__p-functionalization,0.6934373093284499,403,salt+buffer,functionalization,0.8247963506249546,0.13135904129650466
classification,descriptor24_buffer_classifier_xgboost,descriptor24,XGBoost,all,o-salt+buffer__p-molecular_weight,0.706064943669391,403,salt+buffer,molecular_weight,0.8247963506249546,0.11873140695556361
classification,descriptor24_buffer_classifier_xgboost,descriptor24,XGBoost,all,o-salt+buffer__p-concentration,0.6606448036859384,403,salt+buffer,concentration,0.8247963506249546,0.16415154693901624
classification,descriptor24_buffer_classifier_xgboost,descriptor24,XGBoost,all,o-salt+buffer__p-functionalization+molecular_weight,0.701659656864492,403,salt+buffer,functionalization+molecular_weight,0.8247963506249546,0.12313669376046255
classification,descriptor24_buffer_classifier_xgboost,descriptor24,XGBoost,all,o-salt+buffer__p-functionalization+concentration,0.6622751409764139,403,salt+buffer,functionalization+concentration,0.8247963506249546,0.16252120964854067
classification,descriptor24_buffer_classifier_xgboost,descriptor24,XGBoost,all,o-salt+buffer__p-molecular_weight+concentration,0.669529485276893,403,salt+buffer,molecular_weight+concentration,0.8247963506249546,0.15526686534806156
classification,descriptor24_buffer_classifier_xgboost,descriptor24,XGBoost,all,o-salt+buffer__p-functionalization+molecular_weight+concentration,0.6679679829639478,403,salt+buffer,functionalization+molecular_weight+concentration,0.8247963506249546,0.15682836766100683
classification,descriptor24_buffer_classifier_xgboost,descriptor24,XGBoost,all,o-additive+salt+buffer__p-empty,0.4702076436723264,403,additive+salt+buffer,empty,0.8247963506249546,0.3545887069526282
classification,descriptor24_buffer_classifier_xgboost,descriptor24,XGBoost,all,o-additive+salt+buffer__p-functionalization,0.3255336013883567,403,additive+salt+buffer,functionalization,0.8247963506249546,0.4992627492365979
classification,descriptor24_buffer_classifier_xgboost,descriptor24,XGBoost,all,o-additive+salt+buffer__p-molecular_weight,0.33276151802169235,403,additive+salt+buffer,molecular_weight,0.8247963506249546,0.49203483260326225
classification,descriptor24_buffer_classifier_xgboost,descriptor24,XGBoost,all,o-additive+salt+buffer__p-concentration,0.2950467906695959,403,additive+salt+buffer,concentration,0.8247963506249546,0.5297495599553588
classification,descriptor24_buffer_classifier_xgboost,descriptor24,XGBoost,all,o-additive+salt+buffer__p-functionalization+molecular_weight,0.32525088454433504,403,additive+salt+buffer,functionalization+molecular_weight,0.8247963506249546,0.49954546608061956
classification,descriptor24_buffer_classifier_xgboost,descriptor24,XGBoost,all,o-additive+salt+buffer__p-functionalization+concentration,0.2961449914457735,403,additive+salt+buffer,functionalization+concentration,0.8247963506249546,0.528651359179181
classification,descriptor24_buffer_classifier_xgboost,descriptor24,XGBoost,all,o-additive+salt+buffer__p-molecular_weight+concentration,0.29168565834525795,403,additive+salt+buffer,molecular_weight+concentration,0.8247963506249546,0.5331106922796967
classification,descriptor24_buffer_classifier_xgboost,descriptor24,XGBoost,all,o-additive+salt+buffer__p-functionalization+molecular_weight+concentration,0.2790886407941305,403,additive+salt+buffer,functionalization+molecular_weight+concentration,0.8247963506249546,0.5457077098308241
classification,descriptor24_buffer_classifier_xgboost,descriptor24,XGBoost,dexma_only,o-empty__p-empty,0.7290248401292864,355,empty,empty,0.7290248401292864,0.0
classification,descriptor24_buffer_classifier_xgboost,descriptor24,XGBoost,dexma_only,o-empty__p-functionalization,0.6955466482338833,355,empty,functionalization,0.7290248401292864,0.03347819189540302
classification,descriptor24_buffer_classifier_xgboost,descriptor24,XGBoost,dexma_only,o-empty__p-molecular_weight,0.7237416015596346,355,empty,molecular_weight,0.7290248401292864,0.005283238569651738
classification,descriptor24_buffer_classifier_xgboost,descriptor24,XGBoost,dexma_only,o-empty__p-concentration,0.6467212842471753,355,empty,concentration,0.7290248401292864,0.08230355588211102
classification,descriptor24_buffer_classifier_xgboost,descriptor24,XGBoost,dexma_only,o-empty__p-functionalization+molecular_weight,0.7007515192341349,355,empty,functionalization+molecular_weight,0.7290248401292864,0.028273320895151444
classification,descriptor24_buffer_classifier_xgboost,descriptor24,XGBoost,dexma_only,o-empty__p-functionalization+concentration,0.6416726456775258,355,empty,functionalization+concentration,0.7290248401292864,0.08735219445176057
classification,descriptor24_buffer_classifier_xgboost,descriptor24,XGBoost,dexma_only,o-empty__p-molecular_weight+concentration,0.659353970951603,355,empty,molecular_weight+concentration,0.7290248401292864,0.06967086917768339
classification,descriptor24_buffer_classifier_xgboost,descriptor24,XGBoost,dexma_only,o-empty__p-functionalization+molecular_weight+concentration,0.6568830005563588,355,empty,functionalization+molecular_weight+concentration,0.7290248401292864,0.07214183957292752
classification,descriptor24_buffer_classifier_xgboost,descriptor24,XGBoost,dexma_only,o-additive__p-empty,0.4653523310625095,355,additive,empty,0.7290248401292864,0.26367250906677686
classification,descriptor24_buffer_classifier_xgboost,descriptor24,XGBoost,dexma_only,o-additive__p-functionalization,0.37464374775161624,355,additive,functionalization,0.7290248401292864,0.3543810923776701
classification,descriptor24_buffer_classifier_xgboost,descriptor24,XGBoost,dexma_only,o-additive__p-molecular_weight,0.4201441471903292,355,additive,molecular_weight,0.7290248401292864,0.30888069293895715
classification,descriptor24_buffer_classifier_xgboost,descriptor24,XGBoost,dexma_only,o-additive__p-concentration,0.34362785228500975,355,additive,concentration,0.7290248401292864,0.3853969878442766
classification,descriptor24_buffer_classifier_xgboost,descriptor24,XGBoost,dexma_only,o-additive__p-functionalization+molecular_weight,0.3866672297191554,355,additive,functionalization+molecular_weight,0.7290248401292864,0.34235761041013096
classification,descriptor24_buffer_classifier_xgboost,descriptor24,XGBoost,dexma_only,o-additive__p-functionalization+concentration,0.31775621961483314,355,additive,functionalization+concentration,0.7290248401292864,0.41126862051445323
classification,descriptor24_buffer_classifier_xgboost,descriptor24,XGBoost,dexma_only,o-additive__p-molecular_weight+concentration,0.33287264065586786,355,additive,molecular_weight+concentration,0.7290248401292864,0.3961521994734185
classification,descriptor24_buffer_classifier_xgboost,descriptor24,XGBoost,dexma_only,o-additive__p-functionalization+molecular_weight+concentration,0.3072231183504909,355,additive,functionalization+molecular_weight+concentration,0.7290248401292864,0.4218017217787955
classification,descriptor24_buffer_classifier_xgboost,descriptor24,XGBoost,dexma_only,o-salt__p-empty,0.706209081826815,355,salt,empty,0.7290248401292864,0.0228157583024714
classification,descriptor24_buffer_classifier_xgboost,descriptor24,XGBoost,dexma_only,o-salt__p-functionalization,0.6826547220344207,355,salt,functionalization,0.7290248401292864,0.04637011809486569
classification,descriptor24_buffer_classifier_xgboost,descriptor24,XGBoost,dexma_only,o-salt__p-molecular_weight,0.6949675516501461,355,salt,molecular_weight,0.7290248401292864,0.034057288479140246
classification,descriptor24_buffer_classifier_xgboost,descriptor24,XGBoost,dexma_only,o-salt__p-concentration,0.640501027488153,355,salt,concentration,0.7290248401292864,0.0885238126411334
classification,descriptor24_buffer_classifier_xgboost,descriptor24,XGBoost,dexma_only,o-salt__p-functionalization+molecular_weight,0.6888972559502685,355,salt,functionalization+molecular_weight,0.7290248401292864,0.04012758417901785
classification,descriptor24_buffer_classifier_xgboost,descriptor24,XGBoost,dexma_only,o-salt__p-functionalization+concentration,0.6421902503445341,355,salt,functionalization+concentration,0.7290248401292864,0.08683458978475223
classification,descriptor24_buffer_classifier_xgboost,descriptor24,XGBoost,dexma_only,o-salt__p-molecular_weight+concentration,0.6503977076207839,355,salt,molecular_weight+concentration,0.7290248401292864,0.0786271325085025
classification,descriptor24_buffer_classifier_xgboost,descriptor24,XGBoost,dexma_only,o-salt__p-functionalization+molecular_weight+concentration,0.6494268206728959,355,salt,functionalization+molecular_weight+concentration,0.7290248401292864,0.07959801945639045
classification,descriptor24_buffer_classifier_xgboost,descriptor24,XGBoost,dexma_only,o-buffer__p-empty,0.7266899960343688,355,buffer,empty,0.7290248401292864,0.0023348440949175764
classification,descriptor24_buffer_classifier_xgboost,descriptor24,XGBoost,dexma_only,o-buffer__p-functionalization,0.695358441938538,355,buffer,functionalization,0.7290248401292864,0.03366639819074835
classification,descriptor24_buffer_classifier_xgboost,descriptor24,XGBoost,dexma_only,o-buffer__p-molecular_weight,0.7211495442262303,355,buffer,molecular_weight,0.7290248401292864,0.007875295903056023
classification,descriptor24_buffer_classifier_xgboost,descriptor24,XGBoost,dexma_only,o-buffer__p-concentration,0.6516098601169221,355,buffer,concentration,0.7290248401292864,0.07741498001236424
classification,descriptor24_buffer_classifier_xgboost,descriptor24,XGBoost,dexma_only,o-buffer__p-functionalization+molecular_weight,0.7049133095045221,355,buffer,functionalization+molecular_weight,0.7290248401292864,0.024111530624764232
classification,descriptor24_buffer_classifier_xgboost,descriptor24,XGBoost,dexma_only,o-buffer__p-functionalization+concentration,0.6331315041026933,355,buffer,functionalization+concentration,0.7290248401292864,0.09589333602659311
classification,descriptor24_buffer_classifier_xgboost,descriptor24,XGBoost,dexma_only,o-buffer__p-molecular_weight+concentration,0.6612247487024687,355,buffer,molecular_weight+concentration,0.7290248401292864,0.06780009142681764
classification,descriptor24_buffer_classifier_xgboost,descriptor24,XGBoost,dexma_only,o-buffer__p-functionalization+molecular_weight+concentration,0.6552981416187185,355,buffer,functionalization+molecular_weight+concentration,0.7290248401292864,0.0737266985105679
classification,descriptor24_buffer_classifier_xgboost,descriptor24,XGBoost,dexma_only,o-additive+salt__p-empty,0.3817086436670446,355,additive+salt,empty,0.7290248401292864,0.34731619646224177
classification,descriptor24_buffer_classifier_xgboost,descriptor24,XGBoost,dexma_only,o-additive+salt__p-functionalization,0.32492657807092473,355,additive+salt,functionalization,0.7290248401292864,0.40409826205836163
classification,descriptor24_buffer_classifier_xgboost,descriptor24,XGBoost,dexma_only,o-additive+salt__p-molecular_weight,0.32970546379655186,355,additive+salt,molecular_weight,0.7290248401292864,0.3993193763327345
classification,descriptor24_buffer_classifier_xgboost,descriptor24,XGBoost,dexma_only,o-additive+salt__p-concentration,0.2911438175775621,355,additive+salt,concentration,0.7290248401292864,0.4378810225517243
classification,descriptor24_buffer_classifier_xgboost,descriptor24,XGBoost,dexma_only,o-additive+salt__p-functionalization+molecular_weight,0.3204866749924728,355,additive+salt,functionalization+molecular_weight,0.7290248401292864,0.40853816513681357
classification,descriptor24_buffer_classifier_xgboost,descriptor24,XGBoost,dexma_only,o-additive+salt__p-functionalization+concentration,0.2902917498051815,355,additive+salt,functionalization+concentration,0.7290248401292864,0.43873309032410485
classification,descriptor24_buffer_classifier_xgboost,descriptor24,XGBoost,dexma_only,o-additive+salt__p-molecular_weight+concentration,0.28568434796225395,355,additive+salt,molecular_weight+concentration,0.7290248401292864,0.4433404921670324
classification,descriptor24_buffer_classifier_xgboost,descriptor24,XGBoost,dexma_only,o-additive+salt__p-functionalization+molecular_weight+concentration,0.27116224999189337,355,additive+salt,functionalization+molecular_weight+concentration,0.7290248401292864,0.457862590137393
classification,descriptor24_buffer_classifier_xgboost,descriptor24,XGBoost,dexma_only,o-additive+buffer__p-empty,0.4653379267004847,355,additive+buffer,empty,0.7290248401292864,0.2636869134288017
classification,descriptor24_buffer_classifier_xgboost,descriptor24,XGBoost,dexma_only,o-additive+buffer__p-functionalization,0.36646426970921275,355,additive+buffer,functionalization,0.7290248401292864,0.3625605704200736
classification,descriptor24_buffer_classifier_xgboost,descriptor24,XGBoost,dexma_only,o-additive+buffer__p-molecular_weight,0.4194301890333967,355,additive+buffer,molecular_weight,0.7290248401292864,0.3095946510958897
classification,descriptor24_buffer_classifier_xgboost,descriptor24,XGBoost,dexma_only,o-additive+buffer__p-concentration,0.33379220223488404,355,additive+buffer,concentration,0.7290248401292864,0.3952326378944023
classification,descriptor24_buffer_classifier_xgboost,descriptor24,XGBoost,dexma_only,o-additive+buffer__p-functionalization+molecular_weight,0.38361074910765086,355,additive+buffer,functionalization+molecular_weight,0.7290248401292864,0.3454140910216355
classification,descriptor24_buffer_classifier_xgboost,descriptor24,XGBoost,dexma_only,o-additive+buffer__p-functionalization+concentration,0.3012568229398842,355,additive+buffer,functionalization+concentration,0.7290248401292864,0.42776801718940216
classification,descriptor24_buffer_classifier_xgboost,descriptor24,XGBoost,dexma_only,o-additive+buffer__p-molecular_weight+concentration,0.3234757101206806,355,additive+buffer,molecular_weight+concentration,0.7290248401292864,0.40554913000860576
classification,descriptor24_buffer_classifier_xgboost,descriptor24,XGBoost,dexma_only,o-additive+buffer__p-functionalization+molecular_weight+concentration,0.29285237108218487,355,additive+buffer,functionalization+molecular_weight+concentration,0.7290248401292864,0.4361724690471015
classification,descriptor24_buffer_classifier_xgboost,descriptor24,XGBoost,dexma_only,o-salt+buffer__p-empty,0.6965518481424222,355,salt+buffer,empty,0.7290248401292864,0.03247299198686415
classification,descriptor24_buffer_classifier_xgboost,descriptor24,XGBoost,dexma_only,o-salt+buffer__p-functionalization,0.6706999019682601,355,salt+buffer,functionalization,0.7290248401292864,0.05832493816102624
classification,descriptor24_buffer_classifier_xgboost,descriptor24,XGBoost,dexma_only,o-salt+buffer__p-molecular_weight,0.6850494793699037,355,salt+buffer,molecular_weight,0.7290248401292864,0.04397536075938269
classification,descriptor24_buffer_classifier_xgboost,descriptor24,XGBoost,dexma_only,o-salt+buffer__p-concentration,0.6338150663129888,355,salt+buffer,concentration,0.7290248401292864,0.09520977381629758
classification,descriptor24_buffer_classifier_xgboost,descriptor24,XGBoost,dexma_only,o-salt+buffer__p-functionalization+molecular_weight,0.6797809284472066,355,salt+buffer,functionalization+molecular_weight,0.7290248401292864,0.049243911682079755
classification,descriptor24_buffer_classifier_xgboost,descriptor24,XGBoost,dexma_only,o-salt+buffer__p-functionalization+concentration,0.6362020611236567,355,salt+buffer,functionalization+concentration,0.7290248401292864,0.09282277900562963
classification,descriptor24_buffer_classifier_xgboost,descriptor24,XGBoost,dexma_only,o-salt+buffer__p-molecular_weight+concentration,0.6445384677368423,355,salt+buffer,molecular_weight+concentration,0.7290248401292864,0.08448637239244405
classification,descriptor24_buffer_classifier_xgboost,descriptor24,XGBoost,dexma_only,o-salt+buffer__p-functionalization+molecular_weight+concentration,0.6426751907178472,355,salt+buffer,functionalization+molecular_weight+concentration,0.7290248401292864,0.08634964941143919
classification,descriptor24_buffer_classifier_xgboost,descriptor24,XGBoost,dexma_only,o-additive+salt+buffer__p-empty,0.3839855579445406,355,additive+salt+buffer,empty,0.7290248401292864,0.3450392821847458
classification,descriptor24_buffer_classifier_xgboost,descriptor24,XGBoost,dexma_only,o-additive+salt+buffer__p-functionalization,0.3198183712129249,355,additive+salt+buffer,functionalization,0.7290248401292864,0.4092064689163615
classification,descriptor24_buffer_classifier_xgboost,descriptor24,XGBoost,dexma_only,o-additive+salt+buffer__p-molecular_weight,0.33015941306912383,355,additive+salt+buffer,molecular_weight,0.7290248401292864,0.39886542706016254
classification,descriptor24_buffer_classifier_xgboost,descriptor24,XGBoost,dexma_only,o-additive+salt+buffer__p-concentration,0.2800689758021921,355,additive+salt+buffer,concentration,0.7290248401292864,0.4489558643270943
classification,descriptor24_buffer_classifier_xgboost,descriptor24,XGBoost,dexma_only,o-additive+salt+buffer__p-functionalization+molecular_weight,0.3195127035069695,355,additive+salt+buffer,functionalization+molecular_weight,0.7290248401292864,0.4095121366223169
classification,descriptor24_buffer_classifier_xgboost,descriptor24,XGBoost,dexma_only,o-additive+salt+buffer__p-functionalization+concentration,0.27998264488014446,355,additive+salt+buffer,functionalization+concentration,0.7290248401292864,0.4490421952491419
classification,descriptor24_buffer_classifier_xgboost,descriptor24,XGBoost,dexma_only,o-additive+salt+buffer__p-molecular_weight+concentration,0.27607954420282366,355,additive+salt+buffer,molecular_weight+concentration,0.7290248401292864,0.4529452959264627
classification,descriptor24_buffer_classifier_xgboost,descriptor24,XGBoost,dexma_only,o-additive+salt+buffer__p-functionalization+molecular_weight+concentration,0.2613275149908808,355,additive+salt+buffer,functionalization+molecular_weight+concentration,0.7290248401292864,0.46769732513840556
classification,descriptor24_buffer_classifier_mlp,descriptor24,MLP,all,o-empty__p-empty,0.8247963506249546,403,empty,empty,0.8247963506249546,0.0
classification,descriptor24_buffer_classifier_mlp,descriptor24,MLP,all,o-empty__p-functionalization,0.7374168023430957,403,empty,functionalization,0.8247963506249546,0.0873795482818589
classification,descriptor24_buffer_classifier_mlp,descriptor24,MLP,all,o-empty__p-molecular_weight,0.77169582184911,403,empty,molecular_weight,0.8247963506249546,0.05310052877584459
classification,descriptor24_buffer_classifier_mlp,descriptor24,MLP,all,o-empty__p-concentration,0.7355722481950668,403,empty,concentration,0.8247963506249546,0.08922410242988776
classification,descriptor24_buffer_classifier_mlp,descriptor24,MLP,all,o-empty__p-functionalization+molecular_weight,0.7394841766560885,403,empty,functionalization+molecular_weight,0.8247963506249546,0.08531217396886615
classification,descriptor24_buffer_classifier_mlp,descriptor24,MLP,all,o-empty__p-functionalization+concentration,0.7145719770353512,403,empty,functionalization+concentration,0.8247963506249546,0.11022437358960335
classification,descriptor24_buffer_classifier_mlp,descriptor24,MLP,all,o-empty__p-molecular_weight+concentration,0.7122161051383542,403,empty,molecular_weight+concentration,0.8247963506249546,0.1125802454866004
classification,descriptor24_buffer_classifier_mlp,descriptor24,MLP,all,o-empty__p-functionalization+molecular_weight+concentration,0.7039162202093002,403,empty,functionalization+molecular_weight+concentration,0.8247963506249546,0.12088013041565437
classification,descriptor24_buffer_classifier_mlp,descriptor24,MLP,all,o-additive__p-empty,0.5629861896176144,403,additive,empty,0.8247963506249546,0.2618101610073402
classification,descriptor24_buffer_classifier_mlp,descriptor24,MLP,all,o-additive__p-functionalization,0.4972867439491819,403,additive,functionalization,0.8247963506249546,0.3275096066757727
classification,descriptor24_buffer_classifier_mlp,descriptor24,MLP,all,o-additive__p-molecular_weight,0.5317235886820914,403,additive,molecular_weight,0.8247963506249546,0.29307276194286325
classification,descriptor24_buffer_classifier_mlp,descriptor24,MLP,all,o-additive__p-concentration,0.4540114600445177,403,additive,concentration,0.8247963506249546,0.3707848905804369
classification,descriptor24_buffer_classifier_mlp,descriptor24,MLP,all,o-additive__p-functionalization+molecular_weight,0.4822877340835525,403,additive,functionalization+molecular_weight,0.8247963506249546,0.3425086165414021
classification,descriptor24_buffer_classifier_mlp,descriptor24,MLP,all,o-additive__p-functionalization+concentration,0.4509162824017137,403,additive,functionalization+concentration,0.8247963506249546,0.3738800682232409
classification,descriptor24_buffer_classifier_mlp,descriptor24,MLP,all,o-additive__p-molecular_weight+concentration,0.43292318095944055,403,additive,molecular_weight+concentration,0.8247963506249546,0.39187316966551405
classification,descriptor24_buffer_classifier_mlp,descriptor24,MLP,all,o-additive__p-functionalization+molecular_weight+concentration,0.43077106863991554,403,additive,functionalization+molecular_weight+concentration,0.8247963506249546,0.39402528198503906
classification,descriptor24_buffer_classifier_mlp,descriptor24,MLP,all,o-salt__p-empty,0.7720265272018395,403,salt,empty,0.8247963506249546,0.05276982342311509
classification,descriptor24_buffer_classifier_mlp,descriptor24,MLP,all,o-salt__p-functionalization,0.7085030088760255,403,salt,functionalization,0.8247963506249546,0.11629334174892914
classification,descriptor24_buffer_classifier_mlp,descriptor24,MLP,all,o-salt__p-molecular_weight,0.7258126443348087,403,salt,molecular_weight,0.8247963506249546,0.09898370629014586
classification,descriptor24_buffer_classifier_mlp,descriptor24,MLP,all,o-salt__p-concentration,0.6950250022268856,403,salt,concentration,0.8247963506249546,0.12977134839806903
classification,descriptor24_buffer_classifier_mlp,descriptor24,MLP,all,o-salt__p-functionalization+molecular_weight,0.7072722723128384,403,salt,functionalization+molecular_weight,0.8247963506249546,0.1175240783121162
classification,descriptor24_buffer_classifier_mlp,descriptor24,MLP,all,o-salt__p-functionalization+concentration,0.6896005963506415,403,salt,functionalization+concentration,0.8247963506249546,0.13519575427431307
classification,descriptor24_buffer_classifier_mlp,descriptor24,MLP,all,o-salt__p-molecular_weight+concentration,0.6919907983905006,403,salt,molecular_weight+concentration,0.8247963506249546,0.132805552234454
classification,descriptor24_buffer_classifier_mlp,descriptor24,MLP,all,o-salt__p-functionalization+molecular_weight+concentration,0.6906390969751854,403,salt,functionalization+molecular_weight+concentration,0.8247963506249546,0.13415725364976916
classification,descriptor24_buffer_classifier_mlp,descriptor24,MLP,all,o-buffer__p-empty,0.8228737036054848,403,buffer,empty,0.8247963506249546,0.0019226470194697587
classification,descriptor24_buffer_classifier_mlp,descriptor24,MLP,all,o-buffer__p-functionalization,0.7131814780281176,403,buffer,functionalization,0.8247963506249546,0.111614872596837
classification,descriptor24_buffer_classifier_mlp,descriptor24,MLP,all,o-buffer__p-molecular_weight,0.7627886157772901,403,buffer,molecular_weight,0.8247963506249546,0.06200773484766453
classification,descriptor24_buffer_classifier_mlp,descriptor24,MLP,all,o-buffer__p-concentration,0.7322271241051231,403,buffer,concentration,0.8247963506249546,0.09256922651983146
classification,descriptor24_buffer_classifier_mlp,descriptor24,MLP,all,o-buffer__p-functionalization+molecular_weight,0.7224163976217665,403,buffer,functionalization+molecular_weight,0.8247963506249546,0.10237995300318814
classification,descriptor24_buffer_classifier_mlp,descriptor24,MLP,all,o-buffer__p-functionalization+concentration,0.7012656786156156,403,buffer,functionalization+concentration,0.8247963506249546,0.12353067200933898
classification,descriptor24_buffer_classifier_mlp,descriptor24,MLP,all,o-buffer__p-molecular_weight+concentration,0.7060666304503459,403,buffer,molecular_weight+concentration,0.8247963506249546,0.1187297201746087
classification,descriptor24_buffer_classifier_mlp,descriptor24,MLP,all,o-buffer__p-functionalization+molecular_weight+concentration,0.6811441002943968,403,buffer,functionalization+molecular_weight+concentration,0.8247963506249546,0.14365225033055784
classification,descriptor24_buffer_classifier_mlp,descriptor24,MLP,all,o-additive+salt__p-empty,0.48488632844015866,403,additive+salt,empty,0.8247963506249546,0.33991002218479593
classification,descriptor24_buffer_classifier_mlp,descriptor24,MLP,all,o-additive+salt__p-functionalization,0.4152875071717773,403,additive+salt,functionalization,0.8247963506249546,0.4095088434531773
classification,descriptor24_buffer_classifier_mlp,descriptor24,MLP,all,o-additive+salt__p-molecular_weight,0.4514783194866755,403,additive+salt,molecular_weight,0.8247963506249546,0.3733180311382791
classification,descriptor24_buffer_classifier_mlp,descriptor24,MLP,all,o-additive+salt__p-concentration,0.3719966759293008,403,additive+salt,concentration,0.8247963506249546,0.4527996746956538
classification,descriptor24_buffer_classifier_mlp,descriptor24,MLP,all,o-additive+salt__p-functionalization+molecular_weight,0.4028154688621497,403,additive+salt,functionalization+molecular_weight,0.8247963506249546,0.4219808817628049
classification,descriptor24_buffer_classifier_mlp,descriptor24,MLP,all,o-additive+salt__p-functionalization+concentration,0.35763519773030816,403,additive+salt,functionalization+concentration,0.8247963506249546,0.46716115289464644
classification,descriptor24_buffer_classifier_mlp,descriptor24,MLP,all,o-additive+salt__p-molecular_weight+concentration,0.36069404772860475,403,additive+salt,molecular_weight+concentration,0.8247963506249546,0.46410230289634985
classification,descriptor24_buffer_classifier_mlp,descriptor24,MLP,all,o-additive+salt__p-functionalization+molecular_weight+concentration,0.34961797513813986,403,additive+salt,functionalization+molecular_weight+concentration,0.8247963506249546,0.47517837548681474
classification,descriptor24_buffer_classifier_mlp,descriptor24,MLP,all,o-additive+buffer__p-empty,0.5590506219960822,403,additive+buffer,empty,0.8247963506249546,0.26574572862887236
classification,descriptor24_buffer_classifier_mlp,descriptor24,MLP,all,o-additive+buffer__p-functionalization,0.4810444720386774,403,additive+buffer,functionalization,0.8247963506249546,0.3437518785862772
classification,descriptor24_buffer_classifier_mlp,descriptor24,MLP,all,o-additive+buffer__p-molecular_weight,0.5227070533068051,403,additive+buffer,molecular_weight,0.8247963506249546,0.3020892973181495
classification,descriptor24_buffer_classifier_mlp,descriptor24,MLP,all,o-additive+buffer__p-concentration,0.4460232352580844,403,additive+buffer,concentration,0.8247963506249546,0.3787731153668702
classification,descriptor24_buffer_classifier_mlp,descriptor24,MLP,all,o-additive+buffer__p-functionalization+molecular_weight,0.4659092083283473,403,additive+buffer,functionalization+molecular_weight,0.8247963506249546,0.3588871422966073
classification,descriptor24_buffer_classifier_mlp,descriptor24,MLP,all,o-additive+buffer__p-functionalization+concentration,0.4337273947380074,403,additive+buffer,functionalization+concentration,0.8247963506249546,0.3910689558869472
classification,descriptor24_buffer_classifier_mlp,descriptor24,MLP,all,o-additive+buffer__p-molecular_weight+concentration,0.4289497556395144,403,additive+buffer,molecular_weight+concentration,0.8247963506249546,0.3958465949854402
classification,descriptor24_buffer_classifier_mlp,descriptor24,MLP,all,o-additive+buffer__p-functionalization+molecular_weight+concentration,0.40545953654106914,403,additive+buffer,functionalization+molecular_weight+concentration,0.8247963506249546,0.41933681408388546
classification,descriptor24_buffer_classifier_mlp,descriptor24,MLP,all,o-salt+buffer__p-empty,0.7645292052361288,403,salt+buffer,empty,0.8247963506249546,0.06026714538882583
classification,descriptor24_buffer_classifier_mlp,descriptor24,MLP,all,o-salt+buffer__p-functionalization,0.6786507021489199,403,salt+buffer,functionalization,0.8247963506249546,0.14614564847603473
classification,descriptor24_buffer_classifier_mlp,descriptor24,MLP,all,o-salt+buffer__p-molecular_weight,0.7035344853675276,403,salt+buffer,molecular_weight,0.8247963506249546,0.12126186525742699
classification,descriptor24_buffer_classifier_mlp,descriptor24,MLP,all,o-salt+buffer__p-concentration,0.6777875651553548,403,salt+buffer,concentration,0.8247963506249546,0.14700878546959983
classification,descriptor24_buffer_classifier_mlp,descriptor24,MLP,all,o-salt+buffer__p-functionalization+molecular_weight,0.6767146471264949,403,salt+buffer,functionalization+molecular_weight,0.8247963506249546,0.14808170349845973
classification,descriptor24_buffer_classifier_mlp,descriptor24,MLP,all,o-salt+buffer__p-functionalization+concentration,0.6683038118189689,403,salt+buffer,functionalization+concentration,0.8247963506249546,0.15649253880598568
classification,descriptor24_buffer_classifier_mlp,descriptor24,MLP,all,o-salt+buffer__p-molecular_weight+concentration,0.6739043542045732,403,salt+buffer,molecular_weight+concentration,0.8247963506249546,0.15089199642038142
classification,descriptor24_buffer_classifier_mlp,descriptor24,MLP,all,o-salt+buffer__p-functionalization+molecular_weight+concentration,0.6645124091815804,403,salt+buffer,functionalization+molecular_weight+concentration,0.8247963506249546,0.1602839414433742
classification,descriptor24_buffer_classifier_mlp,descriptor24,MLP,all,o-additive+salt+buffer__p-empty,0.47642504449118106,403,additive+salt+buffer,empty,0.8247963506249546,0.34837130613377354
classification,descriptor24_buffer_classifier_mlp,descriptor24,MLP,all,o-additive+salt+buffer__p-functionalization,0.3852536431621344,403,additive+salt+buffer,functionalization,0.8247963506249546,0.4395427074628202
classification,descriptor24_buffer_classifier_mlp,descriptor24,MLP,all,o-additive+salt+buffer__p-molecular_weight,0.4335951583855869,403,additive+salt+buffer,molecular_weight,0.8247963506249546,0.3912011922393677
classification,descriptor24_buffer_classifier_mlp,descriptor24,MLP,all,o-additive+salt+buffer__p-concentration,0.34399596794624926,403,additive+salt+buffer,concentration,0.8247963506249546,0.48080038267870534
classification,descriptor24_buffer_classifier_mlp,descriptor24,MLP,all,o-additive+salt+buffer__p-functionalization+molecular_weight,0.3756900576090869,403,additive+salt+buffer,functionalization+molecular_weight,0.8247963506249546,0.4491062930158677
classification,descriptor24_buffer_classifier_mlp,descriptor24,MLP,all,o-additive+salt+buffer__p-functionalization+concentration,0.33349419791751134,403,additive+salt+buffer,functionalization+concentration,0.8247963506249546,0.49130215270744326
classification,descriptor24_buffer_classifier_mlp,descriptor24,MLP,all,o-additive+salt+buffer__p-molecular_weight+concentration,0.34036690350880283,403,additive+salt+buffer,molecular_weight+concentration,0.8247963506249546,0.48442944711615177
classification,descriptor24_buffer_classifier_mlp,descriptor24,MLP,all,o-additive+salt+buffer__p-functionalization+molecular_weight+concentration,0.3286062775211006,403,additive+salt+buffer,functionalization+molecular_weight+concentration,0.8247963506249546,0.496190073103854
classification,descriptor24_buffer_classifier_mlp,descriptor24,MLP,dexma_only,o-empty__p-empty,0.7290248401292864,355,empty,empty,0.7290248401292864,0.0
classification,descriptor24_buffer_classifier_mlp,descriptor24,MLP,dexma_only,o-empty__p-functionalization,0.7198215415019025,355,empty,functionalization,0.7290248401292864,0.009203298627383893
classification,descriptor24_buffer_classifier_mlp,descriptor24,MLP,dexma_only,o-empty__p-molecular_weight,0.7264897510042134,355,empty,molecular_weight,0.7290248401292864,0.0025350891250729424
classification,descriptor24_buffer_classifier_mlp,descriptor24,MLP,dexma_only,o-empty__p-concentration,0.695556239120792,355,empty,concentration,0.7290248401292864,0.03346860100849436
classification,descriptor24_buffer_classifier_mlp,descriptor24,MLP,dexma_only,o-empty__p-functionalization+molecular_weight,0.7183834346088863,355,empty,functionalization+molecular_weight,0.7290248401292864,0.010641405520400049
classification,descriptor24_buffer_classifier_mlp,descriptor24,MLP,dexma_only,o-empty__p-functionalization+concentration,0.6915070919076264,355,empty,functionalization+concentration,0.7290248401292864,0.037517748221659986
classification,descriptor24_buffer_classifier_mlp,descriptor24,MLP,dexma_only,o-empty__p-molecular_weight+concentration,0.682009143665181,355,empty,molecular_weight+concentration,0.7290248401292864,0.047015696464105416
classification,descriptor24_buffer_classifier_mlp,descriptor24,MLP,dexma_only,o-empty__p-functionalization+molecular_weight+concentration,0.680617140432335,355,empty,functionalization+molecular_weight+concentration,0.7290248401292864,0.048407699696951356
classification,descriptor24_buffer_classifier_mlp,descriptor24,MLP,dexma_only,o-additive__p-empty,0.5058988701924036,355,additive,empty,0.7290248401292864,0.22312596993688272
classification,descriptor24_buffer_classifier_mlp,descriptor24,MLP,dexma_only,o-additive__p-functionalization,0.4769486769687509,355,additive,functionalization,0.7290248401292864,0.2520761631605355
classification,descriptor24_buffer_classifier_mlp,descriptor24,MLP,dexma_only,o-additive__p-molecular_weight,0.492567862748682,355,additive,molecular_weight,0.7290248401292864,0.2364569773806044
classification,descriptor24_buffer_classifier_mlp,descriptor24,MLP,dexma_only,o-additive__p-concentration,0.42395148890367457,355,additive,concentration,0.7290248401292864,0.3050733512256118
classification,descriptor24_buffer_classifier_mlp,descriptor24,MLP,dexma_only,o-additive__p-functionalization+molecular_weight,0.46145523563085666,355,additive,functionalization+molecular_weight,0.7290248401292864,0.2675696044984297
classification,descriptor24_buffer_classifier_mlp,descriptor24,MLP,dexma_only,o-additive__p-functionalization+concentration,0.4248763718129967,355,additive,functionalization+concentration,0.7290248401292864,0.30414846831628967
classification,descriptor24_buffer_classifier_mlp,descriptor24,MLP,dexma_only,o-additive__p-molecular_weight+concentration,0.4051692651209426,355,additive,molecular_weight+concentration,0.7290248401292864,0.3238555750083438
classification,descriptor24_buffer_classifier_mlp,descriptor24,MLP,dexma_only,o-additive__p-functionalization+molecular_weight+concentration,0.40183988154887307,355,additive,functionalization+molecular_weight+concentration,0.7290248401292864,0.3271849585804133
classification,descriptor24_buffer_classifier_mlp,descriptor24,MLP,dexma_only,o-salt__p-empty,0.6922066539470538,355,salt,empty,0.7290248401292864,0.03681818618223254
classification,descriptor24_buffer_classifier_mlp,descriptor24,MLP,dexma_only,o-salt__p-functionalization,0.6831611960779634,355,salt,functionalization,0.7290248401292864,0.04586364405132293
classification,descriptor24_buffer_classifier_mlp,descriptor24,MLP,dexma_only,o-salt__p-molecular_weight,0.6792173618997708,355,salt,molecular_weight,0.7290248401292864,0.04980747822951559
classification,descriptor24_buffer_classifier_mlp,descriptor24,MLP,dexma_only,o-salt__p-concentration,0.6609329373632223,355,salt,concentration,0.7290248401292864,0.06809190276606403
classification,descriptor24_buffer_classifier_mlp,descriptor24,MLP,dexma_only,o-salt__p-functionalization+molecular_weight,0.6844456903301652,355,salt,functionalization+molecular_weight,0.7290248401292864,0.04457914979912114
classification,descriptor24_buffer_classifier_mlp,descriptor24,MLP,dexma_only,o-salt__p-functionalization+concentration,0.666676284564461,355,salt,functionalization+concentration,0.7290248401292864,0.062348555564825325
classification,descriptor24_buffer_classifier_mlp,descriptor24,MLP,dexma_only,o-salt__p-molecular_weight+concentration,0.6626573824128535,355,salt,molecular_weight+concentration,0.7290248401292864,0.06636745771643282
classification,descriptor24_buffer_classifier_mlp,descriptor24,MLP,dexma_only,o-salt__p-functionalization+molecular_weight+concentration,0.6649513884989244,355,salt,functionalization+molecular_weight+concentration,0.7290248401292864,0.06407345163036193
classification,descriptor24_buffer_classifier_mlp,descriptor24,MLP,dexma_only,o-buffer__p-empty,0.7300737214205252,355,buffer,empty,0.7290248401292864,-0.0010488812912388124
classification,descriptor24_buffer_classifier_mlp,descriptor24,MLP,dexma_only,o-buffer__p-functionalization,0.7161990371194118,355,buffer,functionalization,0.7290248401292864,0.01282580300987457
classification,descriptor24_buffer_classifier_mlp,descriptor24,MLP,dexma_only,o-buffer__p-molecular_weight,0.7264065708181721,355,buffer,molecular_weight,0.7290248401292864,0.0026182693111143074
classification,descriptor24_buffer_classifier_mlp,descriptor24,MLP,dexma_only,o-buffer__p-concentration,0.6944586567516482,355,buffer,concentration,0.7290248401292864,0.03456618337763817
classification,descriptor24_buffer_classifier_mlp,descriptor24,MLP,dexma_only,o-buffer__p-functionalization+molecular_weight,0.7155633475483458,355,buffer,functionalization+molecular_weight,0.7290248401292864,0.013461492580940537
classification,descriptor24_buffer_classifier_mlp,descriptor24,MLP,dexma_only,o-buffer__p-functionalization+concentration,0.6879749989793348,355,buffer,functionalization+concentration,0.7290248401292864,0.04104984114995158
classification,descriptor24_buffer_classifier_mlp,descriptor24,MLP,dexma_only,o-buffer__p-molecular_weight+concentration,0.6810472232156557,355,buffer,molecular_weight+concentration,0.7290248401292864,0.04797761691363067
classification,descriptor24_buffer_classifier_mlp,descriptor24,MLP,dexma_only,o-buffer__p-functionalization+molecular_weight+concentration,0.6687223497340369,355,buffer,functionalization+molecular_weight+concentration,0.7290248401292864,0.060302490395249486
classification,descriptor24_buffer_classifier_mlp,descriptor24,MLP,dexma_only,o-additive+salt__p-empty,0.40555285433760946,355,additive+salt,empty,0.7290248401292864,0.3234719857916769
classification,descriptor24_buffer_classifier_mlp,descriptor24,MLP,dexma_only,o-additive+salt__p-functionalization,0.37573248252004643,355,additive+salt,functionalization,0.7290248401292864,0.35329235760923994
classification,descriptor24_buffer_classifier_mlp,descriptor24,MLP,dexma_only,o-additive+salt__p-molecular_weight,0.3886874332198897,355,additive+salt,molecular_weight,0.7290248401292864,0.3403374069093967
classification,descriptor24_buffer_classifier_mlp,descriptor24,MLP,dexma_only,o-additive+salt__p-concentration,0.3292317207050223,355,additive+salt,concentration,0.7290248401292864,0.39979311942426404
classification,descriptor24_buffer_classifier_mlp,descriptor24,MLP,dexma_only,o-additive+salt__p-functionalization+molecular_weight,0.36189407263868373,355,additive+salt,functionalization+molecular_weight,0.7290248401292864,0.36713076749060264
classification,descriptor24_buffer_classifier_mlp,descriptor24,MLP,dexma_only,o-additive+salt__p-functionalization+concentration,0.3153573966182897,355,additive+salt,functionalization+concentration,0.7290248401292864,0.41366744351099666
classification,descriptor24_buffer_classifier_mlp,descriptor24,MLP,dexma_only,o-additive+salt__p-molecular_weight+concentration,0.31479965708373264,355,additive+salt,molecular_weight+concentration,0.7290248401292864,0.4142251830455537
classification,descriptor24_buffer_classifier_mlp,descriptor24,MLP,dexma_only,o-additive+salt__p-functionalization+molecular_weight+concentration,0.31053357613170707,355,additive+salt,functionalization+molecular_weight+concentration,0.7290248401292864,0.4184912639975793
classification,descriptor24_buffer_classifier_mlp,descriptor24,MLP,dexma_only,o-additive+buffer__p-empty,0.5049788352874107,355,additive+buffer,empty,0.7290248401292864,0.22404600484187565
classification,descriptor24_buffer_classifier_mlp,descriptor24,MLP,dexma_only,o-additive+buffer__p-functionalization,0.4789108442420445,355,additive+buffer,functionalization,0.7290248401292864,0.25011399588724187
classification,descriptor24_buffer_classifier_mlp,descriptor24,MLP,dexma_only,o-additive+buffer__p-molecular_weight,0.49364577880379074,355,additive+buffer,molecular_weight,0.7290248401292864,0.23537906132549563
classification,descriptor24_buffer_classifier_mlp,descriptor24,MLP,dexma_only,o-additive+buffer__p-concentration,0.42026168635919126,355,additive+buffer,concentration,0.7290248401292864,0.3087631537700951
classification,descriptor24_buffer_classifier_mlp,descriptor24,MLP,dexma_only,o-additive+buffer__p-functionalization+molecular_weight,0.4568402708684611,355,additive+buffer,functionalization+molecular_weight,0.7290248401292864,0.2721845692608253
classification,descriptor24_buffer_classifier_mlp,descriptor24,MLP,dexma_only,o-additive+buffer__p-functionalization+concentration,0.41426843538363267,355,additive+buffer,functionalization+concentration,0.7290248401292864,0.3147564047456537
classification,descriptor24_buffer_classifier_mlp,descriptor24,MLP,dexma_only,o-additive+buffer__p-molecular_weight+concentration,0.4071863301430219,355,additive+buffer,molecular_weight+concentration,0.7290248401292864,0.32183850998626445
classification,descriptor24_buffer_classifier_mlp,descriptor24,MLP,dexma_only,o-additive+buffer__p-functionalization+molecular_weight+concentration,0.39456690797378974,355,additive+buffer,functionalization+molecular_weight+concentration,0.7290248401292864,0.33445793215549663
classification,descriptor24_buffer_classifier_mlp,descriptor24,MLP,dexma_only,o-salt+buffer__p-empty,0.6795848469352956,355,salt+buffer,empty,0.7290248401292864,0.04943999319399073
classification,descriptor24_buffer_classifier_mlp,descriptor24,MLP,dexma_only,o-salt+buffer__p-functionalization,0.6675691126636237,355,salt+buffer,functionalization,0.7290248401292864,0.061455727465662635
classification,descriptor24_buffer_classifier_mlp,descriptor24,MLP,dexma_only,o-salt+buffer__p-molecular_weight,0.6654841383370224,355,salt+buffer,molecular_weight,0.7290248401292864,0.06354070179226401
classification,descriptor24_buffer_classifier_mlp,descriptor24,MLP,dexma_only,o-salt+buffer__p-concentration,0.6530820453956508,355,salt+buffer,concentration,0.7290248401292864,0.07594279473363552
classification,descriptor24_buffer_classifier_mlp,descriptor24,MLP,dexma_only,o-salt+buffer__p-functionalization+molecular_weight,0.6650864830654118,355,salt+buffer,functionalization+molecular_weight,0.7290248401292864,0.06393835706387452
classification,descriptor24_buffer_classifier_mlp,descriptor24,MLP,dexma_only,o-salt+buffer__p-functionalization+concentration,0.6543191223766374,355,salt+buffer,functionalization+concentration,0.7290248401292864,0.074705717752649
classification,descriptor24_buffer_classifier_mlp,descriptor24,MLP,dexma_only,o-salt+buffer__p-molecular_weight+concentration,0.6453439801894918,355,salt+buffer,molecular_weight+concentration,0.7290248401292864,0.08368085993979457
classification,descriptor24_buffer_classifier_mlp,descriptor24,MLP,dexma_only,o-salt+buffer__p-functionalization+molecular_weight+concentration,0.6487821132982184,355,salt+buffer,functionalization+molecular_weight+concentration,0.7290248401292864,0.08024272683106792
classification,descriptor24_buffer_classifier_mlp,descriptor24,MLP,dexma_only,o-additive+salt+buffer__p-empty,0.4004383573205611,355,additive+salt+buffer,empty,0.7290248401292864,0.32858648280872527
classification,descriptor24_buffer_classifier_mlp,descriptor24,MLP,dexma_only,o-additive+salt+buffer__p-functionalization,0.3664282464012366,355,additive+salt+buffer,functionalization,0.7290248401292864,0.36259659372804975
classification,descriptor24_buffer_classifier_mlp,descriptor24,MLP,dexma_only,o-additive+salt+buffer__p-molecular_weight,0.3850337557189938,355,additive+salt+buffer,molecular_weight,0.7290248401292864,0.3439910844102926
classification,descriptor24_buffer_classifier_mlp,descriptor24,MLP,dexma_only,o-additive+salt+buffer__p-concentration,0.30881353582876075,355,additive+salt+buffer,concentration,0.7290248401292864,0.4202113043005256
classification,descriptor24_buffer_classifier_mlp,descriptor24,MLP,dexma_only,o-additive+salt+buffer__p-functionalization+molecular_weight,0.3520780656667125,355,additive+salt+buffer,functionalization+molecular_weight,0.7290248401292864,0.37694677446257385
classification,descriptor24_buffer_classifier_mlp,descriptor24,MLP,dexma_only,o-additive+salt+buffer__p-functionalization+concentration,0.31054773346346703,355,additive+salt+buffer,functionalization+concentration,0.7290248401292864,0.41847710666581933
classification,descriptor24_buffer_classifier_mlp,descriptor24,MLP,dexma_only,o-additive+salt+buffer__p-molecular_weight+concentration,0.3100970297773256,355,additive+salt+buffer,molecular_weight+concentration,0.7290248401292864,0.41892781035196075
classification,descriptor24_buffer_classifier_mlp,descriptor24,MLP,dexma_only,o-additive+salt+buffer__p-functionalization+molecular_weight+concentration,0.30451510001053456,355,additive+salt+buffer,functionalization+molecular_weight+concentration,0.7290248401292864,0.4245097401187518
classification,two_slot_pca38_buffer_classifier_xgboost,two_slot38,XGBoost,all,o-empty__p-empty,0.8247963506249546,403,empty,empty,0.8247963506249546,0.0
classification,two_slot_pca38_buffer_classifier_xgboost,two_slot38,XGBoost,all,o-empty__p-functionalization,0.7122154867561533,403,empty,functionalization,0.8247963506249546,0.11258086386880128
classification,two_slot_pca38_buffer_classifier_xgboost,two_slot38,XGBoost,all,o-empty__p-molecular_weight,0.7370469897518486,403,empty,molecular_weight,0.8247963506249546,0.08774936087310603
classification,two_slot_pca38_buffer_classifier_xgboost,two_slot38,XGBoost,all,o-empty__p-concentration,0.669206957673091,403,empty,concentration,0.8247963506249546,0.15558939295186358
classification,two_slot_pca38_buffer_classifier_xgboost,two_slot38,XGBoost,all,o-empty__p-functionalization+molecular_weight,0.7167963725959453,403,empty,functionalization+molecular_weight,0.8247963506249546,0.10799997802900929
classification,two_slot_pca38_buffer_classifier_xgboost,two_slot38,XGBoost,all,o-empty__p-functionalization+concentration,0.6647844445101139,403,empty,functionalization+concentration,0.8247963506249546,0.16001190611484073
classification,two_slot_pca38_buffer_classifier_xgboost,two_slot38,XGBoost,all,o-empty__p-molecular_weight+concentration,0.6803634239230435,403,empty,molecular_weight+concentration,0.8247963506249546,0.1444329267019111
classification,two_slot_pca38_buffer_classifier_xgboost,two_slot38,XGBoost,all,o-empty__p-functionalization+molecular_weight+concentration,0.6782287201735514,403,empty,functionalization+molecular_weight+concentration,0.8247963506249546,0.1465676304514032
classification,two_slot_pca38_buffer_classifier_xgboost,two_slot38,XGBoost,all,o-additive__p-empty,0.5245126706046718,403,additive,empty,0.8247963506249546,0.30028368002028283
classification,two_slot_pca38_buffer_classifier_xgboost,two_slot38,XGBoost,all,o-additive__p-functionalization,0.4116715862600758,403,additive,functionalization,0.8247963506249546,0.4131247643648788
classification,two_slot_pca38_buffer_classifier_xgboost,two_slot38,XGBoost,all,o-additive__p-molecular_weight,0.45158863438701397,403,additive,molecular_weight,0.8247963506249546,0.37320771623794063
classification,two_slot_pca38_buffer_classifier_xgboost,two_slot38,XGBoost,all,o-additive__p-concentration,0.38851311571357344,403,additive,concentration,0.8247963506249546,0.43628323491138116
classification,two_slot_pca38_buffer_classifier_xgboost,two_slot38,XGBoost,all,o-additive__p-functionalization+molecular_weight,0.42405263595520853,403,additive,functionalization+molecular_weight,0.8247963506249546,0.40074371466974607
classification,two_slot_pca38_buffer_classifier_xgboost,two_slot38,XGBoost,all,o-additive__p-functionalization+concentration,0.37378072596150913,403,additive,functionalization+concentration,0.8247963506249546,0.45101562466344547
classification,two_slot_pca38_buffer_classifier_xgboost,two_slot38,XGBoost,all,o-additive__p-molecular_weight+concentration,0.3866968545001627,403,additive,molecular_weight+concentration,0.8247963506249546,0.4380994961247919
classification,two_slot_pca38_buffer_classifier_xgboost,two_slot38,XGBoost,all,o-additive__p-functionalization+molecular_weight+concentration,0.36264655920047445,403,additive,functionalization+molecular_weight+concentration,0.8247963506249546,0.46214979142448015
classification,two_slot_pca38_buffer_classifier_xgboost,two_slot38,XGBoost,all,o-salt__p-empty,0.7878654723481507,403,salt,empty,0.8247963506249546,0.03693087827680386
classification,two_slot_pca38_buffer_classifier_xgboost,two_slot38,XGBoost,all,o-salt__p-functionalization,0.7061359001904174,403,salt,functionalization,0.8247963506249546,0.11866045043453721
classification,two_slot_pca38_buffer_classifier_xgboost,two_slot38,XGBoost,all,o-salt__p-molecular_weight,0.7214887800049008,403,salt,molecular_weight,0.8247963506249546,0.1033075706200538
classification,two_slot_pca38_buffer_classifier_xgboost,two_slot38,XGBoost,all,o-salt__p-concentration,0.6695287328295471,403,salt,concentration,0.8247963506249546,0.15526761779540754
classification,two_slot_pca38_buffer_classifier_xgboost,two_slot38,XGBoost,all,o-salt__p-functionalization+molecular_weight,0.7137620413578262,403,salt,functionalization+molecular_weight,0.8247963506249546,0.11103430926712843
classification,two_slot_pca38_buffer_classifier_xgboost,two_slot38,XGBoost,all,o-salt__p-functionalization+concentration,0.6696631809698317,403,salt,functionalization+concentration,0.8247963506249546,0.15513316965512292
classification,two_slot_pca38_buffer_classifier_xgboost,two_slot38,XGBoost,all,o-salt__p-molecular_weight+concentration,0.6788680679420952,403,salt,molecular_weight+concentration,0.8247963506249546,0.1459282826828594
classification,two_slot_pca38_buffer_classifier_xgboost,two_slot38,XGBoost,all,o-salt__p-functionalization+molecular_weight+concentration,0.6769263694163787,403,salt,functionalization+molecular_weight+concentration,0.8247963506249546,0.14786998120857586
classification,two_slot_pca38_buffer_classifier_xgboost,two_slot38,XGBoost,all,o-buffer__p-empty,0.8208750642351718,403,buffer,empty,0.8247963506249546,0.003921286389782841
classification,two_slot_pca38_buffer_classifier_xgboost,two_slot38,XGBoost,all,o-buffer__p-functionalization,0.7084004961988589,403,buffer,functionalization,0.8247963506249546,0.11639585442609568
classification,two_slot_pca38_buffer_classifier_xgboost,two_slot38,XGBoost,all,o-buffer__p-molecular_weight,0.7300263868830112,403,buffer,molecular_weight,0.8247963506249546,0.09476996374194335
classification,two_slot_pca38_buffer_classifier_xgboost,two_slot38,XGBoost,all,o-buffer__p-concentration,0.6699566170447022,403,buffer,concentration,0.8247963506249546,0.15483973358025238
classification,two_slot_pca38_buffer_classifier_xgboost,two_slot38,XGBoost,all,o-buffer__p-functionalization+molecular_weight,0.6982209047820365,403,buffer,functionalization+molecular_weight,0.8247963506249546,0.12657544584291813
classification,two_slot_pca38_buffer_classifier_xgboost,two_slot38,XGBoost,all,o-buffer__p-functionalization+concentration,0.6350570562163202,403,buffer,functionalization+concentration,0.8247963506249546,0.18973929440863435
classification,two_slot_pca38_buffer_classifier_xgboost,two_slot38,XGBoost,all,o-buffer__p-molecular_weight+concentration,0.6597996799647261,403,buffer,molecular_weight+concentration,0.8247963506249546,0.1649966706602285
classification,two_slot_pca38_buffer_classifier_xgboost,two_slot38,XGBoost,all,o-buffer__p-functionalization+molecular_weight+concentration,0.6545654476594375,403,buffer,functionalization+molecular_weight+concentration,0.8247963506249546,0.17023090296551713
classification,two_slot_pca38_buffer_classifier_xgboost,two_slot38,XGBoost,all,o-additive+salt__p-empty,0.45677758331165647,403,additive+salt,empty,0.8247963506249546,0.36801876731329813
classification,two_slot_pca38_buffer_classifier_xgboost,two_slot38,XGBoost,all,o-additive+salt__p-functionalization,0.35273415959532384,403,additive+salt,functionalization,0.8247963506249546,0.47206219102963076
classification,two_slot_pca38_buffer_classifier_xgboost,two_slot38,XGBoost,all,o-additive+salt__p-molecular_weight,0.35235673742338375,403,additive+salt,molecular_weight,0.8247963506249546,0.47243961320157085
classification,two_slot_pca38_buffer_classifier_xgboost,two_slot38,XGBoost,all,o-additive+salt__p-concentration,0.32293192592554326,403,additive+salt,concentration,0.8247963506249546,0.5018644246994113
classification,two_slot_pca38_buffer_classifier_xgboost,two_slot38,XGBoost,all,o-additive+salt__p-functionalization+molecular_weight,0.34937391922303496,403,additive+salt,functionalization+molecular_weight,0.8247963506249546,0.47542243140191964
classification,two_slot_pca38_buffer_classifier_xgboost,two_slot38,XGBoost,all,o-additive+salt__p-functionalization+concentration,0.328581348837073,403,additive+salt,functionalization+concentration,0.8247963506249546,0.4962150017878816
classification,two_slot_pca38_buffer_classifier_xgboost,two_slot38,XGBoost,all,o-additive+salt__p-molecular_weight+concentration,0.31971528362812235,403,additive+salt,molecular_weight+concentration,0.8247963506249546,0.5050810669968322
classification,two_slot_pca38_buffer_classifier_xgboost,two_slot38,XGBoost,all,o-additive+salt__p-functionalization+molecular_weight+concentration,0.31051007041506495,403,additive+salt,functionalization+molecular_weight+concentration,0.8247963506249546,0.5142862802098896
classification,two_slot_pca38_buffer_classifier_xgboost,two_slot38,XGBoost,all,o-additive+buffer__p-empty,0.5235243331125391,403,additive+buffer,empty,0.8247963506249546,0.3012720175124155
classification,two_slot_pca38_buffer_classifier_xgboost,two_slot38,XGBoost,all,o-additive+buffer__p-functionalization,0.3667371887902091,403,additive+buffer,functionalization,0.8247963506249546,0.4580591618347455
classification,two_slot_pca38_buffer_classifier_xgboost,two_slot38,XGBoost,all,o-additive+buffer__p-molecular_weight,0.41191757291082076,403,additive+buffer,molecular_weight,0.8247963506249546,0.41287877771413384
classification,two_slot_pca38_buffer_classifier_xgboost,two_slot38,XGBoost,all,o-additive+buffer__p-concentration,0.3428321158757439,403,additive+buffer,concentration,0.8247963506249546,0.4819642347492107
classification,two_slot_pca38_buffer_classifier_xgboost,two_slot38,XGBoost,all,o-additive+buffer__p-functionalization+molecular_weight,0.382380015162582,403,additive+buffer,functionalization+molecular_weight,0.8247963506249546,0.4424163354623726
classification,two_slot_pca38_buffer_classifier_xgboost,two_slot38,XGBoost,all,o-additive+buffer__p-functionalization+concentration,0.3194708447259831,403,additive+buffer,functionalization+concentration,0.8247963506249546,0.5053255058989715
classification,two_slot_pca38_buffer_classifier_xgboost,two_slot38,XGBoost,all,o-additive+buffer__p-molecular_weight+concentration,0.3397040346040891,403,additive+buffer,molecular_weight+concentration,0.8247963506249546,0.4850923160208655
classification,two_slot_pca38_buffer_classifier_xgboost,two_slot38,XGBoost,all,o-additive+buffer__p-functionalization+molecular_weight+concentration,0.31163863060020386,403,additive+buffer,functionalization+molecular_weight+concentration,0.8247963506249546,0.5131577200247508
classification,two_slot_pca38_buffer_classifier_xgboost,two_slot38,XGBoost,all,o-salt+buffer__p-empty,0.7826480975529169,403,salt+buffer,empty,0.8247963506249546,0.042148253072037734
classification,two_slot_pca38_buffer_classifier_xgboost,two_slot38,XGBoost,all,o-salt+buffer__p-functionalization,0.6851942387082028,403,salt+buffer,functionalization,0.8247963506249546,0.13960211191675176
classification,two_slot_pca38_buffer_classifier_xgboost,two_slot38,XGBoost,all,o-salt+buffer__p-molecular_weight,0.7017778823044929,403,salt+buffer,molecular_weight,0.8247963506249546,0.1230184683204617
classification,two_slot_pca38_buffer_classifier_xgboost,two_slot38,XGBoost,all,o-salt+buffer__p-concentration,0.6531611484133019,403,salt+buffer,concentration,0.8247963506249546,0.17163520221165274
classification,two_slot_pca38_buffer_classifier_xgboost,two_slot38,XGBoost,all,o-salt+buffer__p-functionalization+molecular_weight,0.6970656822697315,403,salt+buffer,functionalization+molecular_weight,0.8247963506249546,0.12773066835522306
classification,two_slot_pca38_buffer_classifier_xgboost,two_slot38,XGBoost,all,o-salt+buffer__p-functionalization+concentration,0.6541269307348662,403,salt+buffer,functionalization+concentration,0.8247963506249546,0.17066941989008844
classification,two_slot_pca38_buffer_classifier_xgboost,two_slot38,XGBoost,all,o-salt+buffer__p-molecular_weight+concentration,0.6642365857159133,403,salt+buffer,molecular_weight+concentration,0.8247963506249546,0.16055976490904134
classification,two_slot_pca38_buffer_classifier_xgboost,two_slot38,XGBoost,all,o-salt+buffer__p-functionalization+molecular_weight+concentration,0.6619117227608949,403,salt+buffer,functionalization+molecular_weight+concentration,0.8247963506249546,0.16288462786405966
classification,two_slot_pca38_buffer_classifier_xgboost,two_slot38,XGBoost,all,o-additive+salt+buffer__p-empty,0.45380868518535233,403,additive+salt+buffer,empty,0.8247963506249546,0.37098766543960227
classification,two_slot_pca38_buffer_classifier_xgboost,two_slot38,XGBoost,all,o-additive+salt+buffer__p-functionalization,0.3204584502528198,403,additive+salt+buffer,functionalization,0.8247963506249546,0.5043379003721348
classification,two_slot_pca38_buffer_classifier_xgboost,two_slot38,XGBoost,all,o-additive+salt+buffer__p-molecular_weight,0.32442183581884076,403,additive+salt+buffer,molecular_weight,0.8247963506249546,0.5003745148061138
classification,two_slot_pca38_buffer_classifier_xgboost,two_slot38,XGBoost,all,o-additive+salt+buffer__p-concentration,0.28615857518672744,403,additive+salt+buffer,concentration,0.8247963506249546,0.5386377754382272
classification,two_slot_pca38_buffer_classifier_xgboost,two_slot38,XGBoost,all,o-additive+salt+buffer__p-functionalization+molecular_weight,0.3208381152898319,403,additive+salt+buffer,functionalization+molecular_weight,0.8247963506249546,0.5039582353351226
classification,two_slot_pca38_buffer_classifier_xgboost,two_slot38,XGBoost,all,o-additive+salt+buffer__p-functionalization+concentration,0.28952895757009,403,additive+salt+buffer,functionalization+concentration,0.8247963506249546,0.5352673930548646
classification,two_slot_pca38_buffer_classifier_xgboost,two_slot38,XGBoost,all,o-additive+salt+buffer__p-molecular_weight+concentration,0.2824367120090468,403,additive+salt+buffer,molecular_weight+concentration,0.8247963506249546,0.5423596386159077
classification,two_slot_pca38_buffer_classifier_xgboost,two_slot38,XGBoost,all,o-additive+salt+buffer__p-functionalization+molecular_weight+concentration,0.27397249745645197,403,additive+salt+buffer,functionalization+molecular_weight+concentration,0.8247963506249546,0.5508238531685026
classification,two_slot_pca38_buffer_classifier_xgboost,two_slot38,XGBoost,dexma_only,o-empty__p-empty,0.7290248401292864,355,empty,empty,0.7290248401292864,0.0
classification,two_slot_pca38_buffer_classifier_xgboost,two_slot38,XGBoost,dexma_only,o-empty__p-functionalization,0.6955466482338833,355,empty,functionalization,0.7290248401292864,0.03347819189540302
classification,two_slot_pca38_buffer_classifier_xgboost,two_slot38,XGBoost,dexma_only,o-empty__p-molecular_weight,0.7237416015596346,355,empty,molecular_weight,0.7290248401292864,0.005283238569651738
classification,two_slot_pca38_buffer_classifier_xgboost,two_slot38,XGBoost,dexma_only,o-empty__p-concentration,0.6467212842471753,355,empty,concentration,0.7290248401292864,0.08230355588211102
classification,two_slot_pca38_buffer_classifier_xgboost,two_slot38,XGBoost,dexma_only,o-empty__p-functionalization+molecular_weight,0.7007515192341349,355,empty,functionalization+molecular_weight,0.7290248401292864,0.028273320895151444
classification,two_slot_pca38_buffer_classifier_xgboost,two_slot38,XGBoost,dexma_only,o-empty__p-functionalization+concentration,0.6416726456775258,355,empty,functionalization+concentration,0.7290248401292864,0.08735219445176057
classification,two_slot_pca38_buffer_classifier_xgboost,two_slot38,XGBoost,dexma_only,o-empty__p-molecular_weight+concentration,0.659353970951603,355,empty,molecular_weight+concentration,0.7290248401292864,0.06967086917768339
classification,two_slot_pca38_buffer_classifier_xgboost,two_slot38,XGBoost,dexma_only,o-empty__p-functionalization+molecular_weight+concentration,0.6568830005563588,355,empty,functionalization+molecular_weight+concentration,0.7290248401292864,0.07214183957292752
classification,two_slot_pca38_buffer_classifier_xgboost,two_slot38,XGBoost,dexma_only,o-additive__p-empty,0.4631493298022867,355,additive,empty,0.7290248401292864,0.2658755103269997
classification,two_slot_pca38_buffer_classifier_xgboost,two_slot38,XGBoost,dexma_only,o-additive__p-functionalization,0.37270220327173015,355,additive,functionalization,0.7290248401292864,0.3563226368575562
classification,two_slot_pca38_buffer_classifier_xgboost,two_slot38,XGBoost,dexma_only,o-additive__p-molecular_weight,0.4183990486061379,355,additive,molecular_weight,0.7290248401292864,0.31062579152314845
classification,two_slot_pca38_buffer_classifier_xgboost,two_slot38,XGBoost,dexma_only,o-additive__p-concentration,0.3420851995311787,355,additive,concentration,0.7290248401292864,0.38693964059810765
classification,two_slot_pca38_buffer_classifier_xgboost,two_slot38,XGBoost,dexma_only,o-additive__p-functionalization+molecular_weight,0.38632827809843084,355,additive,functionalization+molecular_weight,0.7290248401292864,0.3426965620308555
classification,two_slot_pca38_buffer_classifier_xgboost,two_slot38,XGBoost,dexma_only,o-additive__p-functionalization+concentration,0.3209963395912719,355,additive,functionalization+concentration,0.7290248401292864,0.4080285005380145
classification,two_slot_pca38_buffer_classifier_xgboost,two_slot38,XGBoost,dexma_only,o-additive__p-molecular_weight+concentration,0.3363886666855783,355,additive,molecular_weight+concentration,0.7290248401292864,0.39263617344370805
classification,two_slot_pca38_buffer_classifier_xgboost,two_slot38,XGBoost,dexma_only,o-additive__p-functionalization+molecular_weight+concentration,0.30983047094856947,355,additive,functionalization+molecular_weight+concentration,0.7290248401292864,0.4191943691807169
classification,two_slot_pca38_buffer_classifier_xgboost,two_slot38,XGBoost,dexma_only,o-salt__p-empty,0.7011993965684138,355,salt,empty,0.7290248401292864,0.027825443560872576
classification,two_slot_pca38_buffer_classifier_xgboost,two_slot38,XGBoost,dexma_only,o-salt__p-functionalization,0.6750794442262967,355,salt,functionalization,0.7290248401292864,0.053945395902989635
classification,two_slot_pca38_buffer_classifier_xgboost,two_slot38,XGBoost,dexma_only,o-salt__p-molecular_weight,0.6927181681387187,355,salt,molecular_weight,0.7290248401292864,0.036306671990567696
classification,two_slot_pca38_buffer_classifier_xgboost,two_slot38,XGBoost,dexma_only,o-salt__p-concentration,0.6336528784276434,355,salt,concentration,0.7290248401292864,0.09537196170164297
classification,two_slot_pca38_buffer_classifier_xgboost,two_slot38,XGBoost,dexma_only,o-salt__p-functionalization+molecular_weight,0.6840532723546707,355,salt,functionalization+molecular_weight,0.7290248401292864,0.04497156777461564
classification,two_slot_pca38_buffer_classifier_xgboost,two_slot38,XGBoost,dexma_only,o-salt__p-functionalization+concentration,0.6331581264880447,355,salt,functionalization+concentration,0.7290248401292864,0.09586671364124166
classification,two_slot_pca38_buffer_classifier_xgboost,two_slot38,XGBoost,dexma_only,o-salt__p-molecular_weight+concentration,0.6438682980985801,355,salt,molecular_weight+concentration,0.7290248401292864,0.08515654203070622
classification,two_slot_pca38_buffer_classifier_xgboost,two_slot38,XGBoost,dexma_only,o-salt__p-functionalization+molecular_weight+concentration,0.6420648025022453,355,salt,functionalization+molecular_weight+concentration,0.7290248401292864,0.08696003762704108
classification,two_slot_pca38_buffer_classifier_xgboost,two_slot38,XGBoost,dexma_only,o-buffer__p-empty,0.7266899960343688,355,buffer,empty,0.7290248401292864,0.0023348440949175764
classification,two_slot_pca38_buffer_classifier_xgboost,two_slot38,XGBoost,dexma_only,o-buffer__p-functionalization,0.695358441938538,355,buffer,functionalization,0.7290248401292864,0.03366639819074835
classification,two_slot_pca38_buffer_classifier_xgboost,two_slot38,XGBoost,dexma_only,o-buffer__p-molecular_weight,0.7211495442262303,355,buffer,molecular_weight,0.7290248401292864,0.007875295903056023
classification,two_slot_pca38_buffer_classifier_xgboost,two_slot38,XGBoost,dexma_only,o-buffer__p-concentration,0.6516098601169221,355,buffer,concentration,0.7290248401292864,0.07741498001236424
classification,two_slot_pca38_buffer_classifier_xgboost,two_slot38,XGBoost,dexma_only,o-buffer__p-functionalization+molecular_weight,0.7049133095045221,355,buffer,functionalization+molecular_weight,0.7290248401292864,0.024111530624764232
classification,two_slot_pca38_buffer_classifier_xgboost,two_slot38,XGBoost,dexma_only,o-buffer__p-functionalization+concentration,0.6331315041026933,355,buffer,functionalization+concentration,0.7290248401292864,0.09589333602659311
classification,two_slot_pca38_buffer_classifier_xgboost,two_slot38,XGBoost,dexma_only,o-buffer__p-molecular_weight+concentration,0.6612247487024687,355,buffer,molecular_weight+concentration,0.7290248401292864,0.06780009142681764
classification,two_slot_pca38_buffer_classifier_xgboost,two_slot38,XGBoost,dexma_only,o-buffer__p-functionalization+molecular_weight+concentration,0.6552981416187185,355,buffer,functionalization+molecular_weight+concentration,0.7290248401292864,0.0737266985105679
classification,two_slot_pca38_buffer_classifier_xgboost,two_slot38,XGBoost,dexma_only,o-additive+salt__p-empty,0.3676313932159518,355,additive+salt,empty,0.7290248401292864,0.3613934469133346
classification,two_slot_pca38_buffer_classifier_xgboost,two_slot38,XGBoost,dexma_only,o-additive+salt__p-functionalization,0.32093716132249184,355,additive+salt,functionalization,0.7290248401292864,0.40808767880679453
classification,two_slot_pca38_buffer_classifier_xgboost,two_slot38,XGBoost,dexma_only,o-additive+salt__p-molecular_weight,0.32374883166842267,355,additive+salt,molecular_weight,0.7290248401292864,0.4052760084608637
classification,two_slot_pca38_buffer_classifier_xgboost,two_slot38,XGBoost,dexma_only,o-additive+salt__p-concentration,0.2836947899447788,355,additive+salt,concentration,0.7290248401292864,0.44533005018450755
classification,two_slot_pca38_buffer_classifier_xgboost,two_slot38,XGBoost,dexma_only,o-additive+salt__p-functionalization+molecular_weight,0.3185311153757217,355,additive+salt,functionalization+molecular_weight,0.7290248401292864,0.41049372475356466
classification,two_slot_pca38_buffer_classifier_xgboost,two_slot38,XGBoost,dexma_only,o-additive+salt__p-functionalization+concentration,0.2866658588323396,355,additive+salt,functionalization+concentration,0.7290248401292864,0.4423589812969468
classification,two_slot_pca38_buffer_classifier_xgboost,two_slot38,XGBoost,dexma_only,o-additive+salt__p-molecular_weight+concentration,0.2785763561203381,355,additive+salt,molecular_weight+concentration,0.7290248401292864,0.45044848400894827
classification,two_slot_pca38_buffer_classifier_xgboost,two_slot38,XGBoost,dexma_only,o-additive+salt__p-functionalization+molecular_weight+concentration,0.2680542154780956,355,additive+salt,functionalization+molecular_weight+concentration,0.7290248401292864,0.46097062465119076
classification,two_slot_pca38_buffer_classifier_xgboost,two_slot38,XGBoost,dexma_only,o-additive+buffer__p-empty,0.46348009323712513,355,additive+buffer,empty,0.7290248401292864,0.26554474689216123
classification,two_slot_pca38_buffer_classifier_xgboost,two_slot38,XGBoost,dexma_only,o-additive+buffer__p-functionalization,0.3653865770027012,355,additive+buffer,functionalization,0.7290248401292864,0.36363826312658515
classification,two_slot_pca38_buffer_classifier_xgboost,two_slot38,XGBoost,dexma_only,o-additive+buffer__p-molecular_weight,0.41780269419798377,355,additive+buffer,molecular_weight,0.7290248401292864,0.3112221459313026
classification,two_slot_pca38_buffer_classifier_xgboost,two_slot38,XGBoost,dexma_only,o-additive+buffer__p-concentration,0.33259273044137555,355,additive+buffer,concentration,0.7290248401292864,0.3964321096879108
classification,two_slot_pca38_buffer_classifier_xgboost,two_slot38,XGBoost,dexma_only,o-additive+buffer__p-functionalization+molecular_weight,0.3825238290975631,355,additive+buffer,functionalization+molecular_weight,0.7290248401292864,0.34650101103172326
classification,two_slot_pca38_buffer_classifier_xgboost,two_slot38,XGBoost,dexma_only,o-additive+buffer__p-functionalization+concentration,0.3039595619459142,355,additive+buffer,functionalization+concentration,0.7290248401292864,0.42506527818337214
classification,two_slot_pca38_buffer_classifier_xgboost,two_slot38,XGBoost,dexma_only,o-additive+buffer__p-molecular_weight+concentration,0.3267747976613423,355,additive+buffer,molecular_weight+concentration,0.7290248401292864,0.40225004246794405
classification,two_slot_pca38_buffer_classifier_xgboost,two_slot38,XGBoost,dexma_only,o-additive+buffer__p-functionalization+molecular_weight+concentration,0.2954617442180778,355,additive+buffer,functionalization+molecular_weight+concentration,0.7290248401292864,0.43356309591120856
classification,two_slot_pca38_buffer_classifier_xgboost,two_slot38,XGBoost,dexma_only,o-salt+buffer__p-empty,0.6928145528256527,355,salt+buffer,empty,0.7290248401292864,0.036210287303633626
classification,two_slot_pca38_buffer_classifier_xgboost,two_slot38,XGBoost,dexma_only,o-salt+buffer__p-functionalization,0.6636884065488988,355,salt+buffer,functionalization,0.7290248401292864,0.06533643358038754
classification,two_slot_pca38_buffer_classifier_xgboost,two_slot38,XGBoost,dexma_only,o-salt+buffer__p-molecular_weight,0.6830733019043508,355,salt+buffer,molecular_weight,0.7290248401292864,0.045951538224935584
classification,two_slot_pca38_buffer_classifier_xgboost,two_slot38,XGBoost,dexma_only,o-salt+buffer__p-concentration,0.6272217998739836,355,salt+buffer,concentration,0.7290248401292864,0.10180304025530273
classification,two_slot_pca38_buffer_classifier_xgboost,two_slot38,XGBoost,dexma_only,o-salt+buffer__p-functionalization+molecular_weight,0.676758778793284,355,salt+buffer,functionalization+molecular_weight,0.7290248401292864,0.05226606133600231
classification,two_slot_pca38_buffer_classifier_xgboost,two_slot38,XGBoost,dexma_only,o-salt+buffer__p-functionalization+concentration,0.6272636709380911,355,salt+buffer,functionalization+concentration,0.7290248401292864,0.10176116919119527
classification,two_slot_pca38_buffer_classifier_xgboost,two_slot38,XGBoost,dexma_only,o-salt+buffer__p-molecular_weight+concentration,0.6392834660968313,355,salt+buffer,molecular_weight+concentration,0.7290248401292864,0.08974137403245508
classification,two_slot_pca38_buffer_classifier_xgboost,two_slot38,XGBoost,dexma_only,o-salt+buffer__p-functionalization+molecular_weight+concentration,0.6368521642289762,355,salt+buffer,functionalization+molecular_weight+concentration,0.7290248401292864,0.0921726759003102
classification,two_slot_pca38_buffer_classifier_xgboost,two_slot38,XGBoost,dexma_only,o-additive+salt+buffer__p-empty,0.3695624545256749,355,additive+salt+buffer,empty,0.7290248401292864,0.3594623856036115
classification,two_slot_pca38_buffer_classifier_xgboost,two_slot38,XGBoost,dexma_only,o-additive+salt+buffer__p-functionalization,0.31516766841483024,355,additive+salt+buffer,functionalization,0.7290248401292864,0.41385717171445613
classification,two_slot_pca38_buffer_classifier_xgboost,two_slot38,XGBoost,dexma_only,o-additive+salt+buffer__p-molecular_weight,0.3231060056339786,355,additive+salt+buffer,molecular_weight,0.7290248401292864,0.40591883449530775
classification,two_slot_pca38_buffer_classifier_xgboost,two_slot38,XGBoost,dexma_only,o-additive+salt+buffer__p-concentration,0.2722654123287945,355,additive+salt+buffer,concentration,0.7290248401292864,0.4567594278004919
classification,two_slot_pca38_buffer_classifier_xgboost,two_slot38,XGBoost,dexma_only,o-additive+salt+buffer__p-functionalization+molecular_weight,0.3173673541990227,355,additive+salt+buffer,functionalization+molecular_weight,0.7290248401292864,0.4116574859302637
classification,two_slot_pca38_buffer_classifier_xgboost,two_slot38,XGBoost,dexma_only,o-additive+salt+buffer__p-functionalization+concentration,0.2745537746236377,355,additive+salt+buffer,functionalization+concentration,0.7290248401292864,0.45447106550564864
classification,two_slot_pca38_buffer_classifier_xgboost,two_slot38,XGBoost,dexma_only,o-additive+salt+buffer__p-molecular_weight+concentration,0.26869223743074233,355,additive+salt+buffer,molecular_weight+concentration,0.7290248401292864,0.46033260269854404
classification,two_slot_pca38_buffer_classifier_xgboost,two_slot38,XGBoost,dexma_only,o-additive+salt+buffer__p-functionalization+molecular_weight+concentration,0.2573991269266556,355,additive+salt+buffer,functionalization+molecular_weight+concentration,0.7290248401292864,0.47162571320263075
classification,two_slot_pca38_buffer_classifier_mlp,two_slot38,MLP,all,o-empty__p-empty,0.8247963506249546,403,empty,empty,0.8247963506249546,0.0
classification,two_slot_pca38_buffer_classifier_mlp,two_slot38,MLP,all,o-empty__p-functionalization,0.7374168023430957,403,empty,functionalization,0.8247963506249546,0.0873795482818589
classification,two_slot_pca38_buffer_classifier_mlp,two_slot38,MLP,all,o-empty__p-molecular_weight,0.77169582184911,403,empty,molecular_weight,0.8247963506249546,0.05310052877584459
classification,two_slot_pca38_buffer_classifier_mlp,two_slot38,MLP,all,o-empty__p-concentration,0.7355722481950668,403,empty,concentration,0.8247963506249546,0.08922410242988776
classification,two_slot_pca38_buffer_classifier_mlp,two_slot38,MLP,all,o-empty__p-functionalization+molecular_weight,0.7394841766560885,403,empty,functionalization+molecular_weight,0.8247963506249546,0.08531217396886615
classification,two_slot_pca38_buffer_classifier_mlp,two_slot38,MLP,all,o-empty__p-functionalization+concentration,0.7145719770353512,403,empty,functionalization+concentration,0.8247963506249546,0.11022437358960335
classification,two_slot_pca38_buffer_classifier_mlp,two_slot38,MLP,all,o-empty__p-molecular_weight+concentration,0.7122161051383542,403,empty,molecular_weight+concentration,0.8247963506249546,0.1125802454866004
classification,two_slot_pca38_buffer_classifier_mlp,two_slot38,MLP,all,o-empty__p-functionalization+molecular_weight+concentration,0.7039162202093002,403,empty,functionalization+molecular_weight+concentration,0.8247963506249546,0.12088013041565437
classification,two_slot_pca38_buffer_classifier_mlp,two_slot38,MLP,all,o-additive__p-empty,0.5655153819565025,403,additive,empty,0.8247963506249546,0.25928096866845207
classification,two_slot_pca38_buffer_classifier_mlp,two_slot38,MLP,all,o-additive__p-functionalization,0.5040533187590407,403,additive,functionalization,0.8247963506249546,0.3207430318659139
classification,two_slot_pca38_buffer_classifier_mlp,two_slot38,MLP,all,o-additive__p-molecular_weight,0.5281219172699045,403,additive,molecular_weight,0.8247963506249546,0.29667443335505006
classification,two_slot_pca38_buffer_classifier_mlp,two_slot38,MLP,all,o-additive__p-concentration,0.45606293544390125,403,additive,concentration,0.8247963506249546,0.36873341518105335
classification,two_slot_pca38_buffer_classifier_mlp,two_slot38,MLP,all,o-additive__p-functionalization+molecular_weight,0.48505479347855746,403,additive,functionalization+molecular_weight,0.8247963506249546,0.33974155714639714
classification,two_slot_pca38_buffer_classifier_mlp,two_slot38,MLP,all,o-additive__p-functionalization+concentration,0.451228729321475,403,additive,functionalization+concentration,0.8247963506249546,0.3735676213034796
classification,two_slot_pca38_buffer_classifier_mlp,two_slot38,MLP,all,o-additive__p-molecular_weight+concentration,0.43788382607442683,403,additive,molecular_weight+concentration,0.8247963506249546,0.38691252455052777
classification,two_slot_pca38_buffer_classifier_mlp,two_slot38,MLP,all,o-additive__p-functionalization+molecular_weight+concentration,0.43400407700190985,403,additive,functionalization+molecular_weight+concentration,0.8247963506249546,0.39079227362304475
classification,two_slot_pca38_buffer_classifier_mlp,two_slot38,MLP,all,o-salt__p-empty,0.7772374039870692,403,salt,empty,0.8247963506249546,0.0475589466378854
classification,two_slot_pca38_buffer_classifier_mlp,two_slot38,MLP,all,o-salt__p-functionalization,0.7126357889615451,403,salt,functionalization,0.8247963506249546,0.11216056166340949
classification,two_slot_pca38_buffer_classifier_mlp,two_slot38,MLP,all,o-salt__p-molecular_weight,0.737172759141023,403,salt,molecular_weight,0.8247963506249546,0.08762359148393162
classification,two_slot_pca38_buffer_classifier_mlp,two_slot38,MLP,all,o-salt__p-concentration,0.7051255584437629,403,salt,concentration,0.8247963506249546,0.1196707921811917
classification,two_slot_pca38_buffer_classifier_mlp,two_slot38,MLP,all,o-salt__p-functionalization+molecular_weight,0.7139838470832549,403,salt,functionalization+molecular_weight,0.8247963506249546,0.11081250354169969
classification,two_slot_pca38_buffer_classifier_mlp,two_slot38,MLP,all,o-salt__p-functionalization+concentration,0.6964548576634773,403,salt,functionalization+concentration,0.8247963506249546,0.12834149296147734
classification,two_slot_pca38_buffer_classifier_mlp,two_slot38,MLP,all,o-salt__p-molecular_weight+concentration,0.7018658411988228,403,salt,molecular_weight+concentration,0.8247963506249546,0.12293050942613182
classification,two_slot_pca38_buffer_classifier_mlp,two_slot38,MLP,all,o-salt__p-functionalization+molecular_weight+concentration,0.6943347492953454,403,salt,functionalization+molecular_weight+concentration,0.8247963506249546,0.13046160132960916
classification,two_slot_pca38_buffer_classifier_mlp,two_slot38,MLP,all,o-buffer__p-empty,0.8228737036054848,403,buffer,empty,0.8247963506249546,0.0019226470194697587
classification,two_slot_pca38_buffer_classifier_mlp,two_slot38,MLP,all,o-buffer__p-functionalization,0.7131814780281176,403,buffer,functionalization,0.8247963506249546,0.111614872596837
classification,two_slot_pca38_buffer_classifier_mlp,two_slot38,MLP,all,o-buffer__p-molecular_weight,0.7627886157772901,403,buffer,molecular_weight,0.8247963506249546,0.06200773484766453
classification,two_slot_pca38_buffer_classifier_mlp,two_slot38,MLP,all,o-buffer__p-concentration,0.7322271241051231,403,buffer,concentration,0.8247963506249546,0.09256922651983146
classification,two_slot_pca38_buffer_classifier_mlp,two_slot38,MLP,all,o-buffer__p-functionalization+molecular_weight,0.7224163976217665,403,buffer,functionalization+molecular_weight,0.8247963506249546,0.10237995300318814
classification,two_slot_pca38_buffer_classifier_mlp,two_slot38,MLP,all,o-buffer__p-functionalization+concentration,0.7012656786156156,403,buffer,functionalization+concentration,0.8247963506249546,0.12353067200933898
classification,two_slot_pca38_buffer_classifier_mlp,two_slot38,MLP,all,o-buffer__p-molecular_weight+concentration,0.7060666304503459,403,buffer,molecular_weight+concentration,0.8247963506249546,0.1187297201746087
classification,two_slot_pca38_buffer_classifier_mlp,two_slot38,MLP,all,o-buffer__p-functionalization+molecular_weight+concentration,0.6811441002943968,403,buffer,functionalization+molecular_weight+concentration,0.8247963506249546,0.14365225033055784
classification,two_slot_pca38_buffer_classifier_mlp,two_slot38,MLP,all,o-additive+salt__p-empty,0.5017764310929962,403,additive+salt,empty,0.8247963506249546,0.3230199195319584
classification,two_slot_pca38_buffer_classifier_mlp,two_slot38,MLP,all,o-additive+salt__p-functionalization,0.42045115268301453,403,additive+salt,functionalization,0.8247963506249546,0.40434519794194007
classification,two_slot_pca38_buffer_classifier_mlp,two_slot38,MLP,all,o-additive+salt__p-molecular_weight,0.4797025126762372,403,additive+salt,molecular_weight,0.8247963506249546,0.3450938379487174
classification,two_slot_pca38_buffer_classifier_mlp,two_slot38,MLP,all,o-additive+salt__p-concentration,0.38569831954424166,403,additive+salt,concentration,0.8247963506249546,0.43909803108071294
classification,two_slot_pca38_buffer_classifier_mlp,two_slot38,MLP,all,o-additive+salt__p-functionalization+molecular_weight,0.3999201434398288,403,additive+salt,functionalization+molecular_weight,0.8247963506249546,0.4248762071851258
classification,two_slot_pca38_buffer_classifier_mlp,two_slot38,MLP,all,o-additive+salt__p-functionalization+concentration,0.36358954368102353,403,additive+salt,functionalization+concentration,0.8247963506249546,0.46120680694393107
classification,two_slot_pca38_buffer_classifier_mlp,two_slot38,MLP,all,o-additive+salt__p-molecular_weight+concentration,0.37467500498867123,403,additive+salt,molecular_weight+concentration,0.8247963506249546,0.45012134563628337
classification,two_slot_pca38_buffer_classifier_mlp,two_slot38,MLP,all,o-additive+salt__p-functionalization+molecular_weight+concentration,0.36333756739775475,403,additive+salt,functionalization+molecular_weight+concentration,0.8247963506249546,0.46145878322719985
classification,two_slot_pca38_buffer_classifier_mlp,two_slot38,MLP,all,o-additive+buffer__p-empty,0.5580390058986189,403,additive+buffer,empty,0.8247963506249546,0.2667573447263357
classification,two_slot_pca38_buffer_classifier_mlp,two_slot38,MLP,all,o-additive+buffer__p-functionalization,0.4820891976111222,403,additive+buffer,functionalization,0.8247963506249546,0.3427071530138324
classification,two_slot_pca38_buffer_classifier_mlp,two_slot38,MLP,all,o-additive+buffer__p-molecular_weight,0.5219029133906529,403,additive+buffer,molecular_weight,0.8247963506249546,0.30289343723430173
classification,two_slot_pca38_buffer_classifier_mlp,two_slot38,MLP,all,o-additive+buffer__p-concentration,0.4460447423146436,403,additive+buffer,concentration,0.8247963506249546,0.378751608310311
classification,two_slot_pca38_buffer_classifier_mlp,two_slot38,MLP,all,o-additive+buffer__p-functionalization+molecular_weight,0.46243424623765367,403,additive+buffer,functionalization+molecular_weight,0.8247963506249546,0.36236210438730093
classification,two_slot_pca38_buffer_classifier_mlp,two_slot38,MLP,all,o-additive+buffer__p-functionalization+concentration,0.436327799618787,403,additive+buffer,functionalization+concentration,0.8247963506249546,0.3884685510061676
classification,two_slot_pca38_buffer_classifier_mlp,two_slot38,MLP,all,o-additive+buffer__p-molecular_weight+concentration,0.43318557102729677,403,additive+buffer,molecular_weight+concentration,0.8247963506249546,0.39161077959765783
classification,two_slot_pca38_buffer_classifier_mlp,two_slot38,MLP,all,o-additive+buffer__p-functionalization+molecular_weight+concentration,0.4155537008506656,403,additive+buffer,functionalization+molecular_weight+concentration,0.8247963506249546,0.409242649774289
classification,two_slot_pca38_buffer_classifier_mlp,two_slot38,MLP,all,o-salt+buffer__p-empty,0.773971774859153,403,salt+buffer,empty,0.8247963506249546,0.05082457576580157
classification,two_slot_pca38_buffer_classifier_mlp,two_slot38,MLP,all,o-salt+buffer__p-functionalization,0.6898105036007751,403,salt+buffer,functionalization,0.8247963506249546,0.13498584702417948
classification,two_slot_pca38_buffer_classifier_mlp,two_slot38,MLP,all,o-salt+buffer__p-molecular_weight,0.726703201920258,403,salt+buffer,molecular_weight,0.8247963506249546,0.09809314870469665
classification,two_slot_pca38_buffer_classifier_mlp,two_slot38,MLP,all,o-salt+buffer__p-concentration,0.6871802275318553,403,salt+buffer,concentration,0.8247963506249546,0.13761612309309934
classification,two_slot_pca38_buffer_classifier_mlp,two_slot38,MLP,all,o-salt+buffer__p-functionalization+molecular_weight,0.6906485914203176,403,salt+buffer,functionalization+molecular_weight,0.8247963506249546,0.13414775920463695
classification,two_slot_pca38_buffer_classifier_mlp,two_slot38,MLP,all,o-salt+buffer__p-functionalization+concentration,0.6798375753836756,403,salt+buffer,functionalization+concentration,0.8247963506249546,0.14495877524127898
classification,two_slot_pca38_buffer_classifier_mlp,two_slot38,MLP,all,o-salt+buffer__p-molecular_weight+concentration,0.6844220311476966,403,salt+buffer,molecular_weight+concentration,0.8247963506249546,0.14037431947725798
classification,two_slot_pca38_buffer_classifier_mlp,two_slot38,MLP,all,o-salt+buffer__p-functionalization+molecular_weight+concentration,0.6782550223172567,403,salt+buffer,functionalization+molecular_weight+concentration,0.8247963506249546,0.14654132830769795
classification,two_slot_pca38_buffer_classifier_mlp,two_slot38,MLP,all,o-additive+salt+buffer__p-empty,0.5002965792241455,403,additive+salt+buffer,empty,0.8247963506249546,0.3244997714008091
classification,two_slot_pca38_buffer_classifier_mlp,two_slot38,MLP,all,o-additive+salt+buffer__p-functionalization,0.3864015922239951,403,additive+salt+buffer,functionalization,0.8247963506249546,0.4383947584009595
classification,two_slot_pca38_buffer_classifier_mlp,two_slot38,MLP,all,o-additive+salt+buffer__p-molecular_weight,0.46874438773947563,403,additive+salt+buffer,molecular_weight,0.8247963506249546,0.35605196288547897
classification,two_slot_pca38_buffer_classifier_mlp,two_slot38,MLP,all,o-additive+salt+buffer__p-concentration,0.36596412492474867,403,additive+salt+buffer,concentration,0.8247963506249546,0.45883222570020593
classification,two_slot_pca38_buffer_classifier_mlp,two_slot38,MLP,all,o-additive+salt+buffer__p-functionalization+molecular_weight,0.38391984839752225,403,additive+salt+buffer,functionalization+molecular_weight,0.8247963506249546,0.44087650222743235
classification,two_slot_pca38_buffer_classifier_mlp,two_slot38,MLP,all,o-additive+salt+buffer__p-functionalization+concentration,0.344678369490173,403,additive+salt+buffer,functionalization+concentration,0.8247963506249546,0.4801179811347816
classification,two_slot_pca38_buffer_classifier_mlp,two_slot38,MLP,all,o-additive+salt+buffer__p-molecular_weight+concentration,0.3539117824885849,403,additive+salt+buffer,molecular_weight+concentration,0.8247963506249546,0.4708845681363697
classification,two_slot_pca38_buffer_classifier_mlp,two_slot38,MLP,all,o-additive+salt+buffer__p-functionalization+molecular_weight+concentration,0.349967876198778,403,additive+salt+buffer,functionalization+molecular_weight+concentration,0.8247963506249546,0.4748284744261766
classification,two_slot_pca38_buffer_classifier_mlp,two_slot38,MLP,dexma_only,o-empty__p-empty,0.7290248401292864,355,empty,empty,0.7290248401292864,0.0
classification,two_slot_pca38_buffer_classifier_mlp,two_slot38,MLP,dexma_only,o-empty__p-functionalization,0.7198215415019025,355,empty,functionalization,0.7290248401292864,0.009203298627383893
classification,two_slot_pca38_buffer_classifier_mlp,two_slot38,MLP,dexma_only,o-empty__p-molecular_weight,0.7264897510042134,355,empty,molecular_weight,0.7290248401292864,0.0025350891250729424
classification,two_slot_pca38_buffer_classifier_mlp,two_slot38,MLP,dexma_only,o-empty__p-concentration,0.695556239120792,355,empty,concentration,0.7290248401292864,0.03346860100849436
classification,two_slot_pca38_buffer_classifier_mlp,two_slot38,MLP,dexma_only,o-empty__p-functionalization+molecular_weight,0.7183834346088863,355,empty,functionalization+molecular_weight,0.7290248401292864,0.010641405520400049
classification,two_slot_pca38_buffer_classifier_mlp,two_slot38,MLP,dexma_only,o-empty__p-functionalization+concentration,0.6915070919076264,355,empty,functionalization+concentration,0.7290248401292864,0.037517748221659986
classification,two_slot_pca38_buffer_classifier_mlp,two_slot38,MLP,dexma_only,o-empty__p-molecular_weight+concentration,0.682009143665181,355,empty,molecular_weight+concentration,0.7290248401292864,0.047015696464105416
classification,two_slot_pca38_buffer_classifier_mlp,two_slot38,MLP,dexma_only,o-empty__p-functionalization+molecular_weight+concentration,0.680617140432335,355,empty,functionalization+molecular_weight+concentration,0.7290248401292864,0.048407699696951356
classification,two_slot_pca38_buffer_classifier_mlp,two_slot38,MLP,dexma_only,o-additive__p-empty,0.5081463243783068,355,additive,empty,0.7290248401292864,0.2208785157509796
classification,two_slot_pca38_buffer_classifier_mlp,two_slot38,MLP,dexma_only,o-additive__p-functionalization,0.4830016469988393,355,additive,functionalization,0.7290248401292864,0.24602319313044707
classification,two_slot_pca38_buffer_classifier_mlp,two_slot38,MLP,dexma_only,o-additive__p-molecular_weight,0.4896757639738686,355,additive,molecular_weight,0.7290248401292864,0.23934907615541778
classification,two_slot_pca38_buffer_classifier_mlp,two_slot38,MLP,dexma_only,o-additive__p-concentration,0.42798862317163217,355,additive,concentration,0.7290248401292864,0.3010362169576542
classification,two_slot_pca38_buffer_classifier_mlp,two_slot38,MLP,dexma_only,o-additive__p-functionalization+molecular_weight,0.46488566711997126,355,additive,functionalization+molecular_weight,0.7290248401292864,0.2641391730093151
classification,two_slot_pca38_buffer_classifier_mlp,two_slot38,MLP,dexma_only,o-additive__p-functionalization+concentration,0.425434672197349,355,additive,functionalization+concentration,0.7290248401292864,0.3035901679319374
classification,two_slot_pca38_buffer_classifier_mlp,two_slot38,MLP,dexma_only,o-additive__p-molecular_weight+concentration,0.41004402646463406,355,additive,molecular_weight+concentration,0.7290248401292864,0.3189808136646523
classification,two_slot_pca38_buffer_classifier_mlp,two_slot38,MLP,dexma_only,o-additive__p-functionalization+molecular_weight+concentration,0.40833411665490643,355,additive,functionalization+molecular_weight+concentration,0.7290248401292864,0.32069072347437994
classification,two_slot_pca38_buffer_classifier_mlp,two_slot38,MLP,dexma_only,o-salt__p-empty,0.688810647535515,355,salt,empty,0.7290248401292864,0.04021419259377135
classification,two_slot_pca38_buffer_classifier_mlp,two_slot38,MLP,dexma_only,o-salt__p-functionalization,0.6842777439293941,355,salt,functionalization,0.7290248401292864,0.044747096199892256
classification,two_slot_pca38_buffer_classifier_mlp,two_slot38,MLP,dexma_only,o-salt__p-molecular_weight,0.6831999077130023,355,salt,molecular_weight,0.7290248401292864,0.04582493241628405
classification,two_slot_pca38_buffer_classifier_mlp,two_slot38,MLP,dexma_only,o-salt__p-concentration,0.6675698001624433,355,salt,concentration,0.7290248401292864,0.061455039966843095
classification,two_slot_pca38_buffer_classifier_mlp,two_slot38,MLP,dexma_only,o-salt__p-functionalization+molecular_weight,0.6848587980555081,355,salt,functionalization+molecular_weight,0.7290248401292864,0.04416604207377828
classification,two_slot_pca38_buffer_classifier_mlp,two_slot38,MLP,dexma_only,o-salt__p-functionalization+concentration,0.6659378056785922,355,salt,functionalization+concentration,0.7290248401292864,0.06308703445069419
classification,two_slot_pca38_buffer_classifier_mlp,two_slot38,MLP,dexma_only,o-salt__p-molecular_weight+concentration,0.66220786174267,355,salt,molecular_weight+concentration,0.7290248401292864,0.06681697838661638
classification,two_slot_pca38_buffer_classifier_mlp,two_slot38,MLP,dexma_only,o-salt__p-functionalization+molecular_weight+concentration,0.6651743247573721,355,salt,functionalization+molecular_weight+concentration,0.7290248401292864,0.06385051537191422
classification,two_slot_pca38_buffer_classifier_mlp,two_slot38,MLP,dexma_only,o-buffer__p-empty,0.7300737214205252,355,buffer,empty,0.7290248401292864,-0.0010488812912388124
classification,two_slot_pca38_buffer_classifier_mlp,two_slot38,MLP,dexma_only,o-buffer__p-functionalization,0.7161990371194118,355,buffer,functionalization,0.7290248401292864,0.01282580300987457
classification,two_slot_pca38_buffer_classifier_mlp,two_slot38,MLP,dexma_only,o-buffer__p-molecular_weight,0.7264065708181721,355,buffer,molecular_weight,0.7290248401292864,0.0026182693111143074
classification,two_slot_pca38_buffer_classifier_mlp,two_slot38,MLP,dexma_only,o-buffer__p-concentration,0.6944586567516482,355,buffer,concentration,0.7290248401292864,0.03456618337763817
classification,two_slot_pca38_buffer_classifier_mlp,two_slot38,MLP,dexma_only,o-buffer__p-functionalization+molecular_weight,0.7155633475483458,355,buffer,functionalization+molecular_weight,0.7290248401292864,0.013461492580940537
classification,two_slot_pca38_buffer_classifier_mlp,two_slot38,MLP,dexma_only,o-buffer__p-functionalization+concentration,0.6879749989793348,355,buffer,functionalization+concentration,0.7290248401292864,0.04104984114995158
classification,two_slot_pca38_buffer_classifier_mlp,two_slot38,MLP,dexma_only,o-buffer__p-molecular_weight+concentration,0.6810472232156557,355,buffer,molecular_weight+concentration,0.7290248401292864,0.04797761691363067
classification,two_slot_pca38_buffer_classifier_mlp,two_slot38,MLP,dexma_only,o-buffer__p-functionalization+molecular_weight+concentration,0.6687223497340369,355,buffer,functionalization+molecular_weight+concentration,0.7290248401292864,0.060302490395249486
classification,two_slot_pca38_buffer_classifier_mlp,two_slot38,MLP,dexma_only,o-additive+salt__p-empty,0.4137601288602987,355,additive+salt,empty,0.7290248401292864,0.31526471126898764
classification,two_slot_pca38_buffer_classifier_mlp,two_slot38,MLP,dexma_only,o-additive+salt__p-functionalization,0.3703047670677631,355,additive+salt,functionalization,0.7290248401292864,0.35872007306152326
classification,two_slot_pca38_buffer_classifier_mlp,two_slot38,MLP,dexma_only,o-additive+salt__p-molecular_weight,0.40062345764622087,355,additive+salt,molecular_weight,0.7290248401292864,0.3284013824830655
classification,two_slot_pca38_buffer_classifier_mlp,two_slot38,MLP,dexma_only,o-additive+salt__p-concentration,0.3249444657956822,355,additive+salt,concentration,0.7290248401292864,0.40408037433360416
classification,two_slot_pca38_buffer_classifier_mlp,two_slot38,MLP,dexma_only,o-additive+salt__p-functionalization+molecular_weight,0.3533951700230395,355,additive+salt,functionalization+molecular_weight,0.7290248401292864,0.37562967010624687
classification,two_slot_pca38_buffer_classifier_mlp,two_slot38,MLP,dexma_only,o-additive+salt__p-functionalization+concentration,0.31773983485731294,355,additive+salt,functionalization+concentration,0.7290248401292864,0.4112850052719734
classification,two_slot_pca38_buffer_classifier_mlp,two_slot38,MLP,dexma_only,o-additive+salt__p-molecular_weight+concentration,0.32036270140153017,355,additive+salt,molecular_weight+concentration,0.7290248401292864,0.4086621387277562
classification,two_slot_pca38_buffer_classifier_mlp,two_slot38,MLP,dexma_only,o-additive+salt__p-functionalization+molecular_weight+concentration,0.3107550662649239,355,additive+salt,functionalization+molecular_weight+concentration,0.7290248401292864,0.4182697738643625
classification,two_slot_pca38_buffer_classifier_mlp,two_slot38,MLP,dexma_only,o-additive+buffer__p-empty,0.5025323089072079,355,additive+buffer,empty,0.7290248401292864,0.22649253122207846
classification,two_slot_pca38_buffer_classifier_mlp,two_slot38,MLP,dexma_only,o-additive+buffer__p-functionalization,0.4762728071178225,355,additive+buffer,functionalization,0.7290248401292864,0.2527520330114639
classification,two_slot_pca38_buffer_classifier_mlp,two_slot38,MLP,dexma_only,o-additive+buffer__p-molecular_weight,0.4900270865095699,355,additive+buffer,molecular_weight,0.7290248401292864,0.23899775361971648
classification,two_slot_pca38_buffer_classifier_mlp,two_slot38,MLP,dexma_only,o-additive+buffer__p-concentration,0.4174075525015172,355,additive+buffer,concentration,0.7290248401292864,0.3116172876277692
classification,two_slot_pca38_buffer_classifier_mlp,two_slot38,MLP,dexma_only,o-additive+buffer__p-functionalization+molecular_weight,0.4566719886994172,355,additive+buffer,functionalization+molecular_weight,0.7290248401292864,0.27235285142986915
classification,two_slot_pca38_buffer_classifier_mlp,two_slot38,MLP,dexma_only,o-additive+buffer__p-functionalization+concentration,0.4209353649394261,355,additive+buffer,functionalization+concentration,0.7290248401292864,0.30808947518986024
classification,two_slot_pca38_buffer_classifier_mlp,two_slot38,MLP,dexma_only,o-additive+buffer__p-molecular_weight+concentration,0.41005685996706387,355,additive+buffer,molecular_weight+concentration,0.7290248401292864,0.3189679801622225
classification,two_slot_pca38_buffer_classifier_mlp,two_slot38,MLP,dexma_only,o-additive+buffer__p-functionalization+molecular_weight+concentration,0.40193780531677237,355,additive+buffer,functionalization+molecular_weight+concentration,0.7290248401292864,0.327087034812514
classification,two_slot_pca38_buffer_classifier_mlp,two_slot38,MLP,dexma_only,o-salt+buffer__p-empty,0.681510147174009,355,salt+buffer,empty,0.7290248401292864,0.04751469295527733
classification,two_slot_pca38_buffer_classifier_mlp,two_slot38,MLP,dexma_only,o-salt+buffer__p-functionalization,0.6670592885454767,355,salt+buffer,functionalization,0.7290248401292864,0.061965551583809675
classification,two_slot_pca38_buffer_classifier_mlp,two_slot38,MLP,dexma_only,o-salt+buffer__p-molecular_weight,0.6714385395505502,355,salt+buffer,molecular_weight,0.7290248401292864,0.05758630057873615
classification,two_slot_pca38_buffer_classifier_mlp,two_slot38,MLP,dexma_only,o-salt+buffer__p-concentration,0.6498890023854675,355,salt+buffer,concentration,0.7290248401292864,0.07913583774381883
classification,two_slot_pca38_buffer_classifier_mlp,two_slot38,MLP,dexma_only,o-salt+buffer__p-functionalization+molecular_weight,0.6680171900010309,355,salt+buffer,functionalization+molecular_weight,0.7290248401292864,0.061007650128255486
classification,two_slot_pca38_buffer_classifier_mlp,two_slot38,MLP,dexma_only,o-salt+buffer__p-functionalization+concentration,0.6549080495108744,355,salt+buffer,functionalization+concentration,0.7290248401292864,0.07411679061841192
classification,two_slot_pca38_buffer_classifier_mlp,two_slot38,MLP,dexma_only,o-salt+buffer__p-molecular_weight+concentration,0.6507067835658731,355,salt+buffer,molecular_weight+concentration,0.7290248401292864,0.07831805656341329
classification,two_slot_pca38_buffer_classifier_mlp,two_slot38,MLP,dexma_only,o-salt+buffer__p-functionalization+molecular_weight+concentration,0.6510952312302638,355,salt+buffer,functionalization+molecular_weight+concentration,0.7290248401292864,0.07792960889902256
classification,two_slot_pca38_buffer_classifier_mlp,two_slot38,MLP,dexma_only,o-additive+salt+buffer__p-empty,0.4171416771936937,355,additive+salt+buffer,empty,0.7290248401292864,0.31188316293559265
classification,two_slot_pca38_buffer_classifier_mlp,two_slot38,MLP,dexma_only,o-additive+salt+buffer__p-functionalization,0.3533487908749972,355,additive+salt+buffer,functionalization,0.7290248401292864,0.37567604925428916
classification,two_slot_pca38_buffer_classifier_mlp,two_slot38,MLP,dexma_only,o-additive+salt+buffer__p-molecular_weight,0.39898944539027525,355,additive+salt+buffer,molecular_weight,0.7290248401292864,0.3300353947390111
classification,two_slot_pca38_buffer_classifier_mlp,two_slot38,MLP,dexma_only,o-additive+salt+buffer__p-concentration,0.31712057706266567,355,additive+salt+buffer,concentration,0.7290248401292864,0.4119042630666207
classification,two_slot_pca38_buffer_classifier_mlp,two_slot38,MLP,dexma_only,o-additive+salt+buffer__p-functionalization+molecular_weight,0.3486320825056003,355,additive+salt+buffer,functionalization+molecular_weight,0.7290248401292864,0.3803927576236861
classification,two_slot_pca38_buffer_classifier_mlp,two_slot38,MLP,dexma_only,o-additive+salt+buffer__p-functionalization+concentration,0.3071622065817856,355,additive+salt+buffer,functionalization+concentration,0.7290248401292864,0.42186263354750075
classification,two_slot_pca38_buffer_classifier_mlp,two_slot38,MLP,dexma_only,o-additive+salt+buffer__p-molecular_weight+concentration,0.3069596451756275,355,additive+salt+buffer,molecular_weight+concentration,0.7290248401292864,0.42206519495365885
classification,two_slot_pca38_buffer_classifier_mlp,two_slot38,MLP,dexma_only,o-additive+salt+buffer__p-functionalization+molecular_weight+concentration,0.3117034353427527,355,additive+salt+buffer,functionalization+molecular_weight+concentration,0.7290248401292864,0.4173214047865337
