task,model_id,feature_set,model_family,scoring_population,seed,state_id,loss,n_conditions,outer_coalition_id,polymer_coalition_id,null_loss,predictive_value
regression,descriptor24_buffer_regressor_xgboost,descriptor24,XGBoost,all,42,o-empty__p-empty,10.402929907257958,272,empty,empty,10.402929907257958,0.0
regression,descriptor24_buffer_regressor_xgboost,descriptor24,XGBoost,all,42,o-empty__p-functionalization,8.17989553104948,272,empty,functionalization,10.402929907257958,2.223034376208478
regression,descriptor24_buffer_regressor_xgboost,descriptor24,XGBoost,all,42,o-empty__p-molecular_weight,9.332825024306498,272,empty,molecular_weight,10.402929907257958,1.0701048829514601
regression,descriptor24_buffer_regressor_xgboost,descriptor24,XGBoost,all,42,o-empty__p-concentration,9.500578317812616,272,empty,concentration,10.402929907257958,0.9023515894453418
regression,descriptor24_buffer_regressor_xgboost,descriptor24,XGBoost,all,42,o-empty__p-functionalization+molecular_weight,7.223813842589744,272,empty,functionalization+molecular_weight,10.402929907257958,3.1791160646682144
regression,descriptor24_buffer_regressor_xgboost,descriptor24,XGBoost,all,42,o-empty__p-functionalization+concentration,7.7899624167195745,272,empty,functionalization+concentration,10.402929907257958,2.6129674905383835
regression,descriptor24_buffer_regressor_xgboost,descriptor24,XGBoost,all,42,o-empty__p-molecular_weight+concentration,8.613356904893053,272,empty,molecular_weight+concentration,10.402929907257958,1.7895730023649055
regression,descriptor24_buffer_regressor_xgboost,descriptor24,XGBoost,all,42,o-empty__p-functionalization+molecular_weight+concentration,6.74061174667634,272,empty,functionalization+molecular_weight+concentration,10.402929907257958,3.662318160581618
regression,descriptor24_buffer_regressor_xgboost,descriptor24,XGBoost,all,42,o-additive__p-empty,9.701015634035675,272,additive,empty,10.402929907257958,0.7019142732222825
regression,descriptor24_buffer_regressor_xgboost,descriptor24,XGBoost,all,42,o-additive__p-functionalization,7.499307375956881,272,additive,functionalization,10.402929907257958,2.9036225313010773
regression,descriptor24_buffer_regressor_xgboost,descriptor24,XGBoost,all,42,o-additive__p-molecular_weight,9.022285383488807,272,additive,molecular_weight,10.402929907257958,1.380644523769151
regression,descriptor24_buffer_regressor_xgboost,descriptor24,XGBoost,all,42,o-additive__p-concentration,8.537729023689506,272,additive,concentration,10.402929907257958,1.865200883568452
regression,descriptor24_buffer_regressor_xgboost,descriptor24,XGBoost,all,42,o-additive__p-functionalization+molecular_weight,6.681279544879773,272,additive,functionalization+molecular_weight,10.402929907257958,3.7216503623781847
regression,descriptor24_buffer_regressor_xgboost,descriptor24,XGBoost,all,42,o-additive__p-functionalization+concentration,7.279199050298642,272,additive,functionalization+concentration,10.402929907257958,3.123730856959316
regression,descriptor24_buffer_regressor_xgboost,descriptor24,XGBoost,all,42,o-additive__p-molecular_weight+concentration,7.715481840599525,272,additive,molecular_weight+concentration,10.402929907257958,2.6874480666584333
regression,descriptor24_buffer_regressor_xgboost,descriptor24,XGBoost,all,42,o-additive__p-functionalization+molecular_weight+concentration,5.6471183654798125,272,additive,functionalization+molecular_weight+concentration,10.402929907257958,4.7558115417781455
regression,descriptor24_buffer_regressor_xgboost,descriptor24,XGBoost,all,42,o-salt__p-empty,8.391682742511358,272,salt,empty,10.402929907257958,2.0112471647465995
regression,descriptor24_buffer_regressor_xgboost,descriptor24,XGBoost,all,42,o-salt__p-functionalization,7.709049221484117,272,salt,functionalization,10.402929907257958,2.6938806857738413
regression,descriptor24_buffer_regressor_xgboost,descriptor24,XGBoost,all,42,o-salt__p-molecular_weight,8.324557985756675,272,salt,molecular_weight,10.402929907257958,2.078371921501283
regression,descriptor24_buffer_regressor_xgboost,descriptor24,XGBoost,all,42,o-salt__p-concentration,8.269933548422413,272,salt,concentration,10.402929907257958,2.1329963588355447
regression,descriptor24_buffer_regressor_xgboost,descriptor24,XGBoost,all,42,o-salt__p-functionalization+molecular_weight,7.024229596713418,272,salt,functionalization+molecular_weight,10.402929907257958,3.3787003105445397
regression,descriptor24_buffer_regressor_xgboost,descriptor24,XGBoost,all,42,o-salt__p-functionalization+concentration,7.296654523328833,272,salt,functionalization+concentration,10.402929907257958,3.106275383929125
regression,descriptor24_buffer_regressor_xgboost,descriptor24,XGBoost,all,42,o-salt__p-molecular_weight+concentration,7.710299797858434,272,salt,molecular_weight+concentration,10.402929907257958,2.6926301093995244
regression,descriptor24_buffer_regressor_xgboost,descriptor24,XGBoost,all,42,o-salt__p-functionalization+molecular_weight+concentration,6.382415978166606,272,salt,functionalization+molecular_weight+concentration,10.402929907257958,4.020513929091352
regression,descriptor24_buffer_regressor_xgboost,descriptor24,XGBoost,all,42,o-buffer__p-empty,10.461153138824576,272,buffer,empty,10.402929907257958,-0.05822323156661824
regression,descriptor24_buffer_regressor_xgboost,descriptor24,XGBoost,all,42,o-buffer__p-functionalization,7.726661175530296,272,buffer,functionalization,10.402929907257958,2.676268731727662
regression,descriptor24_buffer_regressor_xgboost,descriptor24,XGBoost,all,42,o-buffer__p-molecular_weight,9.032835088751883,272,buffer,molecular_weight,10.402929907257958,1.3700948185060753
regression,descriptor24_buffer_regressor_xgboost,descriptor24,XGBoost,all,42,o-buffer__p-concentration,9.361657414970189,272,buffer,concentration,10.402929907257958,1.041272492287769
regression,descriptor24_buffer_regressor_xgboost,descriptor24,XGBoost,all,42,o-buffer__p-functionalization+molecular_weight,6.577305232426436,272,buffer,functionalization+molecular_weight,10.402929907257958,3.8256246748315217
regression,descriptor24_buffer_regressor_xgboost,descriptor24,XGBoost,all,42,o-buffer__p-functionalization+concentration,7.038798959539513,272,buffer,functionalization+concentration,10.402929907257958,3.3641309477184453
regression,descriptor24_buffer_regressor_xgboost,descriptor24,XGBoost,all,42,o-buffer__p-molecular_weight+concentration,7.3067519462017385,272,buffer,molecular_weight+concentration,10.402929907257958,3.0961779610562195
regression,descriptor24_buffer_regressor_xgboost,descriptor24,XGBoost,all,42,o-buffer__p-functionalization+molecular_weight+concentration,5.745538518464586,272,buffer,functionalization+molecular_weight+concentration,10.402929907257958,4.657391388793372
regression,descriptor24_buffer_regressor_xgboost,descriptor24,XGBoost,all,42,o-additive+salt__p-empty,7.146090910956173,272,additive+salt,empty,10.402929907257958,3.256838996301785
regression,descriptor24_buffer_regressor_xgboost,descriptor24,XGBoost,all,42,o-additive+salt__p-functionalization,6.398664073965343,272,additive+salt,functionalization,10.402929907257958,4.004265833292615
regression,descriptor24_buffer_regressor_xgboost,descriptor24,XGBoost,all,42,o-additive+salt__p-molecular_weight,6.726880732085935,272,additive+salt,molecular_weight,10.402929907257958,3.6760491751720226
regression,descriptor24_buffer_regressor_xgboost,descriptor24,XGBoost,all,42,o-additive+salt__p-concentration,7.423475764894194,272,additive+salt,concentration,10.402929907257958,2.979454142363764
regression,descriptor24_buffer_regressor_xgboost,descriptor24,XGBoost,all,42,o-additive+salt__p-functionalization+molecular_weight,5.410168174022747,272,additive+salt,functionalization+molecular_weight,10.402929907257958,4.992761733235211
regression,descriptor24_buffer_regressor_xgboost,descriptor24,XGBoost,all,42,o-additive+salt__p-functionalization+concentration,6.6630348635535706,272,additive+salt,functionalization+concentration,10.402929907257958,3.7398950437043874
regression,descriptor24_buffer_regressor_xgboost,descriptor24,XGBoost,all,42,o-additive+salt__p-molecular_weight+concentration,6.637245113009496,272,additive+salt,molecular_weight+concentration,10.402929907257958,3.765684794248462
regression,descriptor24_buffer_regressor_xgboost,descriptor24,XGBoost,all,42,o-additive+salt__p-functionalization+molecular_weight+concentration,4.979377951617594,272,additive+salt,functionalization+molecular_weight+concentration,10.402929907257958,5.423551955640364
regression,descriptor24_buffer_regressor_xgboost,descriptor24,XGBoost,all,42,o-additive+buffer__p-empty,9.523607026236945,272,additive+buffer,empty,10.402929907257958,0.8793228810210127
regression,descriptor24_buffer_regressor_xgboost,descriptor24,XGBoost,all,42,o-additive+buffer__p-functionalization,6.946860874028583,272,additive+buffer,functionalization,10.402929907257958,3.456069033229375
regression,descriptor24_buffer_regressor_xgboost,descriptor24,XGBoost,all,42,o-additive+buffer__p-molecular_weight,8.468360833333337,272,additive+buffer,molecular_weight,10.402929907257958,1.9345690739246209
regression,descriptor24_buffer_regressor_xgboost,descriptor24,XGBoost,all,42,o-additive+buffer__p-concentration,8.711050074907076,272,additive+buffer,concentration,10.402929907257958,1.6918798323508817
regression,descriptor24_buffer_regressor_xgboost,descriptor24,XGBoost,all,42,o-additive+buffer__p-functionalization+molecular_weight,5.934885001716317,272,additive+buffer,functionalization+molecular_weight,10.402929907257958,4.468044905541641
regression,descriptor24_buffer_regressor_xgboost,descriptor24,XGBoost,all,42,o-additive+buffer__p-functionalization+concentration,6.447729020048511,272,additive+buffer,functionalization+concentration,10.402929907257958,3.955200887209447
regression,descriptor24_buffer_regressor_xgboost,descriptor24,XGBoost,all,42,o-additive+buffer__p-molecular_weight+concentration,6.85238921837149,272,additive+buffer,molecular_weight+concentration,10.402929907257958,3.5505406888864677
regression,descriptor24_buffer_regressor_xgboost,descriptor24,XGBoost,all,42,o-additive+buffer__p-functionalization+molecular_weight+concentration,4.5056945296033835,272,additive+buffer,functionalization+molecular_weight+concentration,10.402929907257958,5.8972353776545745
regression,descriptor24_buffer_regressor_xgboost,descriptor24,XGBoost,all,42,o-salt+buffer__p-empty,8.186196360264674,272,salt+buffer,empty,10.402929907257958,2.216733546993284
regression,descriptor24_buffer_regressor_xgboost,descriptor24,XGBoost,all,42,o-salt+buffer__p-functionalization,7.203901444176673,272,salt+buffer,functionalization,10.402929907257958,3.1990284630812846
regression,descriptor24_buffer_regressor_xgboost,descriptor24,XGBoost,all,42,o-salt+buffer__p-molecular_weight,7.616118857750892,272,salt+buffer,molecular_weight,10.402929907257958,2.786811049507066
regression,descriptor24_buffer_regressor_xgboost,descriptor24,XGBoost,all,42,o-salt+buffer__p-concentration,8.45184944026403,272,salt+buffer,concentration,10.402929907257958,1.9510804669939272
regression,descriptor24_buffer_regressor_xgboost,descriptor24,XGBoost,all,42,o-salt+buffer__p-functionalization+molecular_weight,6.397324686951457,272,salt+buffer,functionalization+molecular_weight,10.402929907257958,4.005605220306501
regression,descriptor24_buffer_regressor_xgboost,descriptor24,XGBoost,all,42,o-salt+buffer__p-functionalization+concentration,6.5458560558029015,272,salt+buffer,functionalization+concentration,10.402929907257958,3.8570738514550564
regression,descriptor24_buffer_regressor_xgboost,descriptor24,XGBoost,all,42,o-salt+buffer__p-molecular_weight+concentration,6.662568781970528,272,salt+buffer,molecular_weight+concentration,10.402929907257958,3.7403611252874303
regression,descriptor24_buffer_regressor_xgboost,descriptor24,XGBoost,all,42,o-salt+buffer__p-functionalization+molecular_weight+concentration,5.315300589592764,272,salt+buffer,functionalization+molecular_weight+concentration,10.402929907257958,5.087629317665194
regression,descriptor24_buffer_regressor_xgboost,descriptor24,XGBoost,all,42,o-additive+salt+buffer__p-empty,6.967070020761634,272,additive+salt+buffer,empty,10.402929907257958,3.435859886496324
regression,descriptor24_buffer_regressor_xgboost,descriptor24,XGBoost,all,42,o-additive+salt+buffer__p-functionalization,5.788362001582998,272,additive+salt+buffer,functionalization,10.402929907257958,4.61456790567496
regression,descriptor24_buffer_regressor_xgboost,descriptor24,XGBoost,all,42,o-additive+salt+buffer__p-molecular_weight,6.006204574159062,272,additive+salt+buffer,molecular_weight,10.402929907257958,4.396725333098896
regression,descriptor24_buffer_regressor_xgboost,descriptor24,XGBoost,all,42,o-additive+salt+buffer__p-concentration,7.482064090293965,272,additive+salt+buffer,concentration,10.402929907257958,2.9208658169639934
regression,descriptor24_buffer_regressor_xgboost,descriptor24,XGBoost,all,42,o-additive+salt+buffer__p-functionalization+molecular_weight,4.676390131650171,272,additive+salt+buffer,functionalization+molecular_weight,10.402929907257958,5.726539775607787
regression,descriptor24_buffer_regressor_xgboost,descriptor24,XGBoost,all,42,o-additive+salt+buffer__p-functionalization+concentration,5.8620199775011175,272,additive+salt+buffer,functionalization+concentration,10.402929907257958,4.5409099297568405
regression,descriptor24_buffer_regressor_xgboost,descriptor24,XGBoost,all,42,o-additive+salt+buffer__p-molecular_weight+concentration,5.687352829670139,272,additive+salt+buffer,molecular_weight+concentration,10.402929907257958,4.7155770775878185
regression,descriptor24_buffer_regressor_xgboost,descriptor24,XGBoost,all,42,o-additive+salt+buffer__p-functionalization+molecular_weight+concentration,3.7880264750718635,272,additive+salt+buffer,functionalization+molecular_weight+concentration,10.402929907257958,6.614903432186095
regression,descriptor24_buffer_regressor_xgboost,descriptor24,XGBoost,all,43,o-empty__p-empty,10.370470935852886,272,empty,empty,10.370470935852886,0.0
regression,descriptor24_buffer_regressor_xgboost,descriptor24,XGBoost,all,43,o-empty__p-functionalization,8.071064328766855,272,empty,functionalization,10.370470935852886,2.2994066070860306
regression,descriptor24_buffer_regressor_xgboost,descriptor24,XGBoost,all,43,o-empty__p-molecular_weight,9.234294689441152,272,empty,molecular_weight,10.370470935852886,1.1361762464117344
regression,descriptor24_buffer_regressor_xgboost,descriptor24,XGBoost,all,43,o-empty__p-concentration,9.48376601051976,272,empty,concentration,10.370470935852886,0.8867049253331256
regression,descriptor24_buffer_regressor_xgboost,descriptor24,XGBoost,all,43,o-empty__p-functionalization+molecular_weight,7.137020135938917,272,empty,functionalization+molecular_weight,10.370470935852886,3.233450799913969
regression,descriptor24_buffer_regressor_xgboost,descriptor24,XGBoost,all,43,o-empty__p-functionalization+concentration,7.7142354194236225,272,empty,functionalization+concentration,10.370470935852886,2.6562355164292635
regression,descriptor24_buffer_regressor_xgboost,descriptor24,XGBoost,all,43,o-empty__p-molecular_weight+concentration,8.639086944484646,272,empty,molecular_weight+concentration,10.370470935852886,1.73138399136824
regression,descriptor24_buffer_regressor_xgboost,descriptor24,XGBoost,all,43,o-empty__p-functionalization+molecular_weight+concentration,6.674714281612484,272,empty,functionalization+molecular_weight+concentration,10.370470935852886,3.6957566542404017
regression,descriptor24_buffer_regressor_xgboost,descriptor24,XGBoost,all,43,o-additive__p-empty,9.62140394484197,272,additive,empty,10.370470935852886,0.7490669910109151
regression,descriptor24_buffer_regressor_xgboost,descriptor24,XGBoost,all,43,o-additive__p-functionalization,7.451656760267687,272,additive,functionalization,10.370470935852886,2.918814175585199
regression,descriptor24_buffer_regressor_xgboost,descriptor24,XGBoost,all,43,o-additive__p-molecular_weight,8.98697399390227,272,additive,molecular_weight,10.370470935852886,1.3834969419506162
regression,descriptor24_buffer_regressor_xgboost,descriptor24,XGBoost,all,43,o-additive__p-concentration,8.504299982023577,272,additive,concentration,10.370470935852886,1.8661709538293092
regression,descriptor24_buffer_regressor_xgboost,descriptor24,XGBoost,all,43,o-additive__p-functionalization+molecular_weight,6.563185391733576,272,additive,functionalization+molecular_weight,10.370470935852886,3.80728554411931
regression,descriptor24_buffer_regressor_xgboost,descriptor24,XGBoost,all,43,o-additive__p-functionalization+concentration,7.1811554544605105,272,additive,functionalization+concentration,10.370470935852886,3.1893154813923754
regression,descriptor24_buffer_regressor_xgboost,descriptor24,XGBoost,all,43,o-additive__p-molecular_weight+concentration,7.447752154392199,272,additive,molecular_weight+concentration,10.370470935852886,2.922718781460687
regression,descriptor24_buffer_regressor_xgboost,descriptor24,XGBoost,all,43,o-additive__p-functionalization+molecular_weight+concentration,5.413949939279599,272,additive,functionalization+molecular_weight+concentration,10.370470935852886,4.956520996573287
regression,descriptor24_buffer_regressor_xgboost,descriptor24,XGBoost,all,43,o-salt__p-empty,8.416948233600666,272,salt,empty,10.370470935852886,1.9535227022522204
regression,descriptor24_buffer_regressor_xgboost,descriptor24,XGBoost,all,43,o-salt__p-functionalization,7.560365314044893,272,salt,functionalization,10.370470935852886,2.8101056218079927
regression,descriptor24_buffer_regressor_xgboost,descriptor24,XGBoost,all,43,o-salt__p-molecular_weight,8.060015916121868,272,salt,molecular_weight,10.370470935852886,2.310455019731018
regression,descriptor24_buffer_regressor_xgboost,descriptor24,XGBoost,all,43,o-salt__p-concentration,8.299602594573011,272,salt,concentration,10.370470935852886,2.0708683412798745
regression,descriptor24_buffer_regressor_xgboost,descriptor24,XGBoost,all,43,o-salt__p-functionalization+molecular_weight,6.794531094002371,272,salt,functionalization+molecular_weight,10.370470935852886,3.5759398418505146
regression,descriptor24_buffer_regressor_xgboost,descriptor24,XGBoost,all,43,o-salt__p-functionalization+concentration,7.346591908345629,272,salt,functionalization+concentration,10.370470935852886,3.023879027507257
regression,descriptor24_buffer_regressor_xgboost,descriptor24,XGBoost,all,43,o-salt__p-molecular_weight+concentration,7.4945611647378465,272,salt,molecular_weight+concentration,10.370470935852886,2.8759097711150394
regression,descriptor24_buffer_regressor_xgboost,descriptor24,XGBoost,all,43,o-salt__p-functionalization+molecular_weight+concentration,6.199767788592698,272,salt,functionalization+molecular_weight+concentration,10.370470935852886,4.170703147260188
regression,descriptor24_buffer_regressor_xgboost,descriptor24,XGBoost,all,43,o-buffer__p-empty,10.448359406826457,272,buffer,empty,10.370470935852886,-0.07788847097357099
regression,descriptor24_buffer_regressor_xgboost,descriptor24,XGBoost,all,43,o-buffer__p-functionalization,7.587191776706287,272,buffer,functionalization,10.370470935852886,2.7832791591465993
regression,descriptor24_buffer_regressor_xgboost,descriptor24,XGBoost,all,43,o-buffer__p-molecular_weight,8.914328244271767,272,buffer,molecular_weight,10.370470935852886,1.4561426915811193
regression,descriptor24_buffer_regressor_xgboost,descriptor24,XGBoost,all,43,o-buffer__p-concentration,9.375863425324605,272,buffer,concentration,10.370470935852886,0.9946075105282812
regression,descriptor24_buffer_regressor_xgboost,descriptor24,XGBoost,all,43,o-buffer__p-functionalization+molecular_weight,6.416254821643828,272,buffer,functionalization+molecular_weight,10.370470935852886,3.954216114209058
regression,descriptor24_buffer_regressor_xgboost,descriptor24,XGBoost,all,43,o-buffer__p-functionalization+concentration,6.97123091086616,272,buffer,functionalization+concentration,10.370470935852886,3.3992400249867263
regression,descriptor24_buffer_regressor_xgboost,descriptor24,XGBoost,all,43,o-buffer__p-molecular_weight+concentration,7.1927591965110675,272,buffer,molecular_weight+concentration,10.370470935852886,3.1777117393418184
regression,descriptor24_buffer_regressor_xgboost,descriptor24,XGBoost,all,43,o-buffer__p-functionalization+molecular_weight+concentration,5.543429167565039,272,buffer,functionalization+molecular_weight+concentration,10.370470935852886,4.827041768287847
regression,descriptor24_buffer_regressor_xgboost,descriptor24,XGBoost,all,43,o-additive+salt__p-empty,6.99305357955404,272,additive+salt,empty,10.370470935852886,3.377417356298846
regression,descriptor24_buffer_regressor_xgboost,descriptor24,XGBoost,all,43,o-additive+salt__p-functionalization,6.088010683511414,272,additive+salt,functionalization,10.370470935852886,4.282460252341472
regression,descriptor24_buffer_regressor_xgboost,descriptor24,XGBoost,all,43,o-additive+salt__p-molecular_weight,6.296279539845031,272,additive+salt,molecular_weight,10.370470935852886,4.074191396007855
regression,descriptor24_buffer_regressor_xgboost,descriptor24,XGBoost,all,43,o-additive+salt__p-concentration,7.270792202541714,272,additive+salt,concentration,10.370470935852886,3.0996787333111717
regression,descriptor24_buffer_regressor_xgboost,descriptor24,XGBoost,all,43,o-additive+salt__p-functionalization+molecular_weight,4.890282817565696,272,additive+salt,functionalization+molecular_weight,10.370470935852886,5.48018811828719
regression,descriptor24_buffer_regressor_xgboost,descriptor24,XGBoost,all,43,o-additive+salt__p-functionalization+concentration,6.385345774061474,272,additive+salt,functionalization+concentration,10.370470935852886,3.9851251617914123
regression,descriptor24_buffer_regressor_xgboost,descriptor24,XGBoost,all,43,o-additive+salt__p-molecular_weight+concentration,6.3441071128589215,272,additive+salt,molecular_weight+concentration,10.370470935852886,4.0263638229939644
regression,descriptor24_buffer_regressor_xgboost,descriptor24,XGBoost,all,43,o-additive+salt__p-functionalization+molecular_weight+concentration,4.618551170640721,272,additive+salt,functionalization+molecular_weight+concentration,10.370470935852886,5.751919765212165
regression,descriptor24_buffer_regressor_xgboost,descriptor24,XGBoost,all,43,o-additive+buffer__p-empty,9.396669399622926,272,additive+buffer,empty,10.370470935852886,0.9738015362299599
regression,descriptor24_buffer_regressor_xgboost,descriptor24,XGBoost,all,43,o-additive+buffer__p-functionalization,6.733422994616212,272,additive+buffer,functionalization,10.370470935852886,3.6370479412366743
regression,descriptor24_buffer_regressor_xgboost,descriptor24,XGBoost,all,43,o-additive+buffer__p-molecular_weight,8.365349060813982,272,additive+buffer,molecular_weight,10.370470935852886,2.0051218750389044
regression,descriptor24_buffer_regressor_xgboost,descriptor24,XGBoost,all,43,o-additive+buffer__p-concentration,8.713568686476183,272,additive+buffer,concentration,10.370470935852886,1.656902249376703
regression,descriptor24_buffer_regressor_xgboost,descriptor24,XGBoost,all,43,o-additive+buffer__p-functionalization+molecular_weight,5.839299208510198,272,additive+buffer,functionalization+molecular_weight,10.370470935852886,4.531171727342688
regression,descriptor24_buffer_regressor_xgboost,descriptor24,XGBoost,all,43,o-additive+buffer__p-functionalization+concentration,6.170476135115938,272,additive+buffer,functionalization+concentration,10.370470935852886,4.199994800736948
regression,descriptor24_buffer_regressor_xgboost,descriptor24,XGBoost,all,43,o-additive+buffer__p-molecular_weight+concentration,6.579131020266932,272,additive+buffer,molecular_weight+concentration,10.370470935852886,3.7913399155859535
regression,descriptor24_buffer_regressor_xgboost,descriptor24,XGBoost,all,43,o-additive+buffer__p-functionalization+molecular_weight+concentration,4.2472883909030035,272,additive+buffer,functionalization+molecular_weight+concentration,10.370470935852886,6.1231825449498825
regression,descriptor24_buffer_regressor_xgboost,descriptor24,XGBoost,all,43,o-salt+buffer__p-empty,8.175964756967598,272,salt+buffer,empty,10.370470935852886,2.1945061788852875
regression,descriptor24_buffer_regressor_xgboost,descriptor24,XGBoost,all,43,o-salt+buffer__p-functionalization,7.00461209346165,272,salt+buffer,functionalization,10.370470935852886,3.365858842391236
regression,descriptor24_buffer_regressor_xgboost,descriptor24,XGBoost,all,43,o-salt+buffer__p-molecular_weight,7.294110653170733,272,salt+buffer,molecular_weight,10.370470935852886,3.0763602826821526
regression,descriptor24_buffer_regressor_xgboost,descriptor24,XGBoost,all,43,o-salt+buffer__p-concentration,8.516834345716978,272,salt+buffer,concentration,10.370470935852886,1.853636590135908
regression,descriptor24_buffer_regressor_xgboost,descriptor24,XGBoost,all,43,o-salt+buffer__p-functionalization+molecular_weight,6.136351477872229,272,salt+buffer,functionalization+molecular_weight,10.370470935852886,4.234119457980657
regression,descriptor24_buffer_regressor_xgboost,descriptor24,XGBoost,all,43,o-salt+buffer__p-functionalization+concentration,6.420839553904868,272,salt+buffer,functionalization+concentration,10.370470935852886,3.949631381948018
regression,descriptor24_buffer_regressor_xgboost,descriptor24,XGBoost,all,43,o-salt+buffer__p-molecular_weight+concentration,6.428895373105193,272,salt+buffer,molecular_weight+concentration,10.370470935852886,3.941575562747693
regression,descriptor24_buffer_regressor_xgboost,descriptor24,XGBoost,all,43,o-salt+buffer__p-functionalization+molecular_weight+concentration,5.026729273190201,272,salt+buffer,functionalization+molecular_weight+concentration,10.370470935852886,5.343741662662685
regression,descriptor24_buffer_regressor_xgboost,descriptor24,XGBoost,all,43,o-additive+salt+buffer__p-empty,6.704339110906424,272,additive+salt+buffer,empty,10.370470935852886,3.6661318249464623
regression,descriptor24_buffer_regressor_xgboost,descriptor24,XGBoost,all,43,o-additive+salt+buffer__p-functionalization,5.4366045533865375,272,additive+salt+buffer,functionalization,10.370470935852886,4.9338663824663485
regression,descriptor24_buffer_regressor_xgboost,descriptor24,XGBoost,all,43,o-additive+salt+buffer__p-molecular_weight,5.632506365517149,272,additive+salt+buffer,molecular_weight,10.370470935852886,4.737964570335737
regression,descriptor24_buffer_regressor_xgboost,descriptor24,XGBoost,all,43,o-additive+salt+buffer__p-concentration,7.428102412958952,272,additive+salt+buffer,concentration,10.370470935852886,2.9423685228939336
regression,descriptor24_buffer_regressor_xgboost,descriptor24,XGBoost,all,43,o-additive+salt+buffer__p-functionalization+molecular_weight,4.198044672718331,272,additive+salt+buffer,functionalization+molecular_weight,10.370470935852886,6.172426263134555
regression,descriptor24_buffer_regressor_xgboost,descriptor24,XGBoost,all,43,o-additive+salt+buffer__p-functionalization+concentration,5.370077503609911,272,additive+salt+buffer,functionalization+concentration,10.370470935852886,5.000393432242975
regression,descriptor24_buffer_regressor_xgboost,descriptor24,XGBoost,all,43,o-additive+salt+buffer__p-molecular_weight+concentration,5.256466125935952,272,additive+salt+buffer,molecular_weight+concentration,10.370470935852886,5.114004809916934
regression,descriptor24_buffer_regressor_xgboost,descriptor24,XGBoost,all,43,o-additive+salt+buffer__p-functionalization+molecular_weight+concentration,3.4279348951559765,272,additive+salt+buffer,functionalization+molecular_weight+concentration,10.370470935852886,6.942536040696909
regression,descriptor24_buffer_regressor_xgboost,descriptor24,XGBoost,all,44,o-empty__p-empty,10.426707427292808,272,empty,empty,10.426707427292808,0.0
regression,descriptor24_buffer_regressor_xgboost,descriptor24,XGBoost,all,44,o-empty__p-functionalization,8.23591164756261,272,empty,functionalization,10.426707427292808,2.1907957797301982
regression,descriptor24_buffer_regressor_xgboost,descriptor24,XGBoost,all,44,o-empty__p-molecular_weight,9.485862347603737,272,empty,molecular_weight,10.426707427292808,0.9408450796890708
regression,descriptor24_buffer_regressor_xgboost,descriptor24,XGBoost,all,44,o-empty__p-concentration,9.589284375179812,272,empty,concentration,10.426707427292808,0.837423052112996
regression,descriptor24_buffer_regressor_xgboost,descriptor24,XGBoost,all,44,o-empty__p-functionalization+molecular_weight,7.37668817574387,272,empty,functionalization+molecular_weight,10.426707427292808,3.050019251548938
regression,descriptor24_buffer_regressor_xgboost,descriptor24,XGBoost,all,44,o-empty__p-functionalization+concentration,7.766784624126297,272,empty,functionalization+concentration,10.426707427292808,2.659922803166511
regression,descriptor24_buffer_regressor_xgboost,descriptor24,XGBoost,all,44,o-empty__p-molecular_weight+concentration,8.741815092797314,272,empty,molecular_weight+concentration,10.426707427292808,1.684892334495494
regression,descriptor24_buffer_regressor_xgboost,descriptor24,XGBoost,all,44,o-empty__p-functionalization+molecular_weight+concentration,6.824495676929075,272,empty,functionalization+molecular_weight+concentration,10.426707427292808,3.6022117503637325
regression,descriptor24_buffer_regressor_xgboost,descriptor24,XGBoost,all,44,o-additive__p-empty,9.863062458084682,272,additive,empty,10.426707427292808,0.5636449692081253
regression,descriptor24_buffer_regressor_xgboost,descriptor24,XGBoost,all,44,o-additive__p-functionalization,7.618465489101286,272,additive,functionalization,10.426707427292808,2.8082419381915216
regression,descriptor24_buffer_regressor_xgboost,descriptor24,XGBoost,all,44,o-additive__p-molecular_weight,9.14967642238287,272,additive,molecular_weight,10.426707427292808,1.2770310049099383
regression,descriptor24_buffer_regressor_xgboost,descriptor24,XGBoost,all,44,o-additive__p-concentration,8.72308911054811,272,additive,concentration,10.426707427292808,1.7036183167446985
regression,descriptor24_buffer_regressor_xgboost,descriptor24,XGBoost,all,44,o-additive__p-functionalization+molecular_weight,6.770968000502767,272,additive,functionalization+molecular_weight,10.426707427292808,3.655739426790041
regression,descriptor24_buffer_regressor_xgboost,descriptor24,XGBoost,all,44,o-additive__p-functionalization+concentration,7.148988770994652,272,additive,functionalization+concentration,10.426707427292808,3.2777186562981555
regression,descriptor24_buffer_regressor_xgboost,descriptor24,XGBoost,all,44,o-additive__p-molecular_weight+concentration,7.824829377606566,272,additive,molecular_weight+concentration,10.426707427292808,2.601878049686242
regression,descriptor24_buffer_regressor_xgboost,descriptor24,XGBoost,all,44,o-additive__p-functionalization+molecular_weight+concentration,5.546362737876806,272,additive,functionalization+molecular_weight+concentration,10.426707427292808,4.880344689416002
regression,descriptor24_buffer_regressor_xgboost,descriptor24,XGBoost,all,44,o-salt__p-empty,8.432299102291333,272,salt,empty,10.426707427292808,1.9944083250014746
regression,descriptor24_buffer_regressor_xgboost,descriptor24,XGBoost,all,44,o-salt__p-functionalization,7.57086119467339,272,salt,functionalization,10.426707427292808,2.8558462326194176
regression,descriptor24_buffer_regressor_xgboost,descriptor24,XGBoost,all,44,o-salt__p-molecular_weight,8.273198635134863,272,salt,molecular_weight,10.426707427292808,2.153508792157945
regression,descriptor24_buffer_regressor_xgboost,descriptor24,XGBoost,all,44,o-salt__p-concentration,8.436428349682897,272,salt,concentration,10.426707427292808,1.9902790776099106
regression,descriptor24_buffer_regressor_xgboost,descriptor24,XGBoost,all,44,o-salt__p-functionalization+molecular_weight,6.96427016400135,272,salt,functionalization+molecular_weight,10.426707427292808,3.4624372632914575
regression,descriptor24_buffer_regressor_xgboost,descriptor24,XGBoost,all,44,o-salt__p-functionalization+concentration,7.257137084062499,272,salt,functionalization+concentration,10.426707427292808,3.1695703432303084
regression,descriptor24_buffer_regressor_xgboost,descriptor24,XGBoost,all,44,o-salt__p-molecular_weight+concentration,7.694543744320606,272,salt,molecular_weight+concentration,10.426707427292808,2.7321636829722014
regression,descriptor24_buffer_regressor_xgboost,descriptor24,XGBoost,all,44,o-salt__p-functionalization+molecular_weight+concentration,6.345666086619892,272,salt,functionalization+molecular_weight+concentration,10.426707427292808,4.081041340672916
regression,descriptor24_buffer_regressor_xgboost,descriptor24,XGBoost,all,44,o-buffer__p-empty,10.472022440732733,272,buffer,empty,10.426707427292808,-0.04531501343992517
regression,descriptor24_buffer_regressor_xgboost,descriptor24,XGBoost,all,44,o-buffer__p-functionalization,7.7415512039181165,272,buffer,functionalization,10.426707427292808,2.6851562233746913
regression,descriptor24_buffer_regressor_xgboost,descriptor24,XGBoost,all,44,o-buffer__p-molecular_weight,9.171524732251637,272,buffer,molecular_weight,10.426707427292808,1.2551826950411709
regression,descriptor24_buffer_regressor_xgboost,descriptor24,XGBoost,all,44,o-buffer__p-concentration,9.429157299074134,272,buffer,concentration,10.426707427292808,0.9975501282186734
regression,descriptor24_buffer_regressor_xgboost,descriptor24,XGBoost,all,44,o-buffer__p-functionalization+molecular_weight,6.652192062308577,272,buffer,functionalization+molecular_weight,10.426707427292808,3.7745153649842305
regression,descriptor24_buffer_regressor_xgboost,descriptor24,XGBoost,all,44,o-buffer__p-functionalization+concentration,7.026374061891101,272,buffer,functionalization+concentration,10.426707427292808,3.400333365401707
regression,descriptor24_buffer_regressor_xgboost,descriptor24,XGBoost,all,44,o-buffer__p-molecular_weight+concentration,7.46963527279635,272,buffer,molecular_weight+concentration,10.426707427292808,2.9570721544964576
regression,descriptor24_buffer_regressor_xgboost,descriptor24,XGBoost,all,44,o-buffer__p-functionalization+molecular_weight+concentration,5.732981051575312,272,buffer,functionalization+molecular_weight+concentration,10.426707427292808,4.693726375717496
regression,descriptor24_buffer_regressor_xgboost,descriptor24,XGBoost,all,44,o-additive+salt__p-empty,7.306466822177676,272,additive+salt,empty,10.426707427292808,3.120240605115132
regression,descriptor24_buffer_regressor_xgboost,descriptor24,XGBoost,all,44,o-additive+salt__p-functionalization,6.340936993557482,272,additive+salt,functionalization,10.426707427292808,4.085770433735326
regression,descriptor24_buffer_regressor_xgboost,descriptor24,XGBoost,all,44,o-additive+salt__p-molecular_weight,6.700635396207152,272,additive+salt,molecular_weight,10.426707427292808,3.726072031085656
regression,descriptor24_buffer_regressor_xgboost,descriptor24,XGBoost,all,44,o-additive+salt__p-concentration,7.618590917495249,272,additive+salt,concentration,10.426707427292808,2.808116509797559
regression,descriptor24_buffer_regressor_xgboost,descriptor24,XGBoost,all,44,o-additive+salt__p-functionalization+molecular_weight,5.159644499309929,272,additive+salt,functionalization+molecular_weight,10.426707427292808,5.267062927982879
regression,descriptor24_buffer_regressor_xgboost,descriptor24,XGBoost,all,44,o-additive+salt__p-functionalization+concentration,6.52664429090899,272,additive+salt,functionalization+concentration,10.426707427292808,3.9000631363838174
regression,descriptor24_buffer_regressor_xgboost,descriptor24,XGBoost,all,44,o-additive+salt__p-molecular_weight+concentration,6.741618171515556,272,additive+salt,molecular_weight+concentration,10.426707427292808,3.6850892557772514
regression,descriptor24_buffer_regressor_xgboost,descriptor24,XGBoost,all,44,o-additive+salt__p-functionalization+molecular_weight+concentration,4.820148631283032,272,additive+salt,functionalization+molecular_weight+concentration,10.426707427292808,5.606558796009776
regression,descriptor24_buffer_regressor_xgboost,descriptor24,XGBoost,all,44,o-additive+buffer__p-empty,9.707599492354024,272,additive+buffer,empty,10.426707427292808,0.7191079349387834
regression,descriptor24_buffer_regressor_xgboost,descriptor24,XGBoost,all,44,o-additive+buffer__p-functionalization,7.0377007544237085,272,additive+buffer,functionalization,10.426707427292808,3.3890066728690993
regression,descriptor24_buffer_regressor_xgboost,descriptor24,XGBoost,all,44,o-additive+buffer__p-molecular_weight,8.655463978856147,272,additive+buffer,molecular_weight,10.426707427292808,1.7712434484366604
regression,descriptor24_buffer_regressor_xgboost,descriptor24,XGBoost,all,44,o-additive+buffer__p-concentration,8.833505333721563,272,additive+buffer,concentration,10.426707427292808,1.5932020935712448
regression,descriptor24_buffer_regressor_xgboost,descriptor24,XGBoost,all,44,o-additive+buffer__p-functionalization+molecular_weight,6.079562067981178,272,additive+buffer,functionalization+molecular_weight,10.426707427292808,4.34714535931163
regression,descriptor24_buffer_regressor_xgboost,descriptor24,XGBoost,all,44,o-additive+buffer__p-functionalization+concentration,6.2591868451718025,272,additive+buffer,functionalization+concentration,10.426707427292808,4.167520582121005
regression,descriptor24_buffer_regressor_xgboost,descriptor24,XGBoost,all,44,o-additive+buffer__p-molecular_weight+concentration,6.981249418872746,272,additive+buffer,molecular_weight+concentration,10.426707427292808,3.4454580084200614
regression,descriptor24_buffer_regressor_xgboost,descriptor24,XGBoost,all,44,o-additive+buffer__p-functionalization+molecular_weight+concentration,4.433638697277428,272,additive+buffer,functionalization+molecular_weight+concentration,10.426707427292808,5.99306873001538
regression,descriptor24_buffer_regressor_xgboost,descriptor24,XGBoost,all,44,o-salt+buffer__p-empty,8.206937037421252,272,salt+buffer,empty,10.426707427292808,2.219770389871556
regression,descriptor24_buffer_regressor_xgboost,descriptor24,XGBoost,all,44,o-salt+buffer__p-functionalization,7.032643907127756,272,salt+buffer,functionalization,10.426707427292808,3.3940635201650515
regression,descriptor24_buffer_regressor_xgboost,descriptor24,XGBoost,all,44,o-salt+buffer__p-molecular_weight,7.535733122058552,272,salt+buffer,molecular_weight,10.426707427292808,2.8909743052342556
regression,descriptor24_buffer_regressor_xgboost,descriptor24,XGBoost,all,44,o-salt+buffer__p-concentration,8.47295783406602,272,salt+buffer,concentration,10.426707427292808,1.953749593226787
regression,descriptor24_buffer_regressor_xgboost,descriptor24,XGBoost,all,44,o-salt+buffer__p-functionalization+molecular_weight,6.299705374401076,272,salt+buffer,functionalization+molecular_weight,10.426707427292808,4.127002052891732
regression,descriptor24_buffer_regressor_xgboost,descriptor24,XGBoost,all,44,o-salt+buffer__p-functionalization+concentration,6.4474528752420746,272,salt+buffer,functionalization+concentration,10.426707427292808,3.979254552050733
regression,descriptor24_buffer_regressor_xgboost,descriptor24,XGBoost,all,44,o-salt+buffer__p-molecular_weight+concentration,6.638955689449007,272,salt+buffer,molecular_weight+concentration,10.426707427292808,3.7877517378438004
regression,descriptor24_buffer_regressor_xgboost,descriptor24,XGBoost,all,44,o-salt+buffer__p-functionalization+molecular_weight+concentration,5.246936055785526,272,salt+buffer,functionalization+molecular_weight+concentration,10.426707427292808,5.1797713715072815
regression,descriptor24_buffer_regressor_xgboost,descriptor24,XGBoost,all,44,o-additive+salt+buffer__p-empty,7.114942232101336,272,additive+salt+buffer,empty,10.426707427292808,3.311765195191472
regression,descriptor24_buffer_regressor_xgboost,descriptor24,XGBoost,all,44,o-additive+salt+buffer__p-functionalization,5.800021725053362,272,additive+salt+buffer,functionalization,10.426707427292808,4.626685702239445
regression,descriptor24_buffer_regressor_xgboost,descriptor24,XGBoost,all,44,o-additive+salt+buffer__p-molecular_weight,6.20955294753553,272,additive+salt+buffer,molecular_weight,10.426707427292808,4.217154479757277
regression,descriptor24_buffer_regressor_xgboost,descriptor24,XGBoost,all,44,o-additive+salt+buffer__p-concentration,7.755922917891155,272,additive+salt+buffer,concentration,10.426707427292808,2.6707845094016527
regression,descriptor24_buffer_regressor_xgboost,descriptor24,XGBoost,all,44,o-additive+salt+buffer__p-functionalization+molecular_weight,4.577390376235186,272,additive+salt+buffer,functionalization+molecular_weight,10.426707427292808,5.849317051057621
regression,descriptor24_buffer_regressor_xgboost,descriptor24,XGBoost,all,44,o-additive+salt+buffer__p-functionalization+concentration,5.621313254426523,272,additive+salt+buffer,functionalization+concentration,10.426707427292808,4.805394172866285
regression,descriptor24_buffer_regressor_xgboost,descriptor24,XGBoost,all,44,o-additive+salt+buffer__p-molecular_weight+concentration,5.878447574840376,272,additive+salt+buffer,molecular_weight+concentration,10.426707427292808,4.548259852452432
regression,descriptor24_buffer_regressor_xgboost,descriptor24,XGBoost,all,44,o-additive+salt+buffer__p-functionalization+molecular_weight+concentration,3.7617071511368456,272,additive+salt+buffer,functionalization+molecular_weight+concentration,10.426707427292808,6.665000276155962
regression,descriptor24_buffer_regressor_xgboost,descriptor24,XGBoost,all,45,o-empty__p-empty,10.353450790155122,272,empty,empty,10.353450790155122,0.0
regression,descriptor24_buffer_regressor_xgboost,descriptor24,XGBoost,all,45,o-empty__p-functionalization,8.07284068844613,272,empty,functionalization,10.353450790155122,2.2806101017089926
regression,descriptor24_buffer_regressor_xgboost,descriptor24,XGBoost,all,45,o-empty__p-molecular_weight,9.223845112984135,272,empty,molecular_weight,10.353450790155122,1.1296056771709875
regression,descriptor24_buffer_regressor_xgboost,descriptor24,XGBoost,all,45,o-empty__p-concentration,9.506892902525133,272,empty,concentration,10.353450790155122,0.8465578876299897
regression,descriptor24_buffer_regressor_xgboost,descriptor24,XGBoost,all,45,o-empty__p-functionalization+molecular_weight,7.120715355847983,272,empty,functionalization+molecular_weight,10.353450790155122,3.2327354343071395
regression,descriptor24_buffer_regressor_xgboost,descriptor24,XGBoost,all,45,o-empty__p-functionalization+concentration,7.695886070660845,272,empty,functionalization+concentration,10.353450790155122,2.6575647194942773
regression,descriptor24_buffer_regressor_xgboost,descriptor24,XGBoost,all,45,o-empty__p-molecular_weight+concentration,8.547884267620832,272,empty,molecular_weight+concentration,10.353450790155122,1.8055665225342903
regression,descriptor24_buffer_regressor_xgboost,descriptor24,XGBoost,all,45,o-empty__p-functionalization+molecular_weight+concentration,6.605483501259738,272,empty,functionalization+molecular_weight+concentration,10.353450790155122,3.747967288895384
regression,descriptor24_buffer_regressor_xgboost,descriptor24,XGBoost,all,45,o-additive__p-empty,9.659787014807316,272,additive,empty,10.353450790155122,0.6936637753478063
regression,descriptor24_buffer_regressor_xgboost,descriptor24,XGBoost,all,45,o-additive__p-functionalization,7.363859562392719,272,additive,functionalization,10.353450790155122,2.9895912277624035
regression,descriptor24_buffer_regressor_xgboost,descriptor24,XGBoost,all,45,o-additive__p-molecular_weight,8.715192520476643,272,additive,molecular_weight,10.353450790155122,1.638258269678479
regression,descriptor24_buffer_regressor_xgboost,descriptor24,XGBoost,all,45,o-additive__p-concentration,8.651376859420777,272,additive,concentration,10.353450790155122,1.702073930734345
regression,descriptor24_buffer_regressor_xgboost,descriptor24,XGBoost,all,45,o-additive__p-functionalization+molecular_weight,6.52456983280525,272,additive,functionalization+molecular_weight,10.353450790155122,3.828880957349872
regression,descriptor24_buffer_regressor_xgboost,descriptor24,XGBoost,all,45,o-additive__p-functionalization+concentration,7.145711970050022,272,additive,functionalization+concentration,10.353450790155122,3.2077388201051003
regression,descriptor24_buffer_regressor_xgboost,descriptor24,XGBoost,all,45,o-additive__p-molecular_weight+concentration,7.62220797389435,272,additive,molecular_weight+concentration,10.353450790155122,2.7312428162607727
regression,descriptor24_buffer_regressor_xgboost,descriptor24,XGBoost,all,45,o-additive__p-functionalization+molecular_weight+concentration,5.453890052537189,272,additive,functionalization+molecular_weight+concentration,10.353450790155122,4.899560737617933
regression,descriptor24_buffer_regressor_xgboost,descriptor24,XGBoost,all,45,o-salt__p-empty,8.48659037424306,272,salt,empty,10.353450790155122,1.866860415912063
regression,descriptor24_buffer_regressor_xgboost,descriptor24,XGBoost,all,45,o-salt__p-functionalization,7.539055961707934,272,salt,functionalization,10.353450790155122,2.8143948284471882
regression,descriptor24_buffer_regressor_xgboost,descriptor24,XGBoost,all,45,o-salt__p-molecular_weight,8.062882555201359,272,salt,molecular_weight,10.353450790155122,2.2905682349537635
regression,descriptor24_buffer_regressor_xgboost,descriptor24,XGBoost,all,45,o-salt__p-concentration,8.598963064772171,272,salt,concentration,10.353450790155122,1.7544877253829512
regression,descriptor24_buffer_regressor_xgboost,descriptor24,XGBoost,all,45,o-salt__p-functionalization+molecular_weight,6.767062134701628,272,salt,functionalization+molecular_weight,10.353450790155122,3.5863886554534945
regression,descriptor24_buffer_regressor_xgboost,descriptor24,XGBoost,all,45,o-salt__p-functionalization+concentration,7.391609061045344,272,salt,functionalization+concentration,10.353450790155122,2.9618417291097785
regression,descriptor24_buffer_regressor_xgboost,descriptor24,XGBoost,all,45,o-salt__p-molecular_weight+concentration,7.678891612232807,272,salt,molecular_weight+concentration,10.353450790155122,2.6745591779223155
regression,descriptor24_buffer_regressor_xgboost,descriptor24,XGBoost,all,45,o-salt__p-functionalization+molecular_weight+concentration,6.336741358608307,272,salt,functionalization+molecular_weight+concentration,10.353450790155122,4.016709431546816
regression,descriptor24_buffer_regressor_xgboost,descriptor24,XGBoost,all,45,o-buffer__p-empty,10.426042212850946,272,buffer,empty,10.353450790155122,-0.07259142269582419
regression,descriptor24_buffer_regressor_xgboost,descriptor24,XGBoost,all,45,o-buffer__p-functionalization,7.645477967554395,272,buffer,functionalization,10.353450790155122,2.707972822600727
regression,descriptor24_buffer_regressor_xgboost,descriptor24,XGBoost,all,45,o-buffer__p-molecular_weight,8.9562652116268,272,buffer,molecular_weight,10.353450790155122,1.3971855785283225
regression,descriptor24_buffer_regressor_xgboost,descriptor24,XGBoost,all,45,o-buffer__p-concentration,9.277035856228085,272,buffer,concentration,10.353450790155122,1.0764149339270368
regression,descriptor24_buffer_regressor_xgboost,descriptor24,XGBoost,all,45,o-buffer__p-functionalization+molecular_weight,6.452089364069601,272,buffer,functionalization+molecular_weight,10.353450790155122,3.901361426085521
regression,descriptor24_buffer_regressor_xgboost,descriptor24,XGBoost,all,45,o-buffer__p-functionalization+concentration,6.969710572564989,272,buffer,functionalization+concentration,10.353450790155122,3.383740217590133
regression,descriptor24_buffer_regressor_xgboost,descriptor24,XGBoost,all,45,o-buffer__p-molecular_weight+concentration,7.230545715859932,272,buffer,molecular_weight+concentration,10.353450790155122,3.12290507429519
regression,descriptor24_buffer_regressor_xgboost,descriptor24,XGBoost,all,45,o-buffer__p-functionalization+molecular_weight+concentration,5.649437657536973,272,buffer,functionalization+molecular_weight+concentration,10.353450790155122,4.704013132618149
regression,descriptor24_buffer_regressor_xgboost,descriptor24,XGBoost,all,45,o-additive+salt__p-empty,7.142164471435362,272,additive+salt,empty,10.353450790155122,3.2112863187197602
regression,descriptor24_buffer_regressor_xgboost,descriptor24,XGBoost,all,45,o-additive+salt__p-functionalization,6.2540790533248085,272,additive+salt,functionalization,10.353450790155122,4.099371736830314
regression,descriptor24_buffer_regressor_xgboost,descriptor24,XGBoost,all,45,o-additive+salt__p-molecular_weight,6.374586069491488,272,additive+salt,molecular_weight,10.353450790155122,3.9788647206636343
regression,descriptor24_buffer_regressor_xgboost,descriptor24,XGBoost,all,45,o-additive+salt__p-concentration,7.540801824411291,272,additive+salt,concentration,10.353450790155122,2.812648965743831
regression,descriptor24_buffer_regressor_xgboost,descriptor24,XGBoost,all,45,o-additive+salt__p-functionalization+molecular_weight,5.129096453940906,272,additive+salt,functionalization+molecular_weight,10.353450790155122,5.224354336214216
regression,descriptor24_buffer_regressor_xgboost,descriptor24,XGBoost,all,45,o-additive+salt__p-functionalization+concentration,6.607951644915819,272,additive+salt,functionalization+concentration,10.353450790155122,3.745499145239303
regression,descriptor24_buffer_regressor_xgboost,descriptor24,XGBoost,all,45,o-additive+salt__p-molecular_weight+concentration,6.547305184976146,272,additive+salt,molecular_weight+concentration,10.353450790155122,3.806145605178976
regression,descriptor24_buffer_regressor_xgboost,descriptor24,XGBoost,all,45,o-additive+salt__p-functionalization+molecular_weight+concentration,4.78298036369128,272,additive+salt,functionalization+molecular_weight+concentration,10.353450790155122,5.570470426463842
regression,descriptor24_buffer_regressor_xgboost,descriptor24,XGBoost,all,45,o-additive+buffer__p-empty,9.36777724275855,272,additive+buffer,empty,10.353450790155122,0.9856735473965728
regression,descriptor24_buffer_regressor_xgboost,descriptor24,XGBoost,all,45,o-additive+buffer__p-functionalization,6.731648710481785,272,additive+buffer,functionalization,10.353450790155122,3.621802079673337
regression,descriptor24_buffer_regressor_xgboost,descriptor24,XGBoost,all,45,o-additive+buffer__p-molecular_weight,8.201962884122027,272,additive+buffer,molecular_weight,10.353450790155122,2.151487906033095
regression,descriptor24_buffer_regressor_xgboost,descriptor24,XGBoost,all,45,o-additive+buffer__p-concentration,8.799620071124929,272,additive+buffer,concentration,10.353450790155122,1.5538307190301932
regression,descriptor24_buffer_regressor_xgboost,descriptor24,XGBoost,all,45,o-additive+buffer__p-functionalization+molecular_weight,5.839413765258401,272,additive+buffer,functionalization+molecular_weight,10.353450790155122,4.514037024896721
regression,descriptor24_buffer_regressor_xgboost,descriptor24,XGBoost,all,45,o-additive+buffer__p-functionalization+concentration,6.376329031301468,272,additive+buffer,functionalization+concentration,10.353450790155122,3.977121758853654
regression,descriptor24_buffer_regressor_xgboost,descriptor24,XGBoost,all,45,o-additive+buffer__p-molecular_weight+concentration,6.821634397377313,272,additive+buffer,molecular_weight+concentration,10.353450790155122,3.5318163927778095
regression,descriptor24_buffer_regressor_xgboost,descriptor24,XGBoost,all,45,o-additive+buffer__p-functionalization+molecular_weight+concentration,4.423506915617882,272,additive+buffer,functionalization+molecular_weight+concentration,10.353450790155122,5.929943874537241
regression,descriptor24_buffer_regressor_xgboost,descriptor24,XGBoost,all,45,o-salt+buffer__p-empty,8.213685859598387,272,salt+buffer,empty,10.353450790155122,2.1397649305567352
regression,descriptor24_buffer_regressor_xgboost,descriptor24,XGBoost,all,45,o-salt+buffer__p-functionalization,7.017285562599836,272,salt+buffer,functionalization,10.353450790155122,3.336165227555286
regression,descriptor24_buffer_regressor_xgboost,descriptor24,XGBoost,all,45,o-salt+buffer__p-molecular_weight,7.3533174660106155,272,salt+buffer,molecular_weight,10.353450790155122,3.0001333241445067
regression,descriptor24_buffer_regressor_xgboost,descriptor24,XGBoost,all,45,o-salt+buffer__p-concentration,8.67796793230995,272,salt+buffer,concentration,10.353450790155122,1.6754828578451715
regression,descriptor24_buffer_regressor_xgboost,descriptor24,XGBoost,all,45,o-salt+buffer__p-functionalization+molecular_weight,6.155934826493288,272,salt+buffer,functionalization+molecular_weight,10.353450790155122,4.197515963661834
regression,descriptor24_buffer_regressor_xgboost,descriptor24,XGBoost,all,45,o-salt+buffer__p-functionalization+concentration,6.701307830309353,272,salt+buffer,functionalization+concentration,10.353450790155122,3.6521429598457695
regression,descriptor24_buffer_regressor_xgboost,descriptor24,XGBoost,all,45,o-salt+buffer__p-molecular_weight+concentration,6.784135665228588,272,salt+buffer,molecular_weight+concentration,10.353450790155122,3.5693151249265345
regression,descriptor24_buffer_regressor_xgboost,descriptor24,XGBoost,all,45,o-salt+buffer__p-functionalization+molecular_weight+concentration,5.382870422088171,272,salt+buffer,functionalization+molecular_weight+concentration,10.353450790155122,4.970580368066951
regression,descriptor24_buffer_regressor_xgboost,descriptor24,XGBoost,all,45,o-additive+salt+buffer__p-empty,6.905241795789658,272,additive+salt+buffer,empty,10.353450790155122,3.448208994365464
regression,descriptor24_buffer_regressor_xgboost,descriptor24,XGBoost,all,45,o-additive+salt+buffer__p-functionalization,5.58374082898171,272,additive+salt+buffer,functionalization,10.353450790155122,4.769709961173413
regression,descriptor24_buffer_regressor_xgboost,descriptor24,XGBoost,all,45,o-additive+salt+buffer__p-molecular_weight,5.787825660141557,272,additive+salt+buffer,molecular_weight,10.353450790155122,4.565625130013565
regression,descriptor24_buffer_regressor_xgboost,descriptor24,XGBoost,all,45,o-additive+salt+buffer__p-concentration,7.513411799818892,272,additive+salt+buffer,concentration,10.353450790155122,2.8400389903362306
regression,descriptor24_buffer_regressor_xgboost,descriptor24,XGBoost,all,45,o-additive+salt+buffer__p-functionalization+molecular_weight,4.458048878404693,272,additive+salt+buffer,functionalization+molecular_weight,10.353450790155122,5.8954019117504295
regression,descriptor24_buffer_regressor_xgboost,descriptor24,XGBoost,all,45,o-additive+salt+buffer__p-functionalization+concentration,5.734815367175934,272,additive+salt+buffer,functionalization+concentration,10.353450790155122,4.618635422979188
regression,descriptor24_buffer_regressor_xgboost,descriptor24,XGBoost,all,45,o-additive+salt+buffer__p-molecular_weight+concentration,5.650825575418327,272,additive+salt+buffer,molecular_weight+concentration,10.353450790155122,4.702625214736795
regression,descriptor24_buffer_regressor_xgboost,descriptor24,XGBoost,all,45,o-additive+salt+buffer__p-functionalization+molecular_weight+concentration,3.7724098367859757,272,additive+salt+buffer,functionalization+molecular_weight+concentration,10.353450790155122,6.581040953369147
regression,descriptor24_buffer_regressor_xgboost,descriptor24,XGBoost,all,46,o-empty__p-empty,10.380226902829362,272,empty,empty,10.380226902829362,0.0
regression,descriptor24_buffer_regressor_xgboost,descriptor24,XGBoost,all,46,o-empty__p-functionalization,8.13742570483423,272,empty,functionalization,10.380226902829362,2.2428011979951314
regression,descriptor24_buffer_regressor_xgboost,descriptor24,XGBoost,all,46,o-empty__p-molecular_weight,9.34669922002214,272,empty,molecular_weight,10.380226902829362,1.0335276828072217
regression,descriptor24_buffer_regressor_xgboost,descriptor24,XGBoost,all,46,o-empty__p-concentration,9.373773048240388,272,empty,concentration,10.380226902829362,1.0064538545889743
regression,descriptor24_buffer_regressor_xgboost,descriptor24,XGBoost,all,46,o-empty__p-functionalization+molecular_weight,7.24922540129884,272,empty,functionalization+molecular_weight,10.380226902829362,3.1310015015305215
regression,descriptor24_buffer_regressor_xgboost,descriptor24,XGBoost,all,46,o-empty__p-functionalization+concentration,7.713534754517249,272,empty,functionalization+concentration,10.380226902829362,2.666692148312113
regression,descriptor24_buffer_regressor_xgboost,descriptor24,XGBoost,all,46,o-empty__p-molecular_weight+concentration,8.644045254768647,272,empty,molecular_weight+concentration,10.380226902829362,1.7361816480607146
regression,descriptor24_buffer_regressor_xgboost,descriptor24,XGBoost,all,46,o-empty__p-functionalization+molecular_weight+concentration,6.588446958931151,272,empty,functionalization+molecular_weight+concentration,10.380226902829362,3.791779943898211
regression,descriptor24_buffer_regressor_xgboost,descriptor24,XGBoost,all,46,o-additive__p-empty,9.623758284997278,272,additive,empty,10.380226902829362,0.7564686178320841
regression,descriptor24_buffer_regressor_xgboost,descriptor24,XGBoost,all,46,o-additive__p-functionalization,7.1969089326015325,272,additive,functionalization,10.380226902829362,3.1833179702278294
regression,descriptor24_buffer_regressor_xgboost,descriptor24,XGBoost,all,46,o-additive__p-molecular_weight,8.5745992557215,272,additive,molecular_weight,10.380226902829362,1.8056276471078618
regression,descriptor24_buffer_regressor_xgboost,descriptor24,XGBoost,all,46,o-additive__p-concentration,8.322934916311869,272,additive,concentration,10.380226902829362,2.057291986517493
regression,descriptor24_buffer_regressor_xgboost,descriptor24,XGBoost,all,46,o-additive__p-functionalization+molecular_weight,6.30320568782537,272,additive,functionalization+molecular_weight,10.380226902829362,4.077021215003992
regression,descriptor24_buffer_regressor_xgboost,descriptor24,XGBoost,all,46,o-additive__p-functionalization+concentration,6.919992082279026,272,additive,functionalization+concentration,10.380226902829362,3.460234820550336
regression,descriptor24_buffer_regressor_xgboost,descriptor24,XGBoost,all,46,o-additive__p-molecular_weight+concentration,7.4113347365064035,272,additive,molecular_weight+concentration,10.380226902829362,2.9688921663229584
regression,descriptor24_buffer_regressor_xgboost,descriptor24,XGBoost,all,46,o-additive__p-functionalization+molecular_weight+concentration,5.2677304869220265,272,additive,functionalization+molecular_weight+concentration,10.380226902829362,5.112496415907335
regression,descriptor24_buffer_regressor_xgboost,descriptor24,XGBoost,all,46,o-salt__p-empty,8.286732978400812,272,salt,empty,10.380226902829362,2.09349392442855
regression,descriptor24_buffer_regressor_xgboost,descriptor24,XGBoost,all,46,o-salt__p-functionalization,7.414406352312428,272,salt,functionalization,10.380226902829362,2.965820550516934
regression,descriptor24_buffer_regressor_xgboost,descriptor24,XGBoost,all,46,o-salt__p-molecular_weight,8.051499354325735,272,salt,molecular_weight,10.380226902829362,2.328727548503627
regression,descriptor24_buffer_regressor_xgboost,descriptor24,XGBoost,all,46,o-salt__p-concentration,8.105639956046266,272,salt,concentration,10.380226902829362,2.2745869467830957
regression,descriptor24_buffer_regressor_xgboost,descriptor24,XGBoost,all,46,o-salt__p-functionalization+molecular_weight,6.786398929882231,272,salt,functionalization+molecular_weight,10.380226902829362,3.593827972947131
regression,descriptor24_buffer_regressor_xgboost,descriptor24,XGBoost,all,46,o-salt__p-functionalization+concentration,7.01327598598018,272,salt,functionalization+concentration,10.380226902829362,3.3669509168491816
regression,descriptor24_buffer_regressor_xgboost,descriptor24,XGBoost,all,46,o-salt__p-molecular_weight+concentration,7.522756571854981,272,salt,molecular_weight+concentration,10.380226902829362,2.8574703309743805
regression,descriptor24_buffer_regressor_xgboost,descriptor24,XGBoost,all,46,o-salt__p-functionalization+molecular_weight+concentration,6.198154139905808,272,salt,functionalization+molecular_weight+concentration,10.380226902829362,4.1820727629235535
regression,descriptor24_buffer_regressor_xgboost,descriptor24,XGBoost,all,46,o-buffer__p-empty,10.456923812856902,272,buffer,empty,10.380226902829362,-0.07669691002753964
regression,descriptor24_buffer_regressor_xgboost,descriptor24,XGBoost,all,46,o-buffer__p-functionalization,7.6433556643381735,272,buffer,functionalization,10.380226902829362,2.7368712384911884
regression,descriptor24_buffer_regressor_xgboost,descriptor24,XGBoost,all,46,o-buffer__p-molecular_weight,9.00267826045267,272,buffer,molecular_weight,10.380226902829362,1.3775486423766914
regression,descriptor24_buffer_regressor_xgboost,descriptor24,XGBoost,all,46,o-buffer__p-concentration,9.189754943206859,272,buffer,concentration,10.380226902829362,1.1904719596225029
regression,descriptor24_buffer_regressor_xgboost,descriptor24,XGBoost,all,46,o-buffer__p-functionalization+molecular_weight,6.549392539273281,272,buffer,functionalization+molecular_weight,10.380226902829362,3.8308343635560806
regression,descriptor24_buffer_regressor_xgboost,descriptor24,XGBoost,all,46,o-buffer__p-functionalization+concentration,6.860169871508553,272,buffer,functionalization+concentration,10.380226902829362,3.5200570313208086
regression,descriptor24_buffer_regressor_xgboost,descriptor24,XGBoost,all,46,o-buffer__p-molecular_weight+concentration,7.243046648120639,272,buffer,molecular_weight+concentration,10.380226902829362,3.1371802547087233
regression,descriptor24_buffer_regressor_xgboost,descriptor24,XGBoost,all,46,o-buffer__p-functionalization+molecular_weight+concentration,5.556316882390609,272,buffer,functionalization+molecular_weight+concentration,10.380226902829362,4.823910020438753
regression,descriptor24_buffer_regressor_xgboost,descriptor24,XGBoost,all,46,o-additive+salt__p-empty,6.988255205561674,272,additive+salt,empty,10.380226902829362,3.391971697267688
regression,descriptor24_buffer_regressor_xgboost,descriptor24,XGBoost,all,46,o-additive+salt__p-functionalization,6.078931415197245,272,additive+salt,functionalization,10.380226902829362,4.3012954876321166
regression,descriptor24_buffer_regressor_xgboost,descriptor24,XGBoost,all,46,o-additive+salt__p-molecular_weight,6.31223785852413,272,additive+salt,molecular_weight,10.380226902829362,4.067989044305232
regression,descriptor24_buffer_regressor_xgboost,descriptor24,XGBoost,all,46,o-additive+salt__p-concentration,7.1740341919923445,272,additive+salt,concentration,10.380226902829362,3.2061927108370174
regression,descriptor24_buffer_regressor_xgboost,descriptor24,XGBoost,all,46,o-additive+salt__p-functionalization+molecular_weight,5.024897878698896,272,additive+salt,functionalization+molecular_weight,10.380226902829362,5.355329024130466
regression,descriptor24_buffer_regressor_xgboost,descriptor24,XGBoost,all,46,o-additive+salt__p-functionalization+concentration,6.398038055845742,272,additive+salt,functionalization+concentration,10.380226902829362,3.98218884698362
regression,descriptor24_buffer_regressor_xgboost,descriptor24,XGBoost,all,46,o-additive+salt__p-molecular_weight+concentration,6.406448741000071,272,additive+salt,molecular_weight+concentration,10.380226902829362,3.9737781618292907
regression,descriptor24_buffer_regressor_xgboost,descriptor24,XGBoost,all,46,o-additive+salt__p-functionalization+molecular_weight+concentration,4.629208779850095,272,additive+salt,functionalization+molecular_weight+concentration,10.380226902829362,5.751018122979267
regression,descriptor24_buffer_regressor_xgboost,descriptor24,XGBoost,all,46,o-additive+buffer__p-empty,9.307709023287766,272,additive+buffer,empty,10.380226902829362,1.0725178795415964
regression,descriptor24_buffer_regressor_xgboost,descriptor24,XGBoost,all,46,o-additive+buffer__p-functionalization,6.590757656633131,272,additive+buffer,functionalization,10.380226902829362,3.789469246196231
regression,descriptor24_buffer_regressor_xgboost,descriptor24,XGBoost,all,46,o-additive+buffer__p-molecular_weight,8.03638470733321,272,additive+buffer,molecular_weight,10.380226902829362,2.3438421954961512
regression,descriptor24_buffer_regressor_xgboost,descriptor24,XGBoost,all,46,o-additive+buffer__p-concentration,8.398286816049236,272,additive+buffer,concentration,10.380226902829362,1.981940086780126
regression,descriptor24_buffer_regressor_xgboost,descriptor24,XGBoost,all,46,o-additive+buffer__p-functionalization+molecular_weight,5.6115710075667105,272,additive+buffer,functionalization+molecular_weight,10.380226902829362,4.768655895262651
regression,descriptor24_buffer_regressor_xgboost,descriptor24,XGBoost,all,46,o-additive+buffer__p-functionalization+concentration,6.044594532369537,272,additive+buffer,functionalization+concentration,10.380226902829362,4.335632370459825
regression,descriptor24_buffer_regressor_xgboost,descriptor24,XGBoost,all,46,o-additive+buffer__p-molecular_weight+concentration,6.632361342213825,272,additive+buffer,molecular_weight+concentration,10.380226902829362,3.747865560615537
regression,descriptor24_buffer_regressor_xgboost,descriptor24,XGBoost,all,46,o-additive+buffer__p-functionalization+molecular_weight+concentration,4.084616515658981,272,additive+buffer,functionalization+molecular_weight+concentration,10.380226902829362,6.295610387170381
regression,descriptor24_buffer_regressor_xgboost,descriptor24,XGBoost,all,46,o-salt+buffer__p-empty,8.044646511268121,272,salt+buffer,empty,10.380226902829362,2.3355803915612405
regression,descriptor24_buffer_regressor_xgboost,descriptor24,XGBoost,all,46,o-salt+buffer__p-functionalization,6.891487990662111,272,salt+buffer,functionalization,10.380226902829362,3.4887389121672507
regression,descriptor24_buffer_regressor_xgboost,descriptor24,XGBoost,all,46,o-salt+buffer__p-molecular_weight,7.291929739629974,272,salt+buffer,molecular_weight,10.380226902829362,3.088297163199388
regression,descriptor24_buffer_regressor_xgboost,descriptor24,XGBoost,all,46,o-salt+buffer__p-concentration,8.227243417604464,272,salt+buffer,concentration,10.380226902829362,2.1529834852248975
regression,descriptor24_buffer_regressor_xgboost,descriptor24,XGBoost,all,46,o-salt+buffer__p-functionalization+molecular_weight,6.1553732896683835,272,salt+buffer,functionalization+molecular_weight,10.380226902829362,4.224853613160978
regression,descriptor24_buffer_regressor_xgboost,descriptor24,XGBoost,all,46,o-salt+buffer__p-functionalization+concentration,6.256726184357614,272,salt+buffer,functionalization+concentration,10.380226902829362,4.123500718471748
regression,descriptor24_buffer_regressor_xgboost,descriptor24,XGBoost,all,46,o-salt+buffer__p-molecular_weight+concentration,6.475910121735981,272,salt+buffer,molecular_weight+concentration,10.380226902829362,3.9043167810933808
regression,descriptor24_buffer_regressor_xgboost,descriptor24,XGBoost,all,46,o-salt+buffer__p-functionalization+molecular_weight+concentration,5.078341996884089,272,salt+buffer,functionalization+molecular_weight+concentration,10.380226902829362,5.301884905945273
regression,descriptor24_buffer_regressor_xgboost,descriptor24,XGBoost,all,46,o-additive+salt+buffer__p-empty,6.726810588578701,272,additive+salt+buffer,empty,10.380226902829362,3.653416314250661
regression,descriptor24_buffer_regressor_xgboost,descriptor24,XGBoost,all,46,o-additive+salt+buffer__p-functionalization,5.487289035873964,272,additive+salt+buffer,functionalization,10.380226902829362,4.892937866955398
regression,descriptor24_buffer_regressor_xgboost,descriptor24,XGBoost,all,46,o-additive+salt+buffer__p-molecular_weight,5.74256613822646,272,additive+salt+buffer,molecular_weight,10.380226902829362,4.637660764602902
regression,descriptor24_buffer_regressor_xgboost,descriptor24,XGBoost,all,46,o-additive+salt+buffer__p-concentration,7.254868923752045,272,additive+salt+buffer,concentration,10.380226902829362,3.125357979077317
regression,descriptor24_buffer_regressor_xgboost,descriptor24,XGBoost,all,46,o-additive+salt+buffer__p-functionalization+molecular_weight,4.338197221413497,272,additive+salt+buffer,functionalization+molecular_weight,10.380226902829362,6.0420296814158645
regression,descriptor24_buffer_regressor_xgboost,descriptor24,XGBoost,all,46,o-additive+salt+buffer__p-functionalization+concentration,5.4625855169842295,272,additive+salt+buffer,functionalization+concentration,10.380226902829362,4.917641385845132
regression,descriptor24_buffer_regressor_xgboost,descriptor24,XGBoost,all,46,o-additive+salt+buffer__p-molecular_weight+concentration,5.513705553491183,272,additive+salt+buffer,molecular_weight+concentration,10.380226902829362,4.8665213493381785
regression,descriptor24_buffer_regressor_xgboost,descriptor24,XGBoost,all,46,o-additive+salt+buffer__p-functionalization+molecular_weight+concentration,3.553293779429991,272,additive+salt+buffer,functionalization+molecular_weight+concentration,10.380226902829362,6.826933123399371
regression,descriptor24_buffer_regressor_mlp,descriptor24,MLP,all,42,o-empty__p-empty,10.402929907257958,272,empty,empty,10.402929907257958,0.0
regression,descriptor24_buffer_regressor_mlp,descriptor24,MLP,all,42,o-empty__p-functionalization,8.224423020717149,272,empty,functionalization,10.402929907257958,2.1785068865408093
regression,descriptor24_buffer_regressor_mlp,descriptor24,MLP,all,42,o-empty__p-molecular_weight,9.68648204063192,272,empty,molecular_weight,10.402929907257958,0.7164478666260372
regression,descriptor24_buffer_regressor_mlp,descriptor24,MLP,all,42,o-empty__p-concentration,9.186189970235505,272,empty,concentration,10.402929907257958,1.216739937022453
regression,descriptor24_buffer_regressor_mlp,descriptor24,MLP,all,42,o-empty__p-functionalization+molecular_weight,7.379203565514053,272,empty,functionalization+molecular_weight,10.402929907257958,3.023726341743905
regression,descriptor24_buffer_regressor_mlp,descriptor24,MLP,all,42,o-empty__p-functionalization+concentration,7.523159099658203,272,empty,functionalization+concentration,10.402929907257958,2.879770807599755
regression,descriptor24_buffer_regressor_mlp,descriptor24,MLP,all,42,o-empty__p-molecular_weight+concentration,8.126395277661848,272,empty,molecular_weight+concentration,10.402929907257958,2.27653462959611
regression,descriptor24_buffer_regressor_mlp,descriptor24,MLP,all,42,o-empty__p-functionalization+molecular_weight+concentration,6.553529849415506,272,empty,functionalization+molecular_weight+concentration,10.402929907257958,3.849400057842452
regression,descriptor24_buffer_regressor_mlp,descriptor24,MLP,all,42,o-additive__p-empty,9.75266453948669,272,additive,empty,10.402929907257958,0.6502653677712686
regression,descriptor24_buffer_regressor_mlp,descriptor24,MLP,all,42,o-additive__p-functionalization,7.670036568003466,272,additive,functionalization,10.402929907257958,2.732893339254492
regression,descriptor24_buffer_regressor_mlp,descriptor24,MLP,all,42,o-additive__p-molecular_weight,9.189413939826368,272,additive,molecular_weight,10.402929907257958,1.21351596743159
regression,descriptor24_buffer_regressor_mlp,descriptor24,MLP,all,42,o-additive__p-concentration,8.397082882078664,272,additive,concentration,10.402929907257958,2.0058470251792944
regression,descriptor24_buffer_regressor_mlp,descriptor24,MLP,all,42,o-additive__p-functionalization+molecular_weight,7.541036742657191,272,additive,functionalization+molecular_weight,10.402929907257958,2.861893164600767
regression,descriptor24_buffer_regressor_mlp,descriptor24,MLP,all,42,o-additive__p-functionalization+concentration,7.376833442308064,272,additive,functionalization+concentration,10.402929907257958,3.0260964649498936
regression,descriptor24_buffer_regressor_mlp,descriptor24,MLP,all,42,o-additive__p-molecular_weight+concentration,7.33441391184497,272,additive,molecular_weight+concentration,10.402929907257958,3.068515995412988
regression,descriptor24_buffer_regressor_mlp,descriptor24,MLP,all,42,o-additive__p-functionalization+molecular_weight+concentration,6.383759682589887,272,additive,functionalization+molecular_weight+concentration,10.402929907257958,4.019170224668071
regression,descriptor24_buffer_regressor_mlp,descriptor24,MLP,all,42,o-salt__p-empty,8.6285516666198,272,salt,empty,10.402929907257958,1.7743782406381587
regression,descriptor24_buffer_regressor_mlp,descriptor24,MLP,all,42,o-salt__p-functionalization,7.6959207290843095,272,salt,functionalization,10.402929907257958,2.7070091781736485
regression,descriptor24_buffer_regressor_mlp,descriptor24,MLP,all,42,o-salt__p-molecular_weight,8.016297974370886,272,salt,molecular_weight,10.402929907257958,2.386631932887072
regression,descriptor24_buffer_regressor_mlp,descriptor24,MLP,all,42,o-salt__p-concentration,8.456570504769093,272,salt,concentration,10.402929907257958,1.9463594024888646
regression,descriptor24_buffer_regressor_mlp,descriptor24,MLP,all,42,o-salt__p-functionalization+molecular_weight,6.954573616060502,272,salt,functionalization+molecular_weight,10.402929907257958,3.448356291197456
regression,descriptor24_buffer_regressor_mlp,descriptor24,MLP,all,42,o-salt__p-functionalization+concentration,7.36825992547013,272,salt,functionalization+concentration,10.402929907257958,3.034669981787828
regression,descriptor24_buffer_regressor_mlp,descriptor24,MLP,all,42,o-salt__p-molecular_weight+concentration,7.369504865092991,272,salt,molecular_weight+concentration,10.402929907257958,3.033425042164967
regression,descriptor24_buffer_regressor_mlp,descriptor24,MLP,all,42,o-salt__p-functionalization+molecular_weight+concentration,6.3861422106329035,272,salt,functionalization+molecular_weight+concentration,10.402929907257958,4.016787696625054
regression,descriptor24_buffer_regressor_mlp,descriptor24,MLP,all,42,o-buffer__p-empty,10.184573052736313,272,buffer,empty,10.402929907257958,0.21835685452164455
regression,descriptor24_buffer_regressor_mlp,descriptor24,MLP,all,42,o-buffer__p-functionalization,7.9181594623254075,272,buffer,functionalization,10.402929907257958,2.4847704449325505
regression,descriptor24_buffer_regressor_mlp,descriptor24,MLP,all,42,o-buffer__p-molecular_weight,9.849628522083822,272,buffer,molecular_weight,10.402929907257958,0.5533013851741355
regression,descriptor24_buffer_regressor_mlp,descriptor24,MLP,all,42,o-buffer__p-concentration,8.972861930225584,272,buffer,concentration,10.402929907257958,1.4300679770323743
regression,descriptor24_buffer_regressor_mlp,descriptor24,MLP,all,42,o-buffer__p-functionalization+molecular_weight,7.359708805508454,272,buffer,functionalization+molecular_weight,10.402929907257958,3.043221101749504
regression,descriptor24_buffer_regressor_mlp,descriptor24,MLP,all,42,o-buffer__p-functionalization+concentration,7.386896539146449,272,buffer,functionalization+concentration,10.402929907257958,3.0160333681115086
regression,descriptor24_buffer_regressor_mlp,descriptor24,MLP,all,42,o-buffer__p-molecular_weight+concentration,8.388311339456289,272,buffer,molecular_weight+concentration,10.402929907257958,2.0146185678016693
regression,descriptor24_buffer_regressor_mlp,descriptor24,MLP,all,42,o-buffer__p-functionalization+molecular_weight+concentration,6.700068416242665,272,buffer,functionalization+molecular_weight+concentration,10.402929907257958,3.702861491015293
regression,descriptor24_buffer_regressor_mlp,descriptor24,MLP,all,42,o-additive+salt__p-empty,7.7726696670134645,272,additive+salt,empty,10.402929907257958,2.6302602402444935
regression,descriptor24_buffer_regressor_mlp,descriptor24,MLP,all,42,o-additive+salt__p-functionalization,6.641504961111107,272,additive+salt,functionalization,10.402929907257958,3.7614249461468505
regression,descriptor24_buffer_regressor_mlp,descriptor24,MLP,all,42,o-additive+salt__p-molecular_weight,6.972122374316551,272,additive+salt,molecular_weight,10.402929907257958,3.430807532941407
regression,descriptor24_buffer_regressor_mlp,descriptor24,MLP,all,42,o-additive+salt__p-concentration,7.303814791419108,272,additive+salt,concentration,10.402929907257958,3.09911511583885
regression,descriptor24_buffer_regressor_mlp,descriptor24,MLP,all,42,o-additive+salt__p-functionalization+molecular_weight,5.641538918119889,272,additive+salt,functionalization+molecular_weight,10.402929907257958,4.761390989138069
regression,descriptor24_buffer_regressor_mlp,descriptor24,MLP,all,42,o-additive+salt__p-functionalization+concentration,6.524971435166723,272,additive+salt,functionalization+concentration,10.402929907257958,3.877958472091235
regression,descriptor24_buffer_regressor_mlp,descriptor24,MLP,all,42,o-additive+salt__p-molecular_weight+concentration,6.739959799276306,272,additive+salt,molecular_weight+concentration,10.402929907257958,3.6629701079816517
regression,descriptor24_buffer_regressor_mlp,descriptor24,MLP,all,42,o-additive+salt__p-functionalization+molecular_weight+concentration,5.124551776028609,272,additive+salt,functionalization+molecular_weight+concentration,10.402929907257958,5.278378131229349
regression,descriptor24_buffer_regressor_mlp,descriptor24,MLP,all,42,o-additive+buffer__p-empty,9.283408082355772,272,additive+buffer,empty,10.402929907257958,1.1195218249021863
regression,descriptor24_buffer_regressor_mlp,descriptor24,MLP,all,42,o-additive+buffer__p-functionalization,7.765013364892269,272,additive+buffer,functionalization,10.402929907257958,2.637916542365689
regression,descriptor24_buffer_regressor_mlp,descriptor24,MLP,all,42,o-additive+buffer__p-molecular_weight,8.895695174473317,272,additive+buffer,molecular_weight,10.402929907257958,1.5072347327846405
regression,descriptor24_buffer_regressor_mlp,descriptor24,MLP,all,42,o-additive+buffer__p-concentration,8.532847462590643,272,additive+buffer,concentration,10.402929907257958,1.8700824446673145
regression,descriptor24_buffer_regressor_mlp,descriptor24,MLP,all,42,o-additive+buffer__p-functionalization+molecular_weight,6.921383697811671,272,additive+buffer,functionalization+molecular_weight,10.402929907257958,3.481546209446287
regression,descriptor24_buffer_regressor_mlp,descriptor24,MLP,all,42,o-additive+buffer__p-functionalization+concentration,6.663826972427098,272,additive+buffer,functionalization+concentration,10.402929907257958,3.7391029348308598
regression,descriptor24_buffer_regressor_mlp,descriptor24,MLP,all,42,o-additive+buffer__p-molecular_weight+concentration,8.061413596054807,272,additive+buffer,molecular_weight+concentration,10.402929907257958,2.3415163112031507
regression,descriptor24_buffer_regressor_mlp,descriptor24,MLP,all,42,o-additive+buffer__p-functionalization+molecular_weight+concentration,6.746039403124755,272,additive+buffer,functionalization+molecular_weight+concentration,10.402929907257958,3.6568905041332034
regression,descriptor24_buffer_regressor_mlp,descriptor24,MLP,all,42,o-salt+buffer__p-empty,8.303549934640635,272,salt+buffer,empty,10.402929907257958,2.0993799726173226
regression,descriptor24_buffer_regressor_mlp,descriptor24,MLP,all,42,o-salt+buffer__p-functionalization,7.7114489846287295,272,salt+buffer,functionalization,10.402929907257958,2.6914809226292284
regression,descriptor24_buffer_regressor_mlp,descriptor24,MLP,all,42,o-salt+buffer__p-molecular_weight,8.01222066629841,272,salt+buffer,molecular_weight,10.402929907257958,2.3907092409595485
regression,descriptor24_buffer_regressor_mlp,descriptor24,MLP,all,42,o-salt+buffer__p-concentration,8.256757855253571,272,salt+buffer,concentration,10.402929907257958,2.1461720520043865
regression,descriptor24_buffer_regressor_mlp,descriptor24,MLP,all,42,o-salt+buffer__p-functionalization+molecular_weight,7.028499461018442,272,salt+buffer,functionalization+molecular_weight,10.402929907257958,3.374430446239516
regression,descriptor24_buffer_regressor_mlp,descriptor24,MLP,all,42,o-salt+buffer__p-functionalization+concentration,6.919716683227345,272,salt+buffer,functionalization+concentration,10.402929907257958,3.483213224030613
regression,descriptor24_buffer_regressor_mlp,descriptor24,MLP,all,42,o-salt+buffer__p-molecular_weight+concentration,7.640982777522936,272,salt+buffer,molecular_weight+concentration,10.402929907257958,2.761947129735022
regression,descriptor24_buffer_regressor_mlp,descriptor24,MLP,all,42,o-salt+buffer__p-functionalization+molecular_weight+concentration,6.282518259896314,272,salt+buffer,functionalization+molecular_weight+concentration,10.402929907257958,4.120411647361644
regression,descriptor24_buffer_regressor_mlp,descriptor24,MLP,all,42,o-additive+salt+buffer__p-empty,7.311838649597605,272,additive+salt+buffer,empty,10.402929907257958,3.091091257660353
regression,descriptor24_buffer_regressor_mlp,descriptor24,MLP,all,42,o-additive+salt+buffer__p-functionalization,6.375727968614335,272,additive+salt+buffer,functionalization,10.402929907257958,4.027201938643623
regression,descriptor24_buffer_regressor_mlp,descriptor24,MLP,all,42,o-additive+salt+buffer__p-molecular_weight,6.69677049085299,272,additive+salt+buffer,molecular_weight,10.402929907257958,3.706159416404968
regression,descriptor24_buffer_regressor_mlp,descriptor24,MLP,all,42,o-additive+salt+buffer__p-concentration,7.39641681509665,272,additive+salt+buffer,concentration,10.402929907257958,3.006513092161308
regression,descriptor24_buffer_regressor_mlp,descriptor24,MLP,all,42,o-additive+salt+buffer__p-functionalization+molecular_weight,5.371312219267807,272,additive+salt+buffer,functionalization+molecular_weight,10.402929907257958,5.031617687990151
regression,descriptor24_buffer_regressor_mlp,descriptor24,MLP,all,42,o-additive+salt+buffer__p-functionalization+concentration,5.897178295818652,272,additive+salt+buffer,functionalization+concentration,10.402929907257958,4.505751611439306
regression,descriptor24_buffer_regressor_mlp,descriptor24,MLP,all,42,o-additive+salt+buffer__p-molecular_weight+concentration,6.720838675760482,272,additive+salt+buffer,molecular_weight+concentration,10.402929907257958,3.682091231497476
regression,descriptor24_buffer_regressor_mlp,descriptor24,MLP,all,42,o-additive+salt+buffer__p-functionalization+molecular_weight+concentration,4.805039085181867,272,additive+salt+buffer,functionalization+molecular_weight+concentration,10.402929907257958,5.597890822076091
regression,descriptor24_buffer_regressor_mlp,descriptor24,MLP,all,43,o-empty__p-empty,10.370470935852886,272,empty,empty,10.370470935852886,0.0
regression,descriptor24_buffer_regressor_mlp,descriptor24,MLP,all,43,o-empty__p-functionalization,8.072604401698998,272,empty,functionalization,10.370470935852886,2.297866534153888
regression,descriptor24_buffer_regressor_mlp,descriptor24,MLP,all,43,o-empty__p-molecular_weight,9.476260160477516,272,empty,molecular_weight,10.370470935852886,0.8942107753753703
regression,descriptor24_buffer_regressor_mlp,descriptor24,MLP,all,43,o-empty__p-concentration,9.219828930277272,272,empty,concentration,10.370470935852886,1.1506420055756141
regression,descriptor24_buffer_regressor_mlp,descriptor24,MLP,all,43,o-empty__p-functionalization+molecular_weight,7.169576410890682,272,empty,functionalization+molecular_weight,10.370470935852886,3.2008945249622043
regression,descriptor24_buffer_regressor_mlp,descriptor24,MLP,all,43,o-empty__p-functionalization+concentration,7.57108714035767,272,empty,functionalization+concentration,10.370470935852886,2.799383795495216
regression,descriptor24_buffer_regressor_mlp,descriptor24,MLP,all,43,o-empty__p-molecular_weight+concentration,8.05298809281897,272,empty,molecular_weight+concentration,10.370470935852886,2.3174828430339165
regression,descriptor24_buffer_regressor_mlp,descriptor24,MLP,all,43,o-empty__p-functionalization+molecular_weight+concentration,6.667402911934344,272,empty,functionalization+molecular_weight+concentration,10.370470935852886,3.703068023918542
regression,descriptor24_buffer_regressor_mlp,descriptor24,MLP,all,43,o-additive__p-empty,9.808144083695701,272,additive,empty,10.370470935852886,0.5623268521571845
regression,descriptor24_buffer_regressor_mlp,descriptor24,MLP,all,43,o-additive__p-functionalization,7.684618670350729,272,additive,functionalization,10.370470935852886,2.685852265502157
regression,descriptor24_buffer_regressor_mlp,descriptor24,MLP,all,43,o-additive__p-molecular_weight,9.70580854838447,272,additive,molecular_weight,10.370470935852886,0.6646623874684163
regression,descriptor24_buffer_regressor_mlp,descriptor24,MLP,all,43,o-additive__p-concentration,9.360755484367136,272,additive,concentration,10.370470935852886,1.00971545148575
regression,descriptor24_buffer_regressor_mlp,descriptor24,MLP,all,43,o-additive__p-functionalization+molecular_weight,7.387196855492421,272,additive,functionalization+molecular_weight,10.370470935852886,2.9832740803604647
regression,descriptor24_buffer_regressor_mlp,descriptor24,MLP,all,43,o-additive__p-functionalization+concentration,7.294076863875367,272,additive,functionalization+concentration,10.370470935852886,3.0763940719775187
regression,descriptor24_buffer_regressor_mlp,descriptor24,MLP,all,43,o-additive__p-molecular_weight+concentration,8.697402675138267,272,additive,molecular_weight+concentration,10.370470935852886,1.6730682607146186
regression,descriptor24_buffer_regressor_mlp,descriptor24,MLP,all,43,o-additive__p-functionalization+molecular_weight+concentration,6.531809635504743,272,additive,functionalization+molecular_weight+concentration,10.370470935852886,3.838661300348143
regression,descriptor24_buffer_regressor_mlp,descriptor24,MLP,all,43,o-salt__p-empty,8.647511678046257,272,salt,empty,10.370470935852886,1.7229592578066288
regression,descriptor24_buffer_regressor_mlp,descriptor24,MLP,all,43,o-salt__p-functionalization,7.401650376860772,272,salt,functionalization,10.370470935852886,2.968820558992114
regression,descriptor24_buffer_regressor_mlp,descriptor24,MLP,all,43,o-salt__p-molecular_weight,8.040345384607386,272,salt,molecular_weight,10.370470935852886,2.3301255512454997
regression,descriptor24_buffer_regressor_mlp,descriptor24,MLP,all,43,o-salt__p-concentration,8.34973511822158,272,salt,concentration,10.370470935852886,2.020735817631305
regression,descriptor24_buffer_regressor_mlp,descriptor24,MLP,all,43,o-salt__p-functionalization+molecular_weight,6.773277966222685,272,salt,functionalization+molecular_weight,10.370470935852886,3.5971929696302007
regression,descriptor24_buffer_regressor_mlp,descriptor24,MLP,all,43,o-salt__p-functionalization+concentration,7.5342701160065815,272,salt,functionalization+concentration,10.370470935852886,2.8362008198463045
regression,descriptor24_buffer_regressor_mlp,descriptor24,MLP,all,43,o-salt__p-molecular_weight+concentration,8.071263341305672,272,salt,molecular_weight+concentration,10.370470935852886,2.299207594547214
regression,descriptor24_buffer_regressor_mlp,descriptor24,MLP,all,43,o-salt__p-functionalization+molecular_weight+concentration,6.259263084303693,272,salt,functionalization+molecular_weight+concentration,10.370470935852886,4.111207851549193
regression,descriptor24_buffer_regressor_mlp,descriptor24,MLP,all,43,o-buffer__p-empty,10.316295064586035,272,buffer,empty,10.370470935852886,0.054175871266851416
regression,descriptor24_buffer_regressor_mlp,descriptor24,MLP,all,43,o-buffer__p-functionalization,7.496815291124348,272,buffer,functionalization,10.370470935852886,2.8736556447285375
regression,descriptor24_buffer_regressor_mlp,descriptor24,MLP,all,43,o-buffer__p-molecular_weight,9.792664561620938,272,buffer,molecular_weight,10.370470935852886,0.5778063742319475
regression,descriptor24_buffer_regressor_mlp,descriptor24,MLP,all,43,o-buffer__p-concentration,9.262483028493202,272,buffer,concentration,10.370470935852886,1.1079879073596839
regression,descriptor24_buffer_regressor_mlp,descriptor24,MLP,all,43,o-buffer__p-functionalization+molecular_weight,6.956564285114718,272,buffer,functionalization+molecular_weight,10.370470935852886,3.413906650738168
regression,descriptor24_buffer_regressor_mlp,descriptor24,MLP,all,43,o-buffer__p-functionalization+concentration,7.24704947291577,272,buffer,functionalization+concentration,10.370470935852886,3.1234214629371158
regression,descriptor24_buffer_regressor_mlp,descriptor24,MLP,all,43,o-buffer__p-molecular_weight+concentration,8.975050746089963,272,buffer,molecular_weight+concentration,10.370470935852886,1.3954201897629233
regression,descriptor24_buffer_regressor_mlp,descriptor24,MLP,all,43,o-buffer__p-functionalization+molecular_weight+concentration,6.177577334834677,272,buffer,functionalization+molecular_weight+concentration,10.370470935852886,4.192893601018209
regression,descriptor24_buffer_regressor_mlp,descriptor24,MLP,all,43,o-additive+salt__p-empty,7.775046826759527,272,additive+salt,empty,10.370470935852886,2.5954241090933587
regression,descriptor24_buffer_regressor_mlp,descriptor24,MLP,all,43,o-additive+salt__p-functionalization,6.607283069343466,272,additive+salt,functionalization,10.370470935852886,3.76318786650942
regression,descriptor24_buffer_regressor_mlp,descriptor24,MLP,all,43,o-additive+salt__p-molecular_weight,7.09634564673243,272,additive+salt,molecular_weight,10.370470935852886,3.274125289120456
regression,descriptor24_buffer_regressor_mlp,descriptor24,MLP,all,43,o-additive+salt__p-concentration,7.756980300787819,272,additive+salt,concentration,10.370470935852886,2.613490635065067
regression,descriptor24_buffer_regressor_mlp,descriptor24,MLP,all,43,o-additive+salt__p-functionalization+molecular_weight,5.511702041624022,272,additive+salt,functionalization+molecular_weight,10.370470935852886,4.858768894228864
regression,descriptor24_buffer_regressor_mlp,descriptor24,MLP,all,43,o-additive+salt__p-functionalization+concentration,6.525338179421368,272,additive+salt,functionalization+concentration,10.370470935852886,3.845132756431518
regression,descriptor24_buffer_regressor_mlp,descriptor24,MLP,all,43,o-additive+salt__p-molecular_weight+concentration,6.996642804077656,272,additive+salt,molecular_weight+concentration,10.370470935852886,3.3738281317752303
regression,descriptor24_buffer_regressor_mlp,descriptor24,MLP,all,43,o-additive+salt__p-functionalization+molecular_weight+concentration,5.45426163761459,272,additive+salt,functionalization+molecular_weight+concentration,10.370470935852886,4.916209298238296
regression,descriptor24_buffer_regressor_mlp,descriptor24,MLP,all,43,o-additive+buffer__p-empty,9.559029438562803,272,additive+buffer,empty,10.370470935852886,0.8114414972900832
regression,descriptor24_buffer_regressor_mlp,descriptor24,MLP,all,43,o-additive+buffer__p-functionalization,7.195058255396004,272,additive+buffer,functionalization,10.370470935852886,3.1754126804568816
regression,descriptor24_buffer_regressor_mlp,descriptor24,MLP,all,43,o-additive+buffer__p-molecular_weight,9.176518690563634,272,additive+buffer,molecular_weight,10.370470935852886,1.1939522452892515
regression,descriptor24_buffer_regressor_mlp,descriptor24,MLP,all,43,o-additive+buffer__p-concentration,8.64567893425234,272,additive+buffer,concentration,10.370470935852886,1.7247920016005462
regression,descriptor24_buffer_regressor_mlp,descriptor24,MLP,all,43,o-additive+buffer__p-functionalization+molecular_weight,6.919499753113987,272,additive+buffer,functionalization+molecular_weight,10.370470935852886,3.4509711827388987
regression,descriptor24_buffer_regressor_mlp,descriptor24,MLP,all,43,o-additive+buffer__p-functionalization+concentration,6.548521503735777,272,additive+buffer,functionalization+concentration,10.370470935852886,3.8219494321171092
regression,descriptor24_buffer_regressor_mlp,descriptor24,MLP,all,43,o-additive+buffer__p-molecular_weight+concentration,8.486716987693796,272,additive+buffer,molecular_weight+concentration,10.370470935852886,1.8837539481590895
regression,descriptor24_buffer_regressor_mlp,descriptor24,MLP,all,43,o-additive+buffer__p-functionalization+molecular_weight+concentration,6.151283770350164,272,additive+buffer,functionalization+molecular_weight+concentration,10.370470935852886,4.2191871655027215
regression,descriptor24_buffer_regressor_mlp,descriptor24,MLP,all,43,o-salt+buffer__p-empty,8.192047561881918,272,salt+buffer,empty,10.370470935852886,2.1784233739709684
regression,descriptor24_buffer_regressor_mlp,descriptor24,MLP,all,43,o-salt+buffer__p-functionalization,7.422661492906441,272,salt+buffer,functionalization,10.370470935852886,2.947809442946445
regression,descriptor24_buffer_regressor_mlp,descriptor24,MLP,all,43,o-salt+buffer__p-molecular_weight,8.002349901676261,272,salt+buffer,molecular_weight,10.370470935852886,2.3681210341766246
regression,descriptor24_buffer_regressor_mlp,descriptor24,MLP,all,43,o-salt+buffer__p-concentration,8.139626413969587,272,salt+buffer,concentration,10.370470935852886,2.2308445218832986
regression,descriptor24_buffer_regressor_mlp,descriptor24,MLP,all,43,o-salt+buffer__p-functionalization+molecular_weight,7.0504662504028355,272,salt+buffer,functionalization+molecular_weight,10.370470935852886,3.3200046854500505
regression,descriptor24_buffer_regressor_mlp,descriptor24,MLP,all,43,o-salt+buffer__p-functionalization+concentration,7.288088659905665,272,salt+buffer,functionalization+concentration,10.370470935852886,3.0823822759472206
regression,descriptor24_buffer_regressor_mlp,descriptor24,MLP,all,43,o-salt+buffer__p-molecular_weight+concentration,7.9026470529943555,272,salt+buffer,molecular_weight+concentration,10.370470935852886,2.4678238828585304
regression,descriptor24_buffer_regressor_mlp,descriptor24,MLP,all,43,o-salt+buffer__p-functionalization+molecular_weight+concentration,5.8031524256795946,272,salt+buffer,functionalization+molecular_weight+concentration,10.370470935852886,4.567318510173291
regression,descriptor24_buffer_regressor_mlp,descriptor24,MLP,all,43,o-additive+salt+buffer__p-empty,7.079353260787611,272,additive+salt+buffer,empty,10.370470935852886,3.2911176750652746
regression,descriptor24_buffer_regressor_mlp,descriptor24,MLP,all,43,o-additive+salt+buffer__p-functionalization,6.236389970749996,272,additive+salt+buffer,functionalization,10.370470935852886,4.13408096510289
regression,descriptor24_buffer_regressor_mlp,descriptor24,MLP,all,43,o-additive+salt+buffer__p-molecular_weight,6.481201564908818,272,additive+salt+buffer,molecular_weight,10.370470935852886,3.889269370944068
regression,descriptor24_buffer_regressor_mlp,descriptor24,MLP,all,43,o-additive+salt+buffer__p-concentration,7.158121730875767,272,additive+salt+buffer,concentration,10.370470935852886,3.2123492049771185
regression,descriptor24_buffer_regressor_mlp,descriptor24,MLP,all,43,o-additive+salt+buffer__p-functionalization+molecular_weight,5.132543077988737,272,additive+salt+buffer,functionalization+molecular_weight,10.370470935852886,5.237927857864149
regression,descriptor24_buffer_regressor_mlp,descriptor24,MLP,all,43,o-additive+salt+buffer__p-functionalization+concentration,6.03571163434273,272,additive+salt+buffer,functionalization+concentration,10.370470935852886,4.3347593015101555
regression,descriptor24_buffer_regressor_mlp,descriptor24,MLP,all,43,o-additive+salt+buffer__p-molecular_weight+concentration,6.619777332868067,272,additive+salt+buffer,molecular_weight+concentration,10.370470935852886,3.7506936029848186
regression,descriptor24_buffer_regressor_mlp,descriptor24,MLP,all,43,o-additive+salt+buffer__p-functionalization+molecular_weight+concentration,4.773054880904495,272,additive+salt+buffer,functionalization+molecular_weight+concentration,10.370470935852886,5.597416054948391
regression,descriptor24_buffer_regressor_mlp,descriptor24,MLP,all,44,o-empty__p-empty,10.426707427292808,272,empty,empty,10.426707427292808,0.0
regression,descriptor24_buffer_regressor_mlp,descriptor24,MLP,all,44,o-empty__p-functionalization,8.191657022813606,272,empty,functionalization,10.426707427292808,2.2350504044792014
regression,descriptor24_buffer_regressor_mlp,descriptor24,MLP,all,44,o-empty__p-molecular_weight,9.84956322315309,272,empty,molecular_weight,10.426707427292808,0.5771442041397172
regression,descriptor24_buffer_regressor_mlp,descriptor24,MLP,all,44,o-empty__p-concentration,9.363772603618612,272,empty,concentration,10.426707427292808,1.0629348236741958
regression,descriptor24_buffer_regressor_mlp,descriptor24,MLP,all,44,o-empty__p-functionalization+molecular_weight,7.3045624636162145,272,empty,functionalization+molecular_weight,10.426707427292808,3.122144963676593
regression,descriptor24_buffer_regressor_mlp,descriptor24,MLP,all,44,o-empty__p-functionalization+concentration,7.552131750562644,272,empty,functionalization+concentration,10.426707427292808,2.8745756767301636
regression,descriptor24_buffer_regressor_mlp,descriptor24,MLP,all,44,o-empty__p-molecular_weight+concentration,7.787940631873361,272,empty,molecular_weight+concentration,10.426707427292808,2.638766795419447
regression,descriptor24_buffer_regressor_mlp,descriptor24,MLP,all,44,o-empty__p-functionalization+molecular_weight+concentration,6.737459982493754,272,empty,functionalization+molecular_weight+concentration,10.426707427292808,3.6892474447990535
regression,descriptor24_buffer_regressor_mlp,descriptor24,MLP,all,44,o-additive__p-empty,9.778775827249417,272,additive,empty,10.426707427292808,0.6479316000433908
regression,descriptor24_buffer_regressor_mlp,descriptor24,MLP,all,44,o-additive__p-functionalization,8.054697385815656,272,additive,functionalization,10.426707427292808,2.372010041477152
regression,descriptor24_buffer_regressor_mlp,descriptor24,MLP,all,44,o-additive__p-molecular_weight,9.757735887855231,272,additive,molecular_weight,10.426707427292808,0.6689715394375764
regression,descriptor24_buffer_regressor_mlp,descriptor24,MLP,all,44,o-additive__p-concentration,9.407317341041104,272,additive,concentration,10.426707427292808,1.019390086251704
regression,descriptor24_buffer_regressor_mlp,descriptor24,MLP,all,44,o-additive__p-functionalization+molecular_weight,8.531077255979763,272,additive,functionalization+molecular_weight,10.426707427292808,1.8956301713130443
regression,descriptor24_buffer_regressor_mlp,descriptor24,MLP,all,44,o-additive__p-functionalization+concentration,7.998593075724766,272,additive,functionalization+concentration,10.426707427292808,2.428114351568042
regression,descriptor24_buffer_regressor_mlp,descriptor24,MLP,all,44,o-additive__p-molecular_weight+concentration,9.343437758491133,272,additive,molecular_weight+concentration,10.426707427292808,1.083269668801675
regression,descriptor24_buffer_regressor_mlp,descriptor24,MLP,all,44,o-additive__p-functionalization+molecular_weight+concentration,6.5942498766945326,272,additive,functionalization+molecular_weight+concentration,10.426707427292808,3.832457550598275
regression,descriptor24_buffer_regressor_mlp,descriptor24,MLP,all,44,o-salt__p-empty,8.526953274068896,272,salt,empty,10.426707427292808,1.8997541532239115
regression,descriptor24_buffer_regressor_mlp,descriptor24,MLP,all,44,o-salt__p-functionalization,8.7429615521349,272,salt,functionalization,10.426707427292808,1.683745875157907
regression,descriptor24_buffer_regressor_mlp,descriptor24,MLP,all,44,o-salt__p-molecular_weight,8.514143447765314,272,salt,molecular_weight,10.426707427292808,1.9125639795274942
regression,descriptor24_buffer_regressor_mlp,descriptor24,MLP,all,44,o-salt__p-concentration,8.855106260132011,272,salt,concentration,10.426707427292808,1.5716011671607966
regression,descriptor24_buffer_regressor_mlp,descriptor24,MLP,all,44,o-salt__p-functionalization+molecular_weight,7.9264111549471865,272,salt,functionalization+molecular_weight,10.426707427292808,2.5002962723456212
regression,descriptor24_buffer_regressor_mlp,descriptor24,MLP,all,44,o-salt__p-functionalization+concentration,7.800006681558392,272,salt,functionalization+concentration,10.426707427292808,2.626700745734416
regression,descriptor24_buffer_regressor_mlp,descriptor24,MLP,all,44,o-salt__p-molecular_weight+concentration,7.773971598758824,272,salt,molecular_weight+concentration,10.426707427292808,2.6527358285339835
regression,descriptor24_buffer_regressor_mlp,descriptor24,MLP,all,44,o-salt__p-functionalization+molecular_weight+concentration,6.61162107115717,272,salt,functionalization+molecular_weight+concentration,10.426707427292808,3.8150863561356374
regression,descriptor24_buffer_regressor_mlp,descriptor24,MLP,all,44,o-buffer__p-empty,10.48772410979006,272,buffer,empty,10.426707427292808,-0.061016682497252006
regression,descriptor24_buffer_regressor_mlp,descriptor24,MLP,all,44,o-buffer__p-functionalization,8.50529990816116,272,buffer,functionalization,10.426707427292808,1.9214075191316482
regression,descriptor24_buffer_regressor_mlp,descriptor24,MLP,all,44,o-buffer__p-molecular_weight,10.184370067153916,272,buffer,molecular_weight,10.426707427292808,0.24233736013889207
regression,descriptor24_buffer_regressor_mlp,descriptor24,MLP,all,44,o-buffer__p-concentration,10.154354628907983,272,buffer,concentration,10.426707427292808,0.2723527983848246
regression,descriptor24_buffer_regressor_mlp,descriptor24,MLP,all,44,o-buffer__p-functionalization+molecular_weight,7.443042165672935,272,buffer,functionalization+molecular_weight,10.426707427292808,2.9836652616198727
regression,descriptor24_buffer_regressor_mlp,descriptor24,MLP,all,44,o-buffer__p-functionalization+concentration,7.062581825667448,272,buffer,functionalization+concentration,10.426707427292808,3.36412560162536
regression,descriptor24_buffer_regressor_mlp,descriptor24,MLP,all,44,o-buffer__p-molecular_weight+concentration,8.959806676309768,272,buffer,molecular_weight+concentration,10.426707427292808,1.46690075098304
regression,descriptor24_buffer_regressor_mlp,descriptor24,MLP,all,44,o-buffer__p-functionalization+molecular_weight+concentration,7.9299125520638185,272,buffer,functionalization+molecular_weight+concentration,10.426707427292808,2.4967948752289892
regression,descriptor24_buffer_regressor_mlp,descriptor24,MLP,all,44,o-additive+salt__p-empty,8.02743532312408,272,additive+salt,empty,10.426707427292808,2.3992721041687286
regression,descriptor24_buffer_regressor_mlp,descriptor24,MLP,all,44,o-additive+salt__p-functionalization,7.855542713328718,272,additive+salt,functionalization,10.426707427292808,2.57116471396409
regression,descriptor24_buffer_regressor_mlp,descriptor24,MLP,all,44,o-additive+salt__p-molecular_weight,7.842745336722667,272,additive+salt,molecular_weight,10.426707427292808,2.5839620905701404
regression,descriptor24_buffer_regressor_mlp,descriptor24,MLP,all,44,o-additive+salt__p-concentration,8.198473687223109,272,additive+salt,concentration,10.426707427292808,2.228233740069699
regression,descriptor24_buffer_regressor_mlp,descriptor24,MLP,all,44,o-additive+salt__p-functionalization+molecular_weight,7.765103400526029,272,additive+salt,functionalization+molecular_weight,10.426707427292808,2.6616040267667787
regression,descriptor24_buffer_regressor_mlp,descriptor24,MLP,all,44,o-additive+salt__p-functionalization+concentration,8.029897465713868,272,additive+salt,functionalization+concentration,10.426707427292808,2.39680996157894
regression,descriptor24_buffer_regressor_mlp,descriptor24,MLP,all,44,o-additive+salt__p-molecular_weight+concentration,8.04553404236359,272,additive+salt,molecular_weight+concentration,10.426707427292808,2.381173384929218
regression,descriptor24_buffer_regressor_mlp,descriptor24,MLP,all,44,o-additive+salt__p-functionalization+molecular_weight+concentration,6.032664647649186,272,additive+salt,functionalization+molecular_weight+concentration,10.426707427292808,4.394042779643621
regression,descriptor24_buffer_regressor_mlp,descriptor24,MLP,all,44,o-additive+buffer__p-empty,9.614988390809739,272,additive+buffer,empty,10.426707427292808,0.8117190364830691
regression,descriptor24_buffer_regressor_mlp,descriptor24,MLP,all,44,o-additive+buffer__p-functionalization,8.110852951751193,272,additive+buffer,functionalization,10.426707427292808,2.315854475541615
regression,descriptor24_buffer_regressor_mlp,descriptor24,MLP,all,44,o-additive+buffer__p-molecular_weight,9.680320568727478,272,additive+buffer,molecular_weight,10.426707427292808,0.7463868585653302
regression,descriptor24_buffer_regressor_mlp,descriptor24,MLP,all,44,o-additive+buffer__p-concentration,9.244846291601432,272,additive+buffer,concentration,10.426707427292808,1.181861135691376
regression,descriptor24_buffer_regressor_mlp,descriptor24,MLP,all,44,o-additive+buffer__p-functionalization+molecular_weight,8.603569347909692,272,additive+buffer,functionalization+molecular_weight,10.426707427292808,1.8231380793831153
regression,descriptor24_buffer_regressor_mlp,descriptor24,MLP,all,44,o-additive+buffer__p-functionalization+concentration,8.197238130562651,272,additive+buffer,functionalization+concentration,10.426707427292808,2.229469296730157
regression,descriptor24_buffer_regressor_mlp,descriptor24,MLP,all,44,o-additive+buffer__p-molecular_weight+concentration,9.246716262747114,272,additive+buffer,molecular_weight+concentration,10.426707427292808,1.1799911645456937
regression,descriptor24_buffer_regressor_mlp,descriptor24,MLP,all,44,o-additive+buffer__p-functionalization+molecular_weight+concentration,6.829591758086558,272,additive+buffer,functionalization+molecular_weight+concentration,10.426707427292808,3.59711566920625
regression,descriptor24_buffer_regressor_mlp,descriptor24,MLP,all,44,o-salt+buffer__p-empty,8.789229283542781,272,salt+buffer,empty,10.426707427292808,1.6374781437500268
regression,descriptor24_buffer_regressor_mlp,descriptor24,MLP,all,44,o-salt+buffer__p-functionalization,8.634779250013032,272,salt+buffer,functionalization,10.426707427292808,1.7919281772797753
regression,descriptor24_buffer_regressor_mlp,descriptor24,MLP,all,44,o-salt+buffer__p-molecular_weight,8.857625890086965,272,salt+buffer,molecular_weight,10.426707427292808,1.569081537205843
regression,descriptor24_buffer_regressor_mlp,descriptor24,MLP,all,44,o-salt+buffer__p-concentration,9.030835378891268,272,salt+buffer,concentration,10.426707427292808,1.3958720484015394
regression,descriptor24_buffer_regressor_mlp,descriptor24,MLP,all,44,o-salt+buffer__p-functionalization+molecular_weight,8.58690254555201,272,salt+buffer,functionalization+molecular_weight,10.426707427292808,1.8398048817407986
regression,descriptor24_buffer_regressor_mlp,descriptor24,MLP,all,44,o-salt+buffer__p-functionalization+concentration,8.692174421441763,272,salt+buffer,functionalization+concentration,10.426707427292808,1.7345330058510449
regression,descriptor24_buffer_regressor_mlp,descriptor24,MLP,all,44,o-salt+buffer__p-molecular_weight+concentration,8.520016393712048,272,salt+buffer,molecular_weight+concentration,10.426707427292808,1.9066910335807599
regression,descriptor24_buffer_regressor_mlp,descriptor24,MLP,all,44,o-salt+buffer__p-functionalization+molecular_weight+concentration,6.545962820245727,272,salt+buffer,functionalization+molecular_weight+concentration,10.426707427292808,3.880744607047081
regression,descriptor24_buffer_regressor_mlp,descriptor24,MLP,all,44,o-additive+salt+buffer__p-empty,8.057805595692018,272,additive+salt+buffer,empty,10.426707427292808,2.3689018316007893
regression,descriptor24_buffer_regressor_mlp,descriptor24,MLP,all,44,o-additive+salt+buffer__p-functionalization,7.8624937097362215,272,additive+salt+buffer,functionalization,10.426707427292808,2.5642137175565862
regression,descriptor24_buffer_regressor_mlp,descriptor24,MLP,all,44,o-additive+salt+buffer__p-molecular_weight,8.286845098091273,272,additive+salt+buffer,molecular_weight,10.426707427292808,2.1398623292015344
regression,descriptor24_buffer_regressor_mlp,descriptor24,MLP,all,44,o-additive+salt+buffer__p-concentration,8.28122279470251,272,additive+salt+buffer,concentration,10.426707427292808,2.145484632590298
regression,descriptor24_buffer_regressor_mlp,descriptor24,MLP,all,44,o-additive+salt+buffer__p-functionalization+molecular_weight,7.703445681537147,272,additive+salt+buffer,functionalization+molecular_weight,10.426707427292808,2.7232617457556607
regression,descriptor24_buffer_regressor_mlp,descriptor24,MLP,all,44,o-additive+salt+buffer__p-functionalization+concentration,7.843469941053102,272,additive+salt+buffer,functionalization+concentration,10.426707427292808,2.583237486239706
regression,descriptor24_buffer_regressor_mlp,descriptor24,MLP,all,44,o-additive+salt+buffer__p-molecular_weight+concentration,8.068204658250767,272,additive+salt+buffer,molecular_weight+concentration,10.426707427292808,2.3585027690420404
regression,descriptor24_buffer_regressor_mlp,descriptor24,MLP,all,44,o-additive+salt+buffer__p-functionalization+molecular_weight+concentration,7.139350232097647,272,additive+salt+buffer,functionalization+molecular_weight+concentration,10.426707427292808,3.2873571951951606
regression,descriptor24_buffer_regressor_mlp,descriptor24,MLP,all,45,o-empty__p-empty,10.353450790155122,272,empty,empty,10.353450790155122,0.0
regression,descriptor24_buffer_regressor_mlp,descriptor24,MLP,all,45,o-empty__p-functionalization,8.10443177930525,272,empty,functionalization,10.353450790155122,2.2490190108498727
regression,descriptor24_buffer_regressor_mlp,descriptor24,MLP,all,45,o-empty__p-molecular_weight,8.956827536859898,272,empty,molecular_weight,10.353450790155122,1.3966232532952247
regression,descriptor24_buffer_regressor_mlp,descriptor24,MLP,all,45,o-empty__p-concentration,9.326162539649848,272,empty,concentration,10.353450790155122,1.0272882505052738
regression,descriptor24_buffer_regressor_mlp,descriptor24,MLP,all,45,o-empty__p-functionalization+molecular_weight,7.393001453813744,272,empty,functionalization+molecular_weight,10.353450790155122,2.9604493363413784
regression,descriptor24_buffer_regressor_mlp,descriptor24,MLP,all,45,o-empty__p-functionalization+concentration,7.587094396877563,272,empty,functionalization+concentration,10.353450790155122,2.766356393277559
regression,descriptor24_buffer_regressor_mlp,descriptor24,MLP,all,45,o-empty__p-molecular_weight+concentration,8.56577114064484,272,empty,molecular_weight+concentration,10.353450790155122,1.7876796495102827
regression,descriptor24_buffer_regressor_mlp,descriptor24,MLP,all,45,o-empty__p-functionalization+molecular_weight+concentration,6.786135161314728,272,empty,functionalization+molecular_weight+concentration,10.353450790155122,3.5673156288403947
regression,descriptor24_buffer_regressor_mlp,descriptor24,MLP,all,45,o-additive__p-empty,10.014720640733389,272,additive,empty,10.353450790155122,0.33873014942173363
regression,descriptor24_buffer_regressor_mlp,descriptor24,MLP,all,45,o-additive__p-functionalization,8.096155129670182,272,additive,functionalization,10.353450790155122,2.2572956604849406
regression,descriptor24_buffer_regressor_mlp,descriptor24,MLP,all,45,o-additive__p-molecular_weight,9.62369722865521,272,additive,molecular_weight,10.353450790155122,0.729753561499912
regression,descriptor24_buffer_regressor_mlp,descriptor24,MLP,all,45,o-additive__p-concentration,8.726292526755461,272,additive,concentration,10.353450790155122,1.6271582633996609
regression,descriptor24_buffer_regressor_mlp,descriptor24,MLP,all,45,o-additive__p-functionalization+molecular_weight,7.867595789436159,272,additive,functionalization+molecular_weight,10.353450790155122,2.4858550007189635
regression,descriptor24_buffer_regressor_mlp,descriptor24,MLP,all,45,o-additive__p-functionalization+concentration,7.320836414129928,272,additive,functionalization+concentration,10.353450790155122,3.0326143760251947
regression,descriptor24_buffer_regressor_mlp,descriptor24,MLP,all,45,o-additive__p-molecular_weight+concentration,8.039758896140075,272,additive,molecular_weight+concentration,10.353450790155122,2.3136918940150473
regression,descriptor24_buffer_regressor_mlp,descriptor24,MLP,all,45,o-additive__p-functionalization+molecular_weight+concentration,7.328197010499751,272,additive,functionalization+molecular_weight+concentration,10.353450790155122,3.0252537796553716
regression,descriptor24_buffer_regressor_mlp,descriptor24,MLP,all,45,o-salt__p-empty,8.675908771435116,272,salt,empty,10.353450790155122,1.6775420187200059
regression,descriptor24_buffer_regressor_mlp,descriptor24,MLP,all,45,o-salt__p-functionalization,8.055532192064458,272,salt,functionalization,10.353450790155122,2.2979185980906642
regression,descriptor24_buffer_regressor_mlp,descriptor24,MLP,all,45,o-salt__p-molecular_weight,8.072224590507998,272,salt,molecular_weight,10.353450790155122,2.281226199647124
regression,descriptor24_buffer_regressor_mlp,descriptor24,MLP,all,45,o-salt__p-concentration,8.66349033233168,272,salt,concentration,10.353450790155122,1.6899604578234424
regression,descriptor24_buffer_regressor_mlp,descriptor24,MLP,all,45,o-salt__p-functionalization+molecular_weight,7.1635377003352785,272,salt,functionalization+molecular_weight,10.353450790155122,3.189913089819844
regression,descriptor24_buffer_regressor_mlp,descriptor24,MLP,all,45,o-salt__p-functionalization+concentration,7.944221690415054,272,salt,functionalization+concentration,10.353450790155122,2.4092290997400685
regression,descriptor24_buffer_regressor_mlp,descriptor24,MLP,all,45,o-salt__p-molecular_weight+concentration,7.795587240384083,272,salt,molecular_weight+concentration,10.353450790155122,2.5578635497710396
regression,descriptor24_buffer_regressor_mlp,descriptor24,MLP,all,45,o-salt__p-functionalization+molecular_weight+concentration,6.957600200611791,272,salt,functionalization+molecular_weight+concentration,10.353450790155122,3.395850589543331
regression,descriptor24_buffer_regressor_mlp,descriptor24,MLP,all,45,o-buffer__p-empty,10.377022206558694,272,buffer,empty,10.353450790155122,-0.023571416403571632
regression,descriptor24_buffer_regressor_mlp,descriptor24,MLP,all,45,o-buffer__p-functionalization,8.331982865874904,272,buffer,functionalization,10.353450790155122,2.021467924280218
regression,descriptor24_buffer_regressor_mlp,descriptor24,MLP,all,45,o-buffer__p-molecular_weight,9.970336294756677,272,buffer,molecular_weight,10.353450790155122,0.3831144953984449
regression,descriptor24_buffer_regressor_mlp,descriptor24,MLP,all,45,o-buffer__p-concentration,9.280698174389947,272,buffer,concentration,10.353450790155122,1.0727526157651752
regression,descriptor24_buffer_regressor_mlp,descriptor24,MLP,all,45,o-buffer__p-functionalization+molecular_weight,7.657459320881578,272,buffer,functionalization+molecular_weight,10.353450790155122,2.695991469273544
regression,descriptor24_buffer_regressor_mlp,descriptor24,MLP,all,45,o-buffer__p-functionalization+concentration,7.251949884087562,272,buffer,functionalization+concentration,10.353450790155122,3.1015009060675602
regression,descriptor24_buffer_regressor_mlp,descriptor24,MLP,all,45,o-buffer__p-molecular_weight+concentration,8.29335867375608,272,buffer,molecular_weight+concentration,10.353450790155122,2.0600921163990424
regression,descriptor24_buffer_regressor_mlp,descriptor24,MLP,all,45,o-buffer__p-functionalization+molecular_weight+concentration,7.420368085043219,272,buffer,functionalization+molecular_weight+concentration,10.353450790155122,2.933082705111903
regression,descriptor24_buffer_regressor_mlp,descriptor24,MLP,all,45,o-additive+salt__p-empty,7.536536385861405,272,additive+salt,empty,10.353450790155122,2.8169144042937173
regression,descriptor24_buffer_regressor_mlp,descriptor24,MLP,all,45,o-additive+salt__p-functionalization,7.127711153804176,272,additive+salt,functionalization,10.353450790155122,3.225739636350946
regression,descriptor24_buffer_regressor_mlp,descriptor24,MLP,all,45,o-additive+salt__p-molecular_weight,6.899199506935184,272,additive+salt,molecular_weight,10.353450790155122,3.4542512832199384
regression,descriptor24_buffer_regressor_mlp,descriptor24,MLP,all,45,o-additive+salt__p-concentration,7.341399206404393,272,additive+salt,concentration,10.353450790155122,3.012051583750729
regression,descriptor24_buffer_regressor_mlp,descriptor24,MLP,all,45,o-additive+salt__p-functionalization+molecular_weight,5.826720503551137,272,additive+salt,functionalization+molecular_weight,10.353450790155122,4.526730286603986
regression,descriptor24_buffer_regressor_mlp,descriptor24,MLP,all,45,o-additive+salt__p-functionalization+concentration,6.456990573484669,272,additive+salt,functionalization+concentration,10.353450790155122,3.8964602166704534
regression,descriptor24_buffer_regressor_mlp,descriptor24,MLP,all,45,o-additive+salt__p-molecular_weight+concentration,6.44779916554957,272,additive+salt,molecular_weight+concentration,10.353450790155122,3.905651624605552
regression,descriptor24_buffer_regressor_mlp,descriptor24,MLP,all,45,o-additive+salt__p-functionalization+molecular_weight+concentration,5.9681659776564615,272,additive+salt,functionalization+molecular_weight+concentration,10.353450790155122,4.385284812498661
regression,descriptor24_buffer_regressor_mlp,descriptor24,MLP,all,45,o-additive+buffer__p-empty,9.612322433074361,272,additive+buffer,empty,10.353450790155122,0.7411283570807612
regression,descriptor24_buffer_regressor_mlp,descriptor24,MLP,all,45,o-additive+buffer__p-functionalization,8.300479628535982,272,additive+buffer,functionalization,10.353450790155122,2.0529711616191406
regression,descriptor24_buffer_regressor_mlp,descriptor24,MLP,all,45,o-additive+buffer__p-molecular_weight,9.534860389731188,272,additive+buffer,molecular_weight,10.353450790155122,0.8185904004239344
regression,descriptor24_buffer_regressor_mlp,descriptor24,MLP,all,45,o-additive+buffer__p-concentration,9.03708828710622,272,additive+buffer,concentration,10.353450790155122,1.316362503048902
regression,descriptor24_buffer_regressor_mlp,descriptor24,MLP,all,45,o-additive+buffer__p-functionalization+molecular_weight,8.370981292003961,272,additive+buffer,functionalization+molecular_weight,10.353450790155122,1.9824694981511612
regression,descriptor24_buffer_regressor_mlp,descriptor24,MLP,all,45,o-additive+buffer__p-functionalization+concentration,7.890132160033166,272,additive+buffer,functionalization+concentration,10.353450790155122,2.4633186301219565
regression,descriptor24_buffer_regressor_mlp,descriptor24,MLP,all,45,o-additive+buffer__p-molecular_weight+concentration,8.494636390922023,272,additive+buffer,molecular_weight+concentration,10.353450790155122,1.8588143992330988
regression,descriptor24_buffer_regressor_mlp,descriptor24,MLP,all,45,o-additive+buffer__p-functionalization+molecular_weight+concentration,6.372855801260065,272,additive+buffer,functionalization+molecular_weight+concentration,10.353450790155122,3.9805949888950574
regression,descriptor24_buffer_regressor_mlp,descriptor24,MLP,all,45,o-salt+buffer__p-empty,8.699194857263738,272,salt+buffer,empty,10.353450790155122,1.6542559328913846
regression,descriptor24_buffer_regressor_mlp,descriptor24,MLP,all,45,o-salt+buffer__p-functionalization,8.173255615188012,272,salt+buffer,functionalization,10.353450790155122,2.1801951749671105
regression,descriptor24_buffer_regressor_mlp,descriptor24,MLP,all,45,o-salt+buffer__p-molecular_weight,8.604748070847478,272,salt+buffer,molecular_weight,10.353450790155122,1.7487027193076443
regression,descriptor24_buffer_regressor_mlp,descriptor24,MLP,all,45,o-salt+buffer__p-concentration,8.76326243373635,272,salt+buffer,concentration,10.353450790155122,1.590188356418773
regression,descriptor24_buffer_regressor_mlp,descriptor24,MLP,all,45,o-salt+buffer__p-functionalization+molecular_weight,7.97171568620801,272,salt+buffer,functionalization+molecular_weight,10.353450790155122,2.381735103947112
regression,descriptor24_buffer_regressor_mlp,descriptor24,MLP,all,45,o-salt+buffer__p-functionalization+concentration,8.448040014686704,272,salt+buffer,functionalization+concentration,10.353450790155122,1.9054107754684182
regression,descriptor24_buffer_regressor_mlp,descriptor24,MLP,all,45,o-salt+buffer__p-molecular_weight+concentration,8.064706658104008,272,salt+buffer,molecular_weight+concentration,10.353450790155122,2.2887441320511144
regression,descriptor24_buffer_regressor_mlp,descriptor24,MLP,all,45,o-salt+buffer__p-functionalization+molecular_weight+concentration,6.87493069029823,272,salt+buffer,functionalization+molecular_weight+concentration,10.353450790155122,3.478520099856892
regression,descriptor24_buffer_regressor_mlp,descriptor24,MLP,all,45,o-additive+salt+buffer__p-empty,7.723355496687272,272,additive+salt+buffer,empty,10.353450790155122,2.63009529346785
regression,descriptor24_buffer_regressor_mlp,descriptor24,MLP,all,45,o-additive+salt+buffer__p-functionalization,6.96221643203881,272,additive+salt+buffer,functionalization,10.353450790155122,3.3912343581163125
regression,descriptor24_buffer_regressor_mlp,descriptor24,MLP,all,45,o-additive+salt+buffer__p-molecular_weight,7.027966118435244,272,additive+salt+buffer,molecular_weight,10.353450790155122,3.3254846717198783
regression,descriptor24_buffer_regressor_mlp,descriptor24,MLP,all,45,o-additive+salt+buffer__p-concentration,7.464855305196556,272,additive+salt+buffer,concentration,10.353450790155122,2.888595484958566
regression,descriptor24_buffer_regressor_mlp,descriptor24,MLP,all,45,o-additive+salt+buffer__p-functionalization+molecular_weight,6.058341341696958,272,additive+salt+buffer,functionalization+molecular_weight,10.353450790155122,4.295109448458164
regression,descriptor24_buffer_regressor_mlp,descriptor24,MLP,all,45,o-additive+salt+buffer__p-functionalization+concentration,7.199097850990245,272,additive+salt+buffer,functionalization+concentration,10.353450790155122,3.1543529391648777
regression,descriptor24_buffer_regressor_mlp,descriptor24,MLP,all,45,o-additive+salt+buffer__p-molecular_weight+concentration,7.0197419081600785,272,additive+salt+buffer,molecular_weight+concentration,10.353450790155122,3.333708881995044
regression,descriptor24_buffer_regressor_mlp,descriptor24,MLP,all,45,o-additive+salt+buffer__p-functionalization+molecular_weight+concentration,5.774756316436673,272,additive+salt+buffer,functionalization+molecular_weight+concentration,10.353450790155122,4.578694473718449
regression,descriptor24_buffer_regressor_mlp,descriptor24,MLP,all,46,o-empty__p-empty,10.380226902829362,272,empty,empty,10.380226902829362,0.0
regression,descriptor24_buffer_regressor_mlp,descriptor24,MLP,all,46,o-empty__p-functionalization,8.049878842320204,272,empty,functionalization,10.380226902829362,2.3303480605091575
regression,descriptor24_buffer_regressor_mlp,descriptor24,MLP,all,46,o-empty__p-molecular_weight,8.96001756033798,272,empty,molecular_weight,10.380226902829362,1.4202093424913826
regression,descriptor24_buffer_regressor_mlp,descriptor24,MLP,all,46,o-empty__p-concentration,9.16574900478848,272,empty,concentration,10.380226902829362,1.2144778980408812
regression,descriptor24_buffer_regressor_mlp,descriptor24,MLP,all,46,o-empty__p-functionalization+molecular_weight,7.575105599221998,272,empty,functionalization+molecular_weight,10.380226902829362,2.805121303607364
regression,descriptor24_buffer_regressor_mlp,descriptor24,MLP,all,46,o-empty__p-functionalization+concentration,7.633529074250398,272,empty,functionalization+concentration,10.380226902829362,2.746697828578964
regression,descriptor24_buffer_regressor_mlp,descriptor24,MLP,all,46,o-empty__p-molecular_weight+concentration,7.891037607912538,272,empty,molecular_weight+concentration,10.380226902829362,2.489189294916824
regression,descriptor24_buffer_regressor_mlp,descriptor24,MLP,all,46,o-empty__p-functionalization+molecular_weight+concentration,6.721747903862476,272,empty,functionalization+molecular_weight+concentration,10.380226902829362,3.6584789989668858
regression,descriptor24_buffer_regressor_mlp,descriptor24,MLP,all,46,o-additive__p-empty,10.045976465172012,272,additive,empty,10.380226902829362,0.3342504376573494
regression,descriptor24_buffer_regressor_mlp,descriptor24,MLP,all,46,o-additive__p-functionalization,8.196064494705825,272,additive,functionalization,10.380226902829362,2.1841624081235373
regression,descriptor24_buffer_regressor_mlp,descriptor24,MLP,all,46,o-additive__p-molecular_weight,9.827248856792426,272,additive,molecular_weight,10.380226902829362,0.5529780460369356
regression,descriptor24_buffer_regressor_mlp,descriptor24,MLP,all,46,o-additive__p-concentration,9.14423221299126,272,additive,concentration,10.380226902829362,1.2359946898381011
regression,descriptor24_buffer_regressor_mlp,descriptor24,MLP,all,46,o-additive__p-functionalization+molecular_weight,7.577409953939259,272,additive,functionalization+molecular_weight,10.380226902829362,2.8028169488901025
regression,descriptor24_buffer_regressor_mlp,descriptor24,MLP,all,46,o-additive__p-functionalization+concentration,7.828308917813712,272,additive,functionalization+concentration,10.380226902829362,2.55191798501565
regression,descriptor24_buffer_regressor_mlp,descriptor24,MLP,all,46,o-additive__p-molecular_weight+concentration,8.551525025321222,272,additive,molecular_weight+concentration,10.380226902829362,1.8287018775081396
regression,descriptor24_buffer_regressor_mlp,descriptor24,MLP,all,46,o-additive__p-functionalization+molecular_weight+concentration,6.437518074072613,272,additive,functionalization+molecular_weight+concentration,10.380226902829362,3.942708828756749
regression,descriptor24_buffer_regressor_mlp,descriptor24,MLP,all,46,o-salt__p-empty,8.649799939825552,272,salt,empty,10.380226902829362,1.7304269630038096
regression,descriptor24_buffer_regressor_mlp,descriptor24,MLP,all,46,o-salt__p-functionalization,7.599508265496011,272,salt,functionalization,10.380226902829362,2.780718637333351
regression,descriptor24_buffer_regressor_mlp,descriptor24,MLP,all,46,o-salt__p-molecular_weight,8.352687044255939,272,salt,molecular_weight,10.380226902829362,2.027539858573423
regression,descriptor24_buffer_regressor_mlp,descriptor24,MLP,all,46,o-salt__p-concentration,8.492172251975397,272,salt,concentration,10.380226902829362,1.8880546508539648
regression,descriptor24_buffer_regressor_mlp,descriptor24,MLP,all,46,o-salt__p-functionalization+molecular_weight,6.749041893944037,272,salt,functionalization+molecular_weight,10.380226902829362,3.631185008885325
regression,descriptor24_buffer_regressor_mlp,descriptor24,MLP,all,46,o-salt__p-functionalization+concentration,7.414711711035391,272,salt,functionalization+concentration,10.380226902829362,2.965515191793971
regression,descriptor24_buffer_regressor_mlp,descriptor24,MLP,all,46,o-salt__p-molecular_weight+concentration,7.854610338187386,272,salt,molecular_weight+concentration,10.380226902829362,2.525616564641976
regression,descriptor24_buffer_regressor_mlp,descriptor24,MLP,all,46,o-salt__p-functionalization+molecular_weight+concentration,6.228751574793072,272,salt,functionalization+molecular_weight+concentration,10.380226902829362,4.15147532803629
regression,descriptor24_buffer_regressor_mlp,descriptor24,MLP,all,46,o-buffer__p-empty,10.248756413087609,272,buffer,empty,10.380226902829362,0.13147048974175313
regression,descriptor24_buffer_regressor_mlp,descriptor24,MLP,all,46,o-buffer__p-functionalization,7.56716597065314,272,buffer,functionalization,10.380226902829362,2.8130609321762217
regression,descriptor24_buffer_regressor_mlp,descriptor24,MLP,all,46,o-buffer__p-molecular_weight,9.432165739687186,272,buffer,molecular_weight,10.380226902829362,0.9480611631421763
regression,descriptor24_buffer_regressor_mlp,descriptor24,MLP,all,46,o-buffer__p-concentration,8.929217868132797,272,buffer,concentration,10.380226902829362,1.4510090346965647
regression,descriptor24_buffer_regressor_mlp,descriptor24,MLP,all,46,o-buffer__p-functionalization+molecular_weight,7.174283563073157,272,buffer,functionalization+molecular_weight,10.380226902829362,3.205943339756205
regression,descriptor24_buffer_regressor_mlp,descriptor24,MLP,all,46,o-buffer__p-functionalization+concentration,7.134269766161996,272,buffer,functionalization+concentration,10.380226902829362,3.245957136667366
regression,descriptor24_buffer_regressor_mlp,descriptor24,MLP,all,46,o-buffer__p-molecular_weight+concentration,8.229307074697196,272,buffer,molecular_weight+concentration,10.380226902829362,2.1509198281321655
regression,descriptor24_buffer_regressor_mlp,descriptor24,MLP,all,46,o-buffer__p-functionalization+molecular_weight+concentration,6.384657497086279,272,buffer,functionalization+molecular_weight+concentration,10.380226902829362,3.9955694057430833
regression,descriptor24_buffer_regressor_mlp,descriptor24,MLP,all,46,o-additive+salt__p-empty,8.059630657094882,272,additive+salt,empty,10.380226902829362,2.32059624573448
regression,descriptor24_buffer_regressor_mlp,descriptor24,MLP,all,46,o-additive+salt__p-functionalization,6.449503059885138,272,additive+salt,functionalization,10.380226902829362,3.930723842944224
regression,descriptor24_buffer_regressor_mlp,descriptor24,MLP,all,46,o-additive+salt__p-molecular_weight,7.714634537893697,272,additive+salt,molecular_weight,10.380226902829362,2.665592364935665
regression,descriptor24_buffer_regressor_mlp,descriptor24,MLP,all,46,o-additive+salt__p-concentration,7.917005769315432,272,additive+salt,concentration,10.380226902829362,2.4632211335139296
regression,descriptor24_buffer_regressor_mlp,descriptor24,MLP,all,46,o-additive+salt__p-functionalization+molecular_weight,5.473434715261437,272,additive+salt,functionalization+molecular_weight,10.380226902829362,4.906792187567925
regression,descriptor24_buffer_regressor_mlp,descriptor24,MLP,all,46,o-additive+salt__p-functionalization+concentration,6.4946700283766585,272,additive+salt,functionalization+concentration,10.380226902829362,3.8855568744527034
regression,descriptor24_buffer_regressor_mlp,descriptor24,MLP,all,46,o-additive+salt__p-molecular_weight+concentration,7.396183194473882,272,additive+salt,molecular_weight+concentration,10.380226902829362,2.98404370835548
regression,descriptor24_buffer_regressor_mlp,descriptor24,MLP,all,46,o-additive+salt__p-functionalization+molecular_weight+concentration,5.223327338939924,272,additive+salt,functionalization+molecular_weight+concentration,10.380226902829362,5.1568995638894375
regression,descriptor24_buffer_regressor_mlp,descriptor24,MLP,all,46,o-additive+buffer__p-empty,9.602237150935316,272,additive+buffer,empty,10.380226902829362,0.7779897518940455
regression,descriptor24_buffer_regressor_mlp,descriptor24,MLP,all,46,o-additive+buffer__p-functionalization,7.746820180123925,272,additive+buffer,functionalization,10.380226902829362,2.6334067227054367
regression,descriptor24_buffer_regressor_mlp,descriptor24,MLP,all,46,o-additive+buffer__p-molecular_weight,9.485663298323404,272,additive+buffer,molecular_weight,10.380226902829362,0.894563604505958
regression,descriptor24_buffer_regressor_mlp,descriptor24,MLP,all,46,o-additive+buffer__p-concentration,9.060013260918751,272,additive+buffer,concentration,10.380226902829362,1.3202136419106107
regression,descriptor24_buffer_regressor_mlp,descriptor24,MLP,all,46,o-additive+buffer__p-functionalization+molecular_weight,6.679029570915468,272,additive+buffer,functionalization+molecular_weight,10.380226902829362,3.701197331913894
regression,descriptor24_buffer_regressor_mlp,descriptor24,MLP,all,46,o-additive+buffer__p-functionalization+concentration,6.918210264625799,272,additive+buffer,functionalization+concentration,10.380226902829362,3.462016638203563
regression,descriptor24_buffer_regressor_mlp,descriptor24,MLP,all,46,o-additive+buffer__p-molecular_weight+concentration,7.931503061950434,272,additive+buffer,molecular_weight+concentration,10.380226902829362,2.4487238408789276
regression,descriptor24_buffer_regressor_mlp,descriptor24,MLP,all,46,o-additive+buffer__p-functionalization+molecular_weight+concentration,6.240074734407759,272,additive+buffer,functionalization+molecular_weight+concentration,10.380226902829362,4.1401521684216025
regression,descriptor24_buffer_regressor_mlp,descriptor24,MLP,all,46,o-salt+buffer__p-empty,8.44259155325593,272,salt+buffer,empty,10.380226902829362,1.9376353495734318
regression,descriptor24_buffer_regressor_mlp,descriptor24,MLP,all,46,o-salt+buffer__p-functionalization,7.795316608984009,272,salt+buffer,functionalization,10.380226902829362,2.584910293845353
regression,descriptor24_buffer_regressor_mlp,descriptor24,MLP,all,46,o-salt+buffer__p-molecular_weight,8.260711374915637,272,salt+buffer,molecular_weight,10.380226902829362,2.119515527913725
regression,descriptor24_buffer_regressor_mlp,descriptor24,MLP,all,46,o-salt+buffer__p-concentration,8.258838750603307,272,salt+buffer,concentration,10.380226902829362,2.1213881522260554
regression,descriptor24_buffer_regressor_mlp,descriptor24,MLP,all,46,o-salt+buffer__p-functionalization+molecular_weight,7.5391907980441815,272,salt+buffer,functionalization+molecular_weight,10.380226902829362,2.8410361047851804
regression,descriptor24_buffer_regressor_mlp,descriptor24,MLP,all,46,o-salt+buffer__p-functionalization+concentration,7.184653328638566,272,salt+buffer,functionalization+concentration,10.380226902829362,3.195573574190796
regression,descriptor24_buffer_regressor_mlp,descriptor24,MLP,all,46,o-salt+buffer__p-molecular_weight+concentration,7.740212618068036,272,salt+buffer,molecular_weight+concentration,10.380226902829362,2.6400142847613255
regression,descriptor24_buffer_regressor_mlp,descriptor24,MLP,all,46,o-salt+buffer__p-functionalization+molecular_weight+concentration,6.247328548491631,272,salt+buffer,functionalization+molecular_weight+concentration,10.380226902829362,4.132898354337731
regression,descriptor24_buffer_regressor_mlp,descriptor24,MLP,all,46,o-additive+salt+buffer__p-empty,7.641610047006044,272,additive+salt+buffer,empty,10.380226902829362,2.7386168558233175
regression,descriptor24_buffer_regressor_mlp,descriptor24,MLP,all,46,o-additive+salt+buffer__p-functionalization,6.760737743050938,272,additive+salt+buffer,functionalization,10.380226902829362,3.619489159778424
regression,descriptor24_buffer_regressor_mlp,descriptor24,MLP,all,46,o-additive+salt+buffer__p-molecular_weight,7.615967474228423,272,additive+salt+buffer,molecular_weight,10.380226902829362,2.7642594286009388
regression,descriptor24_buffer_regressor_mlp,descriptor24,MLP,all,46,o-additive+salt+buffer__p-concentration,7.66118342668341,272,additive+salt+buffer,concentration,10.380226902829362,2.719043476145952
regression,descriptor24_buffer_regressor_mlp,descriptor24,MLP,all,46,o-additive+salt+buffer__p-functionalization+molecular_weight,5.67108549736288,272,additive+salt+buffer,functionalization+molecular_weight,10.380226902829362,4.7091414054664815
regression,descriptor24_buffer_regressor_mlp,descriptor24,MLP,all,46,o-additive+salt+buffer__p-functionalization+concentration,6.28072876831499,272,additive+salt+buffer,functionalization+concentration,10.380226902829362,4.099498134514372
regression,descriptor24_buffer_regressor_mlp,descriptor24,MLP,all,46,o-additive+salt+buffer__p-molecular_weight+concentration,6.893395949384357,272,additive+salt+buffer,molecular_weight+concentration,10.380226902829362,3.486830953445005
regression,descriptor24_buffer_regressor_mlp,descriptor24,MLP,all,46,o-additive+salt+buffer__p-functionalization+molecular_weight+concentration,4.805829063703817,272,additive+salt+buffer,functionalization+molecular_weight+concentration,10.380226902829362,5.574397839125545
regression,two_slot_pca38_buffer_regressor_xgboost,two_slot38,XGBoost,all,42,o-empty__p-empty,10.402929907257958,272,empty,empty,10.402929907257958,0.0
regression,two_slot_pca38_buffer_regressor_xgboost,two_slot38,XGBoost,all,42,o-empty__p-functionalization,8.17989553104948,272,empty,functionalization,10.402929907257958,2.223034376208478
regression,two_slot_pca38_buffer_regressor_xgboost,two_slot38,XGBoost,all,42,o-empty__p-molecular_weight,9.332825024306498,272,empty,molecular_weight,10.402929907257958,1.0701048829514601
regression,two_slot_pca38_buffer_regressor_xgboost,two_slot38,XGBoost,all,42,o-empty__p-concentration,9.500578317812616,272,empty,concentration,10.402929907257958,0.9023515894453418
regression,two_slot_pca38_buffer_regressor_xgboost,two_slot38,XGBoost,all,42,o-empty__p-functionalization+molecular_weight,7.223813842589744,272,empty,functionalization+molecular_weight,10.402929907257958,3.1791160646682144
regression,two_slot_pca38_buffer_regressor_xgboost,two_slot38,XGBoost,all,42,o-empty__p-functionalization+concentration,7.7899624167195745,272,empty,functionalization+concentration,10.402929907257958,2.6129674905383835
regression,two_slot_pca38_buffer_regressor_xgboost,two_slot38,XGBoost,all,42,o-empty__p-molecular_weight+concentration,8.613356904893053,272,empty,molecular_weight+concentration,10.402929907257958,1.7895730023649055
regression,two_slot_pca38_buffer_regressor_xgboost,two_slot38,XGBoost,all,42,o-empty__p-functionalization+molecular_weight+concentration,6.74061174667634,272,empty,functionalization+molecular_weight+concentration,10.402929907257958,3.662318160581618
regression,two_slot_pca38_buffer_regressor_xgboost,two_slot38,XGBoost,all,42,o-additive__p-empty,9.714478605663453,272,additive,empty,10.402929907257958,0.6884513015945046
regression,two_slot_pca38_buffer_regressor_xgboost,two_slot38,XGBoost,all,42,o-additive__p-functionalization,7.494257376124837,272,additive,functionalization,10.402929907257958,2.9086725311331207
regression,two_slot_pca38_buffer_regressor_xgboost,two_slot38,XGBoost,all,42,o-additive__p-molecular_weight,9.015725163074501,272,additive,molecular_weight,10.402929907257958,1.3872047441834567
regression,two_slot_pca38_buffer_regressor_xgboost,two_slot38,XGBoost,all,42,o-additive__p-concentration,8.592114781135795,272,additive,concentration,10.402929907257958,1.8108151261221632
regression,two_slot_pca38_buffer_regressor_xgboost,two_slot38,XGBoost,all,42,o-additive__p-functionalization+molecular_weight,6.71470589421319,272,additive,functionalization+molecular_weight,10.402929907257958,3.688224013044768
regression,two_slot_pca38_buffer_regressor_xgboost,two_slot38,XGBoost,all,42,o-additive__p-functionalization+concentration,7.279832177494226,272,additive,functionalization+concentration,10.402929907257958,3.1230977297637317
regression,two_slot_pca38_buffer_regressor_xgboost,two_slot38,XGBoost,all,42,o-additive__p-molecular_weight+concentration,7.714900031003805,272,additive,molecular_weight+concentration,10.402929907257958,2.688029876254153
regression,two_slot_pca38_buffer_regressor_xgboost,two_slot38,XGBoost,all,42,o-additive__p-functionalization+molecular_weight+concentration,5.673613370052066,272,additive,functionalization+molecular_weight+concentration,10.402929907257958,4.729316537205892
regression,two_slot_pca38_buffer_regressor_xgboost,two_slot38,XGBoost,all,42,o-salt__p-empty,8.350319240061554,272,salt,empty,10.402929907257958,2.0526106671964044
regression,two_slot_pca38_buffer_regressor_xgboost,two_slot38,XGBoost,all,42,o-salt__p-functionalization,7.761447724835305,272,salt,functionalization,10.402929907257958,2.641482182422653
regression,two_slot_pca38_buffer_regressor_xgboost,two_slot38,XGBoost,all,42,o-salt__p-molecular_weight,8.383682423781634,272,salt,molecular_weight,10.402929907257958,2.019247483476324
regression,two_slot_pca38_buffer_regressor_xgboost,two_slot38,XGBoost,all,42,o-salt__p-concentration,8.288452692140588,272,salt,concentration,10.402929907257958,2.11447721511737
regression,two_slot_pca38_buffer_regressor_xgboost,two_slot38,XGBoost,all,42,o-salt__p-functionalization+molecular_weight,7.10677161052101,272,salt,functionalization+molecular_weight,10.402929907257958,3.296158296736948
regression,two_slot_pca38_buffer_regressor_xgboost,two_slot38,XGBoost,all,42,o-salt__p-functionalization+concentration,7.319186433585889,272,salt,functionalization+concentration,10.402929907257958,3.083743473672069
regression,two_slot_pca38_buffer_regressor_xgboost,two_slot38,XGBoost,all,42,o-salt__p-molecular_weight+concentration,7.727933186802184,272,salt,molecular_weight+concentration,10.402929907257958,2.6749967204557743
regression,two_slot_pca38_buffer_regressor_xgboost,two_slot38,XGBoost,all,42,o-salt__p-functionalization+molecular_weight+concentration,6.430117731521147,272,salt,functionalization+molecular_weight+concentration,10.402929907257958,3.972812175736811
regression,two_slot_pca38_buffer_regressor_xgboost,two_slot38,XGBoost,all,42,o-buffer__p-empty,10.461153138824576,272,buffer,empty,10.402929907257958,-0.05822323156661824
regression,two_slot_pca38_buffer_regressor_xgboost,two_slot38,XGBoost,all,42,o-buffer__p-functionalization,7.726661175530296,272,buffer,functionalization,10.402929907257958,2.676268731727662
regression,two_slot_pca38_buffer_regressor_xgboost,two_slot38,XGBoost,all,42,o-buffer__p-molecular_weight,9.032835088751883,272,buffer,molecular_weight,10.402929907257958,1.3700948185060753
regression,two_slot_pca38_buffer_regressor_xgboost,two_slot38,XGBoost,all,42,o-buffer__p-concentration,9.361657414970189,272,buffer,concentration,10.402929907257958,1.041272492287769
regression,two_slot_pca38_buffer_regressor_xgboost,two_slot38,XGBoost,all,42,o-buffer__p-functionalization+molecular_weight,6.577305232426436,272,buffer,functionalization+molecular_weight,10.402929907257958,3.8256246748315217
regression,two_slot_pca38_buffer_regressor_xgboost,two_slot38,XGBoost,all,42,o-buffer__p-functionalization+concentration,7.038798959539513,272,buffer,functionalization+concentration,10.402929907257958,3.3641309477184453
regression,two_slot_pca38_buffer_regressor_xgboost,two_slot38,XGBoost,all,42,o-buffer__p-molecular_weight+concentration,7.3067519462017385,272,buffer,molecular_weight+concentration,10.402929907257958,3.0961779610562195
regression,two_slot_pca38_buffer_regressor_xgboost,two_slot38,XGBoost,all,42,o-buffer__p-functionalization+molecular_weight+concentration,5.745538518464586,272,buffer,functionalization+molecular_weight+concentration,10.402929907257958,4.657391388793372
regression,two_slot_pca38_buffer_regressor_xgboost,two_slot38,XGBoost,all,42,o-additive+salt__p-empty,7.108546799984877,272,additive+salt,empty,10.402929907257958,3.294383107273081
regression,two_slot_pca38_buffer_regressor_xgboost,two_slot38,XGBoost,all,42,o-additive+salt__p-functionalization,6.389886396535052,272,additive+salt,functionalization,10.402929907257958,4.013043510722906
regression,two_slot_pca38_buffer_regressor_xgboost,two_slot38,XGBoost,all,42,o-additive+salt__p-molecular_weight,6.65022277397766,272,additive+salt,molecular_weight,10.402929907257958,3.752707133280298
regression,two_slot_pca38_buffer_regressor_xgboost,two_slot38,XGBoost,all,42,o-additive+salt__p-concentration,7.440521050435964,272,additive+salt,concentration,10.402929907257958,2.9624088568219937
regression,two_slot_pca38_buffer_regressor_xgboost,two_slot38,XGBoost,all,42,o-additive+salt__p-functionalization+molecular_weight,5.4239432011693145,272,additive+salt,functionalization+molecular_weight,10.402929907257958,4.9789867060886435
regression,two_slot_pca38_buffer_regressor_xgboost,two_slot38,XGBoost,all,42,o-additive+salt__p-functionalization+concentration,6.680674528397446,272,additive+salt,functionalization+concentration,10.402929907257958,3.7222553788605124
regression,two_slot_pca38_buffer_regressor_xgboost,two_slot38,XGBoost,all,42,o-additive+salt__p-molecular_weight+concentration,6.594075616977392,272,additive+salt,molecular_weight+concentration,10.402929907257958,3.808854290280566
regression,two_slot_pca38_buffer_regressor_xgboost,two_slot38,XGBoost,all,42,o-additive+salt__p-functionalization+molecular_weight+concentration,4.991968345988244,272,additive+salt,functionalization+molecular_weight+concentration,10.402929907257958,5.410961561269714
regression,two_slot_pca38_buffer_regressor_xgboost,two_slot38,XGBoost,all,42,o-additive+buffer__p-empty,9.527253522701171,272,additive+buffer,empty,10.402929907257958,0.8756763845567868
regression,two_slot_pca38_buffer_regressor_xgboost,two_slot38,XGBoost,all,42,o-additive+buffer__p-functionalization,6.947108464710669,272,additive+buffer,functionalization,10.402929907257958,3.455821442547289
regression,two_slot_pca38_buffer_regressor_xgboost,two_slot38,XGBoost,all,42,o-additive+buffer__p-molecular_weight,8.487180352731597,272,additive+buffer,molecular_weight,10.402929907257958,1.9157495545263608
regression,two_slot_pca38_buffer_regressor_xgboost,two_slot38,XGBoost,all,42,o-additive+buffer__p-concentration,8.746869275815513,272,additive+buffer,concentration,10.402929907257958,1.656060631442445
regression,two_slot_pca38_buffer_regressor_xgboost,two_slot38,XGBoost,all,42,o-additive+buffer__p-functionalization+molecular_weight,5.957807468429093,272,additive+buffer,functionalization+molecular_weight,10.402929907257958,4.445122438828865
regression,two_slot_pca38_buffer_regressor_xgboost,two_slot38,XGBoost,all,42,o-additive+buffer__p-functionalization+concentration,6.4879074065457045,272,additive+buffer,functionalization+concentration,10.402929907257958,3.9150225007122534
regression,two_slot_pca38_buffer_regressor_xgboost,two_slot38,XGBoost,all,42,o-additive+buffer__p-molecular_weight+concentration,6.832590823769115,272,additive+buffer,molecular_weight+concentration,10.402929907257958,3.570339083488843
regression,two_slot_pca38_buffer_regressor_xgboost,two_slot38,XGBoost,all,42,o-additive+buffer__p-functionalization+molecular_weight+concentration,4.499696244465425,272,additive+buffer,functionalization+molecular_weight+concentration,10.402929907257958,5.903233662792533
regression,two_slot_pca38_buffer_regressor_xgboost,two_slot38,XGBoost,all,42,o-salt+buffer__p-empty,8.207517740356574,272,salt+buffer,empty,10.402929907257958,2.1954121669013844
regression,two_slot_pca38_buffer_regressor_xgboost,two_slot38,XGBoost,all,42,o-salt+buffer__p-functionalization,7.259462108630401,272,salt+buffer,functionalization,10.402929907257958,3.143467798627557
regression,two_slot_pca38_buffer_regressor_xgboost,two_slot38,XGBoost,all,42,o-salt+buffer__p-molecular_weight,7.653876356691616,272,salt+buffer,molecular_weight,10.402929907257958,2.749053550566342
regression,two_slot_pca38_buffer_regressor_xgboost,two_slot38,XGBoost,all,42,o-salt+buffer__p-concentration,8.451494452764269,272,salt+buffer,concentration,10.402929907257958,1.951435454493689
regression,two_slot_pca38_buffer_regressor_xgboost,two_slot38,XGBoost,all,42,o-salt+buffer__p-functionalization+molecular_weight,6.450174532367824,272,salt+buffer,functionalization+molecular_weight,10.402929907257958,3.952755374890134
regression,two_slot_pca38_buffer_regressor_xgboost,two_slot38,XGBoost,all,42,o-salt+buffer__p-functionalization+concentration,6.585152849740836,272,salt+buffer,functionalization+concentration,10.402929907257958,3.817777057517122
regression,two_slot_pca38_buffer_regressor_xgboost,two_slot38,XGBoost,all,42,o-salt+buffer__p-molecular_weight+concentration,6.68218109537249,272,salt+buffer,molecular_weight+concentration,10.402929907257958,3.7207488118854677
regression,two_slot_pca38_buffer_regressor_xgboost,two_slot38,XGBoost,all,42,o-salt+buffer__p-functionalization+molecular_weight+concentration,5.349918554297095,272,salt+buffer,functionalization+molecular_weight+concentration,10.402929907257958,5.053011352960863
regression,two_slot_pca38_buffer_regressor_xgboost,two_slot38,XGBoost,all,42,o-additive+salt+buffer__p-empty,6.946790051347739,272,additive+salt+buffer,empty,10.402929907257958,3.4561398559102186
regression,two_slot_pca38_buffer_regressor_xgboost,two_slot38,XGBoost,all,42,o-additive+salt+buffer__p-functionalization,5.830416247976712,272,additive+salt+buffer,functionalization,10.402929907257958,4.572513659281246
regression,two_slot_pca38_buffer_regressor_xgboost,two_slot38,XGBoost,all,42,o-additive+salt+buffer__p-molecular_weight,5.9540160001243105,272,additive+salt+buffer,molecular_weight,10.402929907257958,4.448913907133647
regression,two_slot_pca38_buffer_regressor_xgboost,two_slot38,XGBoost,all,42,o-additive+salt+buffer__p-concentration,7.505592688825798,272,additive+salt+buffer,concentration,10.402929907257958,2.8973372184321597
regression,two_slot_pca38_buffer_regressor_xgboost,two_slot38,XGBoost,all,42,o-additive+salt+buffer__p-functionalization+molecular_weight,4.699984154419463,272,additive+salt+buffer,functionalization+molecular_weight,10.402929907257958,5.702945752838495
regression,two_slot_pca38_buffer_regressor_xgboost,two_slot38,XGBoost,all,42,o-additive+salt+buffer__p-functionalization+concentration,5.8697322333030515,272,additive+salt+buffer,functionalization+concentration,10.402929907257958,4.5331976739549065
regression,two_slot_pca38_buffer_regressor_xgboost,two_slot38,XGBoost,all,42,o-additive+salt+buffer__p-molecular_weight+concentration,5.59999871768763,272,additive+salt+buffer,molecular_weight+concentration,10.402929907257958,4.802931189570328
regression,two_slot_pca38_buffer_regressor_xgboost,two_slot38,XGBoost,all,42,o-additive+salt+buffer__p-functionalization+molecular_weight+concentration,3.8199582780980808,272,additive+salt+buffer,functionalization+molecular_weight+concentration,10.402929907257958,6.582971629159877
regression,two_slot_pca38_buffer_regressor_xgboost,two_slot38,XGBoost,all,43,o-empty__p-empty,10.370470935852886,272,empty,empty,10.370470935852886,0.0
regression,two_slot_pca38_buffer_regressor_xgboost,two_slot38,XGBoost,all,43,o-empty__p-functionalization,8.071064328766855,272,empty,functionalization,10.370470935852886,2.2994066070860306
regression,two_slot_pca38_buffer_regressor_xgboost,two_slot38,XGBoost,all,43,o-empty__p-molecular_weight,9.234294689441152,272,empty,molecular_weight,10.370470935852886,1.1361762464117344
regression,two_slot_pca38_buffer_regressor_xgboost,two_slot38,XGBoost,all,43,o-empty__p-concentration,9.48376601051976,272,empty,concentration,10.370470935852886,0.8867049253331256
regression,two_slot_pca38_buffer_regressor_xgboost,two_slot38,XGBoost,all,43,o-empty__p-functionalization+molecular_weight,7.137020135938917,272,empty,functionalization+molecular_weight,10.370470935852886,3.233450799913969
regression,two_slot_pca38_buffer_regressor_xgboost,two_slot38,XGBoost,all,43,o-empty__p-functionalization+concentration,7.7142354194236225,272,empty,functionalization+concentration,10.370470935852886,2.6562355164292635
regression,two_slot_pca38_buffer_regressor_xgboost,two_slot38,XGBoost,all,43,o-empty__p-molecular_weight+concentration,8.639086944484646,272,empty,molecular_weight+concentration,10.370470935852886,1.73138399136824
regression,two_slot_pca38_buffer_regressor_xgboost,two_slot38,XGBoost,all,43,o-empty__p-functionalization+molecular_weight+concentration,6.674714281612484,272,empty,functionalization+molecular_weight+concentration,10.370470935852886,3.6957566542404017
regression,two_slot_pca38_buffer_regressor_xgboost,two_slot38,XGBoost,all,43,o-additive__p-empty,9.64058083715004,272,additive,empty,10.370470935852886,0.729890098702846
regression,two_slot_pca38_buffer_regressor_xgboost,two_slot38,XGBoost,all,43,o-additive__p-functionalization,7.429411846312352,272,additive,functionalization,10.370470935852886,2.941059089540534
regression,two_slot_pca38_buffer_regressor_xgboost,two_slot38,XGBoost,all,43,o-additive__p-molecular_weight,8.918468304692688,272,additive,molecular_weight,10.370470935852886,1.4520026311601981
regression,two_slot_pca38_buffer_regressor_xgboost,two_slot38,XGBoost,all,43,o-additive__p-concentration,8.45775176273548,272,additive,concentration,10.370470935852886,1.9127191731174058
regression,two_slot_pca38_buffer_regressor_xgboost,two_slot38,XGBoost,all,43,o-additive__p-functionalization+molecular_weight,6.56417808695696,272,additive,functionalization+molecular_weight,10.370470935852886,3.806292848895926
regression,two_slot_pca38_buffer_regressor_xgboost,two_slot38,XGBoost,all,43,o-additive__p-functionalization+concentration,7.139697063694159,272,additive,functionalization+concentration,10.370470935852886,3.2307738721587267
regression,two_slot_pca38_buffer_regressor_xgboost,two_slot38,XGBoost,all,43,o-additive__p-molecular_weight+concentration,7.485311125133654,272,additive,molecular_weight+concentration,10.370470935852886,2.885159810719232
regression,two_slot_pca38_buffer_regressor_xgboost,two_slot38,XGBoost,all,43,o-additive__p-functionalization+molecular_weight+concentration,5.451378105912157,272,additive,functionalization+molecular_weight+concentration,10.370470935852886,4.919092829940729
regression,two_slot_pca38_buffer_regressor_xgboost,two_slot38,XGBoost,all,43,o-salt__p-empty,8.423944571352227,272,salt,empty,10.370470935852886,1.9465263645006594
regression,two_slot_pca38_buffer_regressor_xgboost,two_slot38,XGBoost,all,43,o-salt__p-functionalization,7.639025092995155,272,salt,functionalization,10.370470935852886,2.731445842857731
regression,two_slot_pca38_buffer_regressor_xgboost,two_slot38,XGBoost,all,43,o-salt__p-molecular_weight,8.120777774155552,272,salt,molecular_weight,10.370470935852886,2.2496931616973335
regression,two_slot_pca38_buffer_regressor_xgboost,two_slot38,XGBoost,all,43,o-salt__p-concentration,8.325767970741865,272,salt,concentration,10.370470935852886,2.0447029651110213
regression,two_slot_pca38_buffer_regressor_xgboost,two_slot38,XGBoost,all,43,o-salt__p-functionalization+molecular_weight,6.8939662294396715,272,salt,functionalization+molecular_weight,10.370470935852886,3.4765047064132144
regression,two_slot_pca38_buffer_regressor_xgboost,two_slot38,XGBoost,all,43,o-salt__p-functionalization+concentration,7.294105604978761,272,salt,functionalization+concentration,10.370470935852886,3.0763653308741246
regression,two_slot_pca38_buffer_regressor_xgboost,two_slot38,XGBoost,all,43,o-salt__p-molecular_weight+concentration,7.478487747535897,272,salt,molecular_weight+concentration,10.370470935852886,2.8919831883169893
regression,two_slot_pca38_buffer_regressor_xgboost,two_slot38,XGBoost,all,43,o-salt__p-functionalization+molecular_weight+concentration,6.184612351872377,272,salt,functionalization+molecular_weight+concentration,10.370470935852886,4.185858583980509
regression,two_slot_pca38_buffer_regressor_xgboost,two_slot38,XGBoost,all,43,o-buffer__p-empty,10.448359406826457,272,buffer,empty,10.370470935852886,-0.07788847097357099
regression,two_slot_pca38_buffer_regressor_xgboost,two_slot38,XGBoost,all,43,o-buffer__p-functionalization,7.587191776706287,272,buffer,functionalization,10.370470935852886,2.7832791591465993
regression,two_slot_pca38_buffer_regressor_xgboost,two_slot38,XGBoost,all,43,o-buffer__p-molecular_weight,8.914328244271767,272,buffer,molecular_weight,10.370470935852886,1.4561426915811193
regression,two_slot_pca38_buffer_regressor_xgboost,two_slot38,XGBoost,all,43,o-buffer__p-concentration,9.375863425324605,272,buffer,concentration,10.370470935852886,0.9946075105282812
regression,two_slot_pca38_buffer_regressor_xgboost,two_slot38,XGBoost,all,43,o-buffer__p-functionalization+molecular_weight,6.416254821643828,272,buffer,functionalization+molecular_weight,10.370470935852886,3.954216114209058
regression,two_slot_pca38_buffer_regressor_xgboost,two_slot38,XGBoost,all,43,o-buffer__p-functionalization+concentration,6.97123091086616,272,buffer,functionalization+concentration,10.370470935852886,3.3992400249867263
regression,two_slot_pca38_buffer_regressor_xgboost,two_slot38,XGBoost,all,43,o-buffer__p-molecular_weight+concentration,7.1927591965110675,272,buffer,molecular_weight+concentration,10.370470935852886,3.1777117393418184
regression,two_slot_pca38_buffer_regressor_xgboost,two_slot38,XGBoost,all,43,o-buffer__p-functionalization+molecular_weight+concentration,5.543429167565039,272,buffer,functionalization+molecular_weight+concentration,10.370470935852886,4.827041768287847
regression,two_slot_pca38_buffer_regressor_xgboost,two_slot38,XGBoost,all,43,o-additive+salt__p-empty,6.876308580884906,272,additive+salt,empty,10.370470935852886,3.4941623549679797
regression,two_slot_pca38_buffer_regressor_xgboost,two_slot38,XGBoost,all,43,o-additive+salt__p-functionalization,5.980953209585935,272,additive+salt,functionalization,10.370470935852886,4.389517726266951
regression,two_slot_pca38_buffer_regressor_xgboost,two_slot38,XGBoost,all,43,o-additive+salt__p-molecular_weight,6.259554950509453,272,additive+salt,molecular_weight,10.370470935852886,4.110915985343433
regression,two_slot_pca38_buffer_regressor_xgboost,two_slot38,XGBoost,all,43,o-additive+salt__p-concentration,7.2010180965797765,272,additive+salt,concentration,10.370470935852886,3.1694528392731094
regression,two_slot_pca38_buffer_regressor_xgboost,two_slot38,XGBoost,all,43,o-additive+salt__p-functionalization+molecular_weight,4.826134374267321,272,additive+salt,functionalization+molecular_weight,10.370470935852886,5.544336561585565
regression,two_slot_pca38_buffer_regressor_xgboost,two_slot38,XGBoost,all,43,o-additive+salt__p-functionalization+concentration,6.2659358097875035,272,additive+salt,functionalization+concentration,10.370470935852886,4.104535126065382
regression,two_slot_pca38_buffer_regressor_xgboost,two_slot38,XGBoost,all,43,o-additive+salt__p-molecular_weight+concentration,6.232580996618061,272,additive+salt,molecular_weight+concentration,10.370470935852886,4.1378899392348245
regression,two_slot_pca38_buffer_regressor_xgboost,two_slot38,XGBoost,all,43,o-additive+salt__p-functionalization+molecular_weight+concentration,4.548176108172601,272,additive+salt,functionalization+molecular_weight+concentration,10.370470935852886,5.822294827680285
regression,two_slot_pca38_buffer_regressor_xgboost,two_slot38,XGBoost,all,43,o-additive+buffer__p-empty,9.439247904409699,272,additive+buffer,empty,10.370470935852886,0.9312230314431869
regression,two_slot_pca38_buffer_regressor_xgboost,two_slot38,XGBoost,all,43,o-additive+buffer__p-functionalization,6.738061708998628,272,additive+buffer,functionalization,10.370470935852886,3.632409226854258
regression,two_slot_pca38_buffer_regressor_xgboost,two_slot38,XGBoost,all,43,o-additive+buffer__p-molecular_weight,8.32388472938003,272,additive+buffer,molecular_weight,10.370470935852886,2.046586206472856
regression,two_slot_pca38_buffer_regressor_xgboost,two_slot38,XGBoost,all,43,o-additive+buffer__p-concentration,8.700104151492267,272,additive+buffer,concentration,10.370470935852886,1.6703667843606187
regression,two_slot_pca38_buffer_regressor_xgboost,two_slot38,XGBoost,all,43,o-additive+buffer__p-functionalization+molecular_weight,5.84692839450306,272,additive+buffer,functionalization+molecular_weight,10.370470935852886,4.523542541349826
regression,two_slot_pca38_buffer_regressor_xgboost,two_slot38,XGBoost,all,43,o-additive+buffer__p-functionalization+concentration,6.141387123440795,272,additive+buffer,functionalization+concentration,10.370470935852886,4.229083812412091
regression,two_slot_pca38_buffer_regressor_xgboost,two_slot38,XGBoost,all,43,o-additive+buffer__p-molecular_weight+concentration,6.610951765307843,272,additive+buffer,molecular_weight+concentration,10.370470935852886,3.759519170545043
regression,two_slot_pca38_buffer_regressor_xgboost,two_slot38,XGBoost,all,43,o-additive+buffer__p-functionalization+molecular_weight+concentration,4.275693779566801,272,additive+buffer,functionalization+molecular_weight+concentration,10.370470935852886,6.094777156286085
regression,two_slot_pca38_buffer_regressor_xgboost,two_slot38,XGBoost,all,43,o-salt+buffer__p-empty,8.185992328394947,272,salt+buffer,empty,10.370470935852886,2.1844786074579385
regression,two_slot_pca38_buffer_regressor_xgboost,two_slot38,XGBoost,all,43,o-salt+buffer__p-functionalization,7.068246681694812,272,salt+buffer,functionalization,10.370470935852886,3.302224254158074
regression,two_slot_pca38_buffer_regressor_xgboost,two_slot38,XGBoost,all,43,o-salt+buffer__p-molecular_weight,7.358163586069872,272,salt+buffer,molecular_weight,10.370470935852886,3.012307349783014
regression,two_slot_pca38_buffer_regressor_xgboost,two_slot38,XGBoost,all,43,o-salt+buffer__p-concentration,8.570390776936847,272,salt+buffer,concentration,10.370470935852886,1.800080158916039
regression,two_slot_pca38_buffer_regressor_xgboost,two_slot38,XGBoost,all,43,o-salt+buffer__p-functionalization+molecular_weight,6.2093554964758315,272,salt+buffer,functionalization+molecular_weight,10.370470935852886,4.161115439377054
regression,two_slot_pca38_buffer_regressor_xgboost,two_slot38,XGBoost,all,43,o-salt+buffer__p-functionalization+concentration,6.402993289568986,272,salt+buffer,functionalization+concentration,10.370470935852886,3.9674776462839
regression,two_slot_pca38_buffer_regressor_xgboost,two_slot38,XGBoost,all,43,o-salt+buffer__p-molecular_weight+concentration,6.389381245121264,272,salt+buffer,molecular_weight+concentration,10.370470935852886,3.981089690731622
regression,two_slot_pca38_buffer_regressor_xgboost,two_slot38,XGBoost,all,43,o-salt+buffer__p-functionalization+molecular_weight+concentration,5.040295958046789,272,salt+buffer,functionalization+molecular_weight+concentration,10.370470935852886,5.330174977806097
regression,two_slot_pca38_buffer_regressor_xgboost,two_slot38,XGBoost,all,43,o-additive+salt+buffer__p-empty,6.648977913432939,272,additive+salt+buffer,empty,10.370470935852886,3.7214930224199465
regression,two_slot_pca38_buffer_regressor_xgboost,two_slot38,XGBoost,all,43,o-additive+salt+buffer__p-functionalization,5.295647081935421,272,additive+salt+buffer,functionalization,10.370470935852886,5.074823853917465
regression,two_slot_pca38_buffer_regressor_xgboost,two_slot38,XGBoost,all,43,o-additive+salt+buffer__p-molecular_weight,5.60793036602202,272,additive+salt+buffer,molecular_weight,10.370470935852886,4.762540569830866
regression,two_slot_pca38_buffer_regressor_xgboost,two_slot38,XGBoost,all,43,o-additive+salt+buffer__p-concentration,7.318018679573354,272,additive+salt+buffer,concentration,10.370470935852886,3.0524522562795315
regression,two_slot_pca38_buffer_regressor_xgboost,two_slot38,XGBoost,all,43,o-additive+salt+buffer__p-functionalization+molecular_weight,4.191152869793879,272,additive+salt+buffer,functionalization+molecular_weight,10.370470935852886,6.179318066059007
regression,two_slot_pca38_buffer_regressor_xgboost,two_slot38,XGBoost,all,43,o-additive+salt+buffer__p-functionalization+concentration,5.27851532856697,272,additive+salt+buffer,functionalization+concentration,10.370470935852886,5.091955607285916
regression,two_slot_pca38_buffer_regressor_xgboost,two_slot38,XGBoost,all,43,o-additive+salt+buffer__p-molecular_weight+concentration,5.201961772537857,272,additive+salt+buffer,molecular_weight+concentration,10.370470935852886,5.168509163315029
regression,two_slot_pca38_buffer_regressor_xgboost,two_slot38,XGBoost,all,43,o-additive+salt+buffer__p-functionalization+molecular_weight+concentration,3.345756516231756,272,additive+salt+buffer,functionalization+molecular_weight+concentration,10.370470935852886,7.02471441962113
regression,two_slot_pca38_buffer_regressor_xgboost,two_slot38,XGBoost,all,44,o-empty__p-empty,10.426707427292808,272,empty,empty,10.426707427292808,0.0
regression,two_slot_pca38_buffer_regressor_xgboost,two_slot38,XGBoost,all,44,o-empty__p-functionalization,8.23591164756261,272,empty,functionalization,10.426707427292808,2.1907957797301982
regression,two_slot_pca38_buffer_regressor_xgboost,two_slot38,XGBoost,all,44,o-empty__p-molecular_weight,9.485862347603737,272,empty,molecular_weight,10.426707427292808,0.9408450796890708
regression,two_slot_pca38_buffer_regressor_xgboost,two_slot38,XGBoost,all,44,o-empty__p-concentration,9.589284375179812,272,empty,concentration,10.426707427292808,0.837423052112996
regression,two_slot_pca38_buffer_regressor_xgboost,two_slot38,XGBoost,all,44,o-empty__p-functionalization+molecular_weight,7.37668817574387,272,empty,functionalization+molecular_weight,10.426707427292808,3.050019251548938
regression,two_slot_pca38_buffer_regressor_xgboost,two_slot38,XGBoost,all,44,o-empty__p-functionalization+concentration,7.766784624126297,272,empty,functionalization+concentration,10.426707427292808,2.659922803166511
regression,two_slot_pca38_buffer_regressor_xgboost,two_slot38,XGBoost,all,44,o-empty__p-molecular_weight+concentration,8.741815092797314,272,empty,molecular_weight+concentration,10.426707427292808,1.684892334495494
regression,two_slot_pca38_buffer_regressor_xgboost,two_slot38,XGBoost,all,44,o-empty__p-functionalization+molecular_weight+concentration,6.824495676929075,272,empty,functionalization+molecular_weight+concentration,10.426707427292808,3.6022117503637325
regression,two_slot_pca38_buffer_regressor_xgboost,two_slot38,XGBoost,all,44,o-additive__p-empty,9.88942408482194,272,additive,empty,10.426707427292808,0.5372833424708681
regression,two_slot_pca38_buffer_regressor_xgboost,two_slot38,XGBoost,all,44,o-additive__p-functionalization,7.60504539814544,272,additive,functionalization,10.426707427292808,2.821662029147368
regression,two_slot_pca38_buffer_regressor_xgboost,two_slot38,XGBoost,all,44,o-additive__p-molecular_weight,9.095480634709967,272,additive,molecular_weight,10.426707427292808,1.3312267925828412
regression,two_slot_pca38_buffer_regressor_xgboost,two_slot38,XGBoost,all,44,o-additive__p-concentration,8.722657314719825,272,additive,concentration,10.426707427292808,1.7040501125729826
regression,two_slot_pca38_buffer_regressor_xgboost,two_slot38,XGBoost,all,44,o-additive__p-functionalization+molecular_weight,6.806842909841031,272,additive,functionalization+molecular_weight,10.426707427292808,3.619864517451777
regression,two_slot_pca38_buffer_regressor_xgboost,two_slot38,XGBoost,all,44,o-additive__p-functionalization+concentration,7.1568033887126195,272,additive,functionalization+concentration,10.426707427292808,3.2699040385801883
regression,two_slot_pca38_buffer_regressor_xgboost,two_slot38,XGBoost,all,44,o-additive__p-molecular_weight+concentration,7.828611361599197,272,additive,molecular_weight+concentration,10.426707427292808,2.5980960656936105
regression,two_slot_pca38_buffer_regressor_xgboost,two_slot38,XGBoost,all,44,o-additive__p-functionalization+molecular_weight+concentration,5.5395990229510454,272,additive,functionalization+molecular_weight+concentration,10.426707427292808,4.887108404341762
regression,two_slot_pca38_buffer_regressor_xgboost,two_slot38,XGBoost,all,44,o-salt__p-empty,8.39338766487686,272,salt,empty,10.426707427292808,2.033319762415948
regression,two_slot_pca38_buffer_regressor_xgboost,two_slot38,XGBoost,all,44,o-salt__p-functionalization,7.611711747297736,272,salt,functionalization,10.426707427292808,2.8149956799950715
regression,two_slot_pca38_buffer_regressor_xgboost,two_slot38,XGBoost,all,44,o-salt__p-molecular_weight,8.336467354368581,272,salt,molecular_weight,10.426707427292808,2.0902400729242263
regression,two_slot_pca38_buffer_regressor_xgboost,two_slot38,XGBoost,all,44,o-salt__p-concentration,8.413570564462637,272,salt,concentration,10.426707427292808,2.013136862830171
regression,two_slot_pca38_buffer_regressor_xgboost,two_slot38,XGBoost,all,44,o-salt__p-functionalization+molecular_weight,7.021264622508439,272,salt,functionalization+molecular_weight,10.426707427292808,3.405442804784369
regression,two_slot_pca38_buffer_regressor_xgboost,two_slot38,XGBoost,all,44,o-salt__p-functionalization+concentration,7.291709748491659,272,salt,functionalization+concentration,10.426707427292808,3.134997678801149
regression,two_slot_pca38_buffer_regressor_xgboost,two_slot38,XGBoost,all,44,o-salt__p-molecular_weight+concentration,7.7344391175528315,272,salt,molecular_weight+concentration,10.426707427292808,2.692268309739976
regression,two_slot_pca38_buffer_regressor_xgboost,two_slot38,XGBoost,all,44,o-salt__p-functionalization+molecular_weight+concentration,6.382203563468046,272,salt,functionalization+molecular_weight+concentration,10.426707427292808,4.044503863824762
regression,two_slot_pca38_buffer_regressor_xgboost,two_slot38,XGBoost,all,44,o-buffer__p-empty,10.472022440732733,272,buffer,empty,10.426707427292808,-0.04531501343992517
regression,two_slot_pca38_buffer_regressor_xgboost,two_slot38,XGBoost,all,44,o-buffer__p-functionalization,7.7415512039181165,272,buffer,functionalization,10.426707427292808,2.6851562233746913
regression,two_slot_pca38_buffer_regressor_xgboost,two_slot38,XGBoost,all,44,o-buffer__p-molecular_weight,9.171524732251637,272,buffer,molecular_weight,10.426707427292808,1.2551826950411709
regression,two_slot_pca38_buffer_regressor_xgboost,two_slot38,XGBoost,all,44,o-buffer__p-concentration,9.429157299074134,272,buffer,concentration,10.426707427292808,0.9975501282186734
regression,two_slot_pca38_buffer_regressor_xgboost,two_slot38,XGBoost,all,44,o-buffer__p-functionalization+molecular_weight,6.652192062308577,272,buffer,functionalization+molecular_weight,10.426707427292808,3.7745153649842305
regression,two_slot_pca38_buffer_regressor_xgboost,two_slot38,XGBoost,all,44,o-buffer__p-functionalization+concentration,7.026374061891101,272,buffer,functionalization+concentration,10.426707427292808,3.400333365401707
regression,two_slot_pca38_buffer_regressor_xgboost,two_slot38,XGBoost,all,44,o-buffer__p-molecular_weight+concentration,7.46963527279635,272,buffer,molecular_weight+concentration,10.426707427292808,2.9570721544964576
regression,two_slot_pca38_buffer_regressor_xgboost,two_slot38,XGBoost,all,44,o-buffer__p-functionalization+molecular_weight+concentration,5.732981051575312,272,buffer,functionalization+molecular_weight+concentration,10.426707427292808,4.693726375717496
regression,two_slot_pca38_buffer_regressor_xgboost,two_slot38,XGBoost,all,44,o-additive+salt__p-empty,7.226408789081014,272,additive+salt,empty,10.426707427292808,3.2002986382117937
regression,two_slot_pca38_buffer_regressor_xgboost,two_slot38,XGBoost,all,44,o-additive+salt__p-functionalization,6.304483869370549,272,additive+salt,functionalization,10.426707427292808,4.122223557922259
regression,two_slot_pca38_buffer_regressor_xgboost,two_slot38,XGBoost,all,44,o-additive+salt__p-molecular_weight,6.600446240880822,272,additive+salt,molecular_weight,10.426707427292808,3.826261186411986
regression,two_slot_pca38_buffer_regressor_xgboost,two_slot38,XGBoost,all,44,o-additive+salt__p-concentration,7.6025025638814405,272,additive+salt,concentration,10.426707427292808,2.8242048634113672
regression,two_slot_pca38_buffer_regressor_xgboost,two_slot38,XGBoost,all,44,o-additive+salt__p-functionalization+molecular_weight,5.103302087222179,272,additive+salt,functionalization+molecular_weight,10.426707427292808,5.323405340070629
regression,two_slot_pca38_buffer_regressor_xgboost,two_slot38,XGBoost,all,44,o-additive+salt__p-functionalization+concentration,6.533448990358762,272,additive+salt,functionalization+concentration,10.426707427292808,3.8932584369340457
regression,two_slot_pca38_buffer_regressor_xgboost,two_slot38,XGBoost,all,44,o-additive+salt__p-molecular_weight+concentration,6.635611876315389,272,additive+salt,molecular_weight+concentration,10.426707427292808,3.7910955509774187
regression,two_slot_pca38_buffer_regressor_xgboost,two_slot38,XGBoost,all,44,o-additive+salt__p-functionalization+molecular_weight+concentration,4.782293402514748,272,additive+salt,functionalization+molecular_weight+concentration,10.426707427292808,5.64441402477806
regression,two_slot_pca38_buffer_regressor_xgboost,two_slot38,XGBoost,all,44,o-additive+buffer__p-empty,9.737906031476339,272,additive+buffer,empty,10.426707427292808,0.6888013958164692
regression,two_slot_pca38_buffer_regressor_xgboost,two_slot38,XGBoost,all,44,o-additive+buffer__p-functionalization,7.031032930071219,272,additive+buffer,functionalization,10.426707427292808,3.395674497221589
regression,two_slot_pca38_buffer_regressor_xgboost,two_slot38,XGBoost,all,44,o-additive+buffer__p-molecular_weight,8.60780918881933,272,additive+buffer,molecular_weight,10.426707427292808,1.8188982384734782
regression,two_slot_pca38_buffer_regressor_xgboost,two_slot38,XGBoost,all,44,o-additive+buffer__p-concentration,8.872525966725373,272,additive+buffer,concentration,10.426707427292808,1.5541814605674347
regression,two_slot_pca38_buffer_regressor_xgboost,two_slot38,XGBoost,all,44,o-additive+buffer__p-functionalization+molecular_weight,6.069397544001596,272,additive+buffer,functionalization+molecular_weight,10.426707427292808,4.357309883291212
regression,two_slot_pca38_buffer_regressor_xgboost,two_slot38,XGBoost,all,44,o-additive+buffer__p-functionalization+concentration,6.283772360475449,272,additive+buffer,functionalization+concentration,10.426707427292808,4.142935066817358
regression,two_slot_pca38_buffer_regressor_xgboost,two_slot38,XGBoost,all,44,o-additive+buffer__p-molecular_weight+concentration,6.960039847370958,272,additive+buffer,molecular_weight+concentration,10.426707427292808,3.4666675799218494
regression,two_slot_pca38_buffer_regressor_xgboost,two_slot38,XGBoost,all,44,o-additive+buffer__p-functionalization+molecular_weight+concentration,4.429144715107161,272,additive+buffer,functionalization+molecular_weight+concentration,10.426707427292808,5.997562712185647
regression,two_slot_pca38_buffer_regressor_xgboost,two_slot38,XGBoost,all,44,o-salt+buffer__p-empty,8.17833289592758,272,salt+buffer,empty,10.426707427292808,2.2483745313652275
regression,two_slot_pca38_buffer_regressor_xgboost,two_slot38,XGBoost,all,44,o-salt+buffer__p-functionalization,7.091406832406663,272,salt+buffer,functionalization,10.426707427292808,3.335300594886145
regression,two_slot_pca38_buffer_regressor_xgboost,two_slot38,XGBoost,all,44,o-salt+buffer__p-molecular_weight,7.59378576113157,272,salt+buffer,molecular_weight,10.426707427292808,2.832921666161238
regression,two_slot_pca38_buffer_regressor_xgboost,two_slot38,XGBoost,all,44,o-salt+buffer__p-concentration,8.469633941362744,272,salt+buffer,concentration,10.426707427292808,1.9570734859300636
regression,two_slot_pca38_buffer_regressor_xgboost,two_slot38,XGBoost,all,44,o-salt+buffer__p-functionalization+molecular_weight,6.381394862821375,272,salt+buffer,functionalization+molecular_weight,10.426707427292808,4.045312564471433
regression,two_slot_pca38_buffer_regressor_xgboost,two_slot38,XGBoost,all,44,o-salt+buffer__p-functionalization+concentration,6.522315383688638,272,salt+buffer,functionalization+concentration,10.426707427292808,3.9043920436041697
regression,two_slot_pca38_buffer_regressor_xgboost,two_slot38,XGBoost,all,44,o-salt+buffer__p-molecular_weight+concentration,6.71309455469896,272,salt+buffer,molecular_weight+concentration,10.426707427292808,3.7136128725938473
regression,two_slot_pca38_buffer_regressor_xgboost,two_slot38,XGBoost,all,44,o-salt+buffer__p-functionalization+molecular_weight+concentration,5.28895237977254,272,salt+buffer,functionalization+molecular_weight+concentration,10.426707427292808,5.137755047520268
regression,two_slot_pca38_buffer_regressor_xgboost,two_slot38,XGBoost,all,44,o-additive+salt+buffer__p-empty,7.071145915135887,272,additive+salt+buffer,empty,10.426707427292808,3.355561512156921
regression,two_slot_pca38_buffer_regressor_xgboost,two_slot38,XGBoost,all,44,o-additive+salt+buffer__p-functionalization,5.6975331963978,272,additive+salt+buffer,functionalization,10.426707427292808,4.7291742308950075
regression,two_slot_pca38_buffer_regressor_xgboost,two_slot38,XGBoost,all,44,o-additive+salt+buffer__p-molecular_weight,6.0001714048131785,272,additive+salt+buffer,molecular_weight,10.426707427292808,4.426536022479629
regression,two_slot_pca38_buffer_regressor_xgboost,two_slot38,XGBoost,all,44,o-additive+salt+buffer__p-concentration,7.700413952707413,272,additive+salt+buffer,concentration,10.426707427292808,2.726293474585395
regression,two_slot_pca38_buffer_regressor_xgboost,two_slot38,XGBoost,all,44,o-additive+salt+buffer__p-functionalization+molecular_weight,4.472508529668794,272,additive+salt+buffer,functionalization+molecular_weight,10.426707427292808,5.954198897624014
regression,two_slot_pca38_buffer_regressor_xgboost,two_slot38,XGBoost,all,44,o-additive+salt+buffer__p-functionalization+concentration,5.651307003163225,272,additive+salt+buffer,functionalization+concentration,10.426707427292808,4.775400424129582
regression,two_slot_pca38_buffer_regressor_xgboost,two_slot38,XGBoost,all,44,o-additive+salt+buffer__p-molecular_weight+concentration,5.807079534826483,272,additive+salt+buffer,molecular_weight+concentration,10.426707427292808,4.619627892466324
regression,two_slot_pca38_buffer_regressor_xgboost,two_slot38,XGBoost,all,44,o-additive+salt+buffer__p-functionalization+molecular_weight+concentration,3.7328752515357015,272,additive+salt+buffer,functionalization+molecular_weight+concentration,10.426707427292808,6.693832175757106
regression,two_slot_pca38_buffer_regressor_xgboost,two_slot38,XGBoost,all,45,o-empty__p-empty,10.353450790155122,272,empty,empty,10.353450790155122,0.0
regression,two_slot_pca38_buffer_regressor_xgboost,two_slot38,XGBoost,all,45,o-empty__p-functionalization,8.07284068844613,272,empty,functionalization,10.353450790155122,2.2806101017089926
regression,two_slot_pca38_buffer_regressor_xgboost,two_slot38,XGBoost,all,45,o-empty__p-molecular_weight,9.223845112984135,272,empty,molecular_weight,10.353450790155122,1.1296056771709875
regression,two_slot_pca38_buffer_regressor_xgboost,two_slot38,XGBoost,all,45,o-empty__p-concentration,9.506892902525133,272,empty,concentration,10.353450790155122,0.8465578876299897
regression,two_slot_pca38_buffer_regressor_xgboost,two_slot38,XGBoost,all,45,o-empty__p-functionalization+molecular_weight,7.120715355847983,272,empty,functionalization+molecular_weight,10.353450790155122,3.2327354343071395
regression,two_slot_pca38_buffer_regressor_xgboost,two_slot38,XGBoost,all,45,o-empty__p-functionalization+concentration,7.695886070660845,272,empty,functionalization+concentration,10.353450790155122,2.6575647194942773
regression,two_slot_pca38_buffer_regressor_xgboost,two_slot38,XGBoost,all,45,o-empty__p-molecular_weight+concentration,8.547884267620832,272,empty,molecular_weight+concentration,10.353450790155122,1.8055665225342903
regression,two_slot_pca38_buffer_regressor_xgboost,two_slot38,XGBoost,all,45,o-empty__p-functionalization+molecular_weight+concentration,6.605483501259738,272,empty,functionalization+molecular_weight+concentration,10.353450790155122,3.747967288895384
regression,two_slot_pca38_buffer_regressor_xgboost,two_slot38,XGBoost,all,45,o-additive__p-empty,9.664906744192931,272,additive,empty,10.353450790155122,0.6885440459621908
regression,two_slot_pca38_buffer_regressor_xgboost,two_slot38,XGBoost,all,45,o-additive__p-functionalization,7.350084746327912,272,additive,functionalization,10.353450790155122,3.00336604382721
regression,two_slot_pca38_buffer_regressor_xgboost,two_slot38,XGBoost,all,45,o-additive__p-molecular_weight,8.746508548398433,272,additive,molecular_weight,10.353450790155122,1.6069422417566894
regression,two_slot_pca38_buffer_regressor_xgboost,two_slot38,XGBoost,all,45,o-additive__p-concentration,8.665149844935248,272,additive,concentration,10.353450790155122,1.6883009452198738
regression,two_slot_pca38_buffer_regressor_xgboost,two_slot38,XGBoost,all,45,o-additive__p-functionalization+molecular_weight,6.562966849241684,272,additive,functionalization+molecular_weight,10.353450790155122,3.790483940913438
regression,two_slot_pca38_buffer_regressor_xgboost,two_slot38,XGBoost,all,45,o-additive__p-functionalization+concentration,7.134706964712834,272,additive,functionalization+concentration,10.353450790155122,3.2187438254422887
regression,two_slot_pca38_buffer_regressor_xgboost,two_slot38,XGBoost,all,45,o-additive__p-molecular_weight+concentration,7.610138543237544,272,additive,molecular_weight+concentration,10.353450790155122,2.7433122469175784
regression,two_slot_pca38_buffer_regressor_xgboost,two_slot38,XGBoost,all,45,o-additive__p-functionalization+molecular_weight+concentration,5.4252177755842625,272,additive,functionalization+molecular_weight+concentration,10.353450790155122,4.92823301457086
regression,two_slot_pca38_buffer_regressor_xgboost,two_slot38,XGBoost,all,45,o-salt__p-empty,8.450832394550861,272,salt,empty,10.353450790155122,1.9026183956042608
regression,two_slot_pca38_buffer_regressor_xgboost,two_slot38,XGBoost,all,45,o-salt__p-functionalization,7.580491828437821,272,salt,functionalization,10.353450790155122,2.7729589617173014
regression,two_slot_pca38_buffer_regressor_xgboost,two_slot38,XGBoost,all,45,o-salt__p-molecular_weight,8.109325124264306,272,salt,molecular_weight,10.353450790155122,2.2441256658908166
regression,two_slot_pca38_buffer_regressor_xgboost,two_slot38,XGBoost,all,45,o-salt__p-concentration,8.612030441538858,272,salt,concentration,10.353450790155122,1.7414203486162645
regression,two_slot_pca38_buffer_regressor_xgboost,two_slot38,XGBoost,all,45,o-salt__p-functionalization+molecular_weight,6.87630445556224,272,salt,functionalization+molecular_weight,10.353450790155122,3.4771463345928826
regression,two_slot_pca38_buffer_regressor_xgboost,two_slot38,XGBoost,all,45,o-salt__p-functionalization+concentration,7.426508785161779,272,salt,functionalization+concentration,10.353450790155122,2.926942004993343
regression,two_slot_pca38_buffer_regressor_xgboost,two_slot38,XGBoost,all,45,o-salt__p-molecular_weight+concentration,7.672909190691983,272,salt,molecular_weight+concentration,10.353450790155122,2.6805415994631394
regression,two_slot_pca38_buffer_regressor_xgboost,two_slot38,XGBoost,all,45,o-salt__p-functionalization+molecular_weight+concentration,6.385550734418007,272,salt,functionalization+molecular_weight+concentration,10.353450790155122,3.9679000557371156
regression,two_slot_pca38_buffer_regressor_xgboost,two_slot38,XGBoost,all,45,o-buffer__p-empty,10.426042212850946,272,buffer,empty,10.353450790155122,-0.07259142269582419
regression,two_slot_pca38_buffer_regressor_xgboost,two_slot38,XGBoost,all,45,o-buffer__p-functionalization,7.645477967554395,272,buffer,functionalization,10.353450790155122,2.707972822600727
regression,two_slot_pca38_buffer_regressor_xgboost,two_slot38,XGBoost,all,45,o-buffer__p-molecular_weight,8.9562652116268,272,buffer,molecular_weight,10.353450790155122,1.3971855785283225
regression,two_slot_pca38_buffer_regressor_xgboost,two_slot38,XGBoost,all,45,o-buffer__p-concentration,9.277035856228085,272,buffer,concentration,10.353450790155122,1.0764149339270368
regression,two_slot_pca38_buffer_regressor_xgboost,two_slot38,XGBoost,all,45,o-buffer__p-functionalization+molecular_weight,6.452089364069601,272,buffer,functionalization+molecular_weight,10.353450790155122,3.901361426085521
regression,two_slot_pca38_buffer_regressor_xgboost,two_slot38,XGBoost,all,45,o-buffer__p-functionalization+concentration,6.969710572564989,272,buffer,functionalization+concentration,10.353450790155122,3.383740217590133
regression,two_slot_pca38_buffer_regressor_xgboost,two_slot38,XGBoost,all,45,o-buffer__p-molecular_weight+concentration,7.230545715859932,272,buffer,molecular_weight+concentration,10.353450790155122,3.12290507429519
regression,two_slot_pca38_buffer_regressor_xgboost,two_slot38,XGBoost,all,45,o-buffer__p-functionalization+molecular_weight+concentration,5.649437657536973,272,buffer,functionalization+molecular_weight+concentration,10.353450790155122,4.704013132618149
regression,two_slot_pca38_buffer_regressor_xgboost,two_slot38,XGBoost,all,45,o-additive+salt__p-empty,7.0924940542934145,272,additive+salt,empty,10.353450790155122,3.2609567358617078
regression,two_slot_pca38_buffer_regressor_xgboost,two_slot38,XGBoost,all,45,o-additive+salt__p-functionalization,6.238829037872598,272,additive+salt,functionalization,10.353450790155122,4.114621752282524
regression,two_slot_pca38_buffer_regressor_xgboost,two_slot38,XGBoost,all,45,o-additive+salt__p-molecular_weight,6.35793749634437,272,additive+salt,molecular_weight,10.353450790155122,3.9955132938107525
regression,two_slot_pca38_buffer_regressor_xgboost,two_slot38,XGBoost,all,45,o-additive+salt__p-concentration,7.563932976485056,272,additive+salt,concentration,10.353450790155122,2.7895178136700665
regression,two_slot_pca38_buffer_regressor_xgboost,two_slot38,XGBoost,all,45,o-additive+salt__p-functionalization+molecular_weight,5.170901969974781,272,additive+salt,functionalization+molecular_weight,10.353450790155122,5.182548820180341
regression,two_slot_pca38_buffer_regressor_xgboost,two_slot38,XGBoost,all,45,o-additive+salt__p-functionalization+concentration,6.58597087592446,272,additive+salt,functionalization+concentration,10.353450790155122,3.7674799142306625
regression,two_slot_pca38_buffer_regressor_xgboost,two_slot38,XGBoost,all,45,o-additive+salt__p-molecular_weight+concentration,6.444395962691981,272,additive+salt,molecular_weight+concentration,10.353450790155122,3.909054827463141
regression,two_slot_pca38_buffer_regressor_xgboost,two_slot38,XGBoost,all,45,o-additive+salt__p-functionalization+molecular_weight+concentration,4.774925993420128,272,additive+salt,functionalization+molecular_weight+concentration,10.353450790155122,5.578524796734994
regression,two_slot_pca38_buffer_regressor_xgboost,two_slot38,XGBoost,all,45,o-additive+buffer__p-empty,9.376357864730354,272,additive+buffer,empty,10.353450790155122,0.9770929254247687
regression,two_slot_pca38_buffer_regressor_xgboost,two_slot38,XGBoost,all,45,o-additive+buffer__p-functionalization,6.7477426942850505,272,additive+buffer,functionalization,10.353450790155122,3.605708095870072
regression,two_slot_pca38_buffer_regressor_xgboost,two_slot38,XGBoost,all,45,o-additive+buffer__p-molecular_weight,8.235894666866034,272,additive+buffer,molecular_weight,10.353450790155122,2.117556123289088
regression,two_slot_pca38_buffer_regressor_xgboost,two_slot38,XGBoost,all,45,o-additive+buffer__p-concentration,8.818740520219128,272,additive+buffer,concentration,10.353450790155122,1.534710269935994
regression,two_slot_pca38_buffer_regressor_xgboost,two_slot38,XGBoost,all,45,o-additive+buffer__p-functionalization+molecular_weight,5.880983168364492,272,additive+buffer,functionalization+molecular_weight,10.353450790155122,4.4724676217906305
regression,two_slot_pca38_buffer_regressor_xgboost,two_slot38,XGBoost,all,45,o-additive+buffer__p-functionalization+concentration,6.367041099473397,272,additive+buffer,functionalization+concentration,10.353450790155122,3.9864096906817252
regression,two_slot_pca38_buffer_regressor_xgboost,two_slot38,XGBoost,all,45,o-additive+buffer__p-molecular_weight+concentration,6.843436154129871,272,additive+buffer,molecular_weight+concentration,10.353450790155122,3.510014636025251
regression,two_slot_pca38_buffer_regressor_xgboost,two_slot38,XGBoost,all,45,o-additive+buffer__p-functionalization+molecular_weight+concentration,4.441760506330457,272,additive+buffer,functionalization+molecular_weight+concentration,10.353450790155122,5.911690283824665
regression,two_slot_pca38_buffer_regressor_xgboost,two_slot38,XGBoost,all,45,o-salt+buffer__p-empty,8.185121175494624,272,salt+buffer,empty,10.353450790155122,2.1683296146604985
regression,two_slot_pca38_buffer_regressor_xgboost,two_slot38,XGBoost,all,45,o-salt+buffer__p-functionalization,7.063359778176086,272,salt+buffer,functionalization,10.353450790155122,3.290091011979036
regression,two_slot_pca38_buffer_regressor_xgboost,two_slot38,XGBoost,all,45,o-salt+buffer__p-molecular_weight,7.388977212607287,272,salt+buffer,molecular_weight,10.353450790155122,2.9644735775478352
regression,two_slot_pca38_buffer_regressor_xgboost,two_slot38,XGBoost,all,45,o-salt+buffer__p-concentration,8.688836998700179,272,salt+buffer,concentration,10.353450790155122,1.6646137914549435
regression,two_slot_pca38_buffer_regressor_xgboost,two_slot38,XGBoost,all,45,o-salt+buffer__p-functionalization+molecular_weight,6.249499558835708,272,salt+buffer,functionalization+molecular_weight,10.353450790155122,4.103951231319415
regression,two_slot_pca38_buffer_regressor_xgboost,two_slot38,XGBoost,all,45,o-salt+buffer__p-functionalization+concentration,6.734522692498835,272,salt+buffer,functionalization+concentration,10.353450790155122,3.618928097656287
regression,two_slot_pca38_buffer_regressor_xgboost,two_slot38,XGBoost,all,45,o-salt+buffer__p-molecular_weight+concentration,6.791246707528579,272,salt+buffer,molecular_weight+concentration,10.353450790155122,3.5622040826265433
regression,two_slot_pca38_buffer_regressor_xgboost,two_slot38,XGBoost,all,45,o-salt+buffer__p-functionalization+molecular_weight+concentration,5.428197666912953,272,salt+buffer,functionalization+molecular_weight+concentration,10.353450790155122,4.925253123242169
regression,two_slot_pca38_buffer_regressor_xgboost,two_slot38,XGBoost,all,45,o-additive+salt+buffer__p-empty,6.817096390837036,272,additive+salt+buffer,empty,10.353450790155122,3.5363543993180864
regression,two_slot_pca38_buffer_regressor_xgboost,two_slot38,XGBoost,all,45,o-additive+salt+buffer__p-functionalization,5.559518672458706,272,additive+salt+buffer,functionalization,10.353450790155122,4.793932117696416
regression,two_slot_pca38_buffer_regressor_xgboost,two_slot38,XGBoost,all,45,o-additive+salt+buffer__p-molecular_weight,5.741053889715152,272,additive+salt+buffer,molecular_weight,10.353450790155122,4.61239690043997
regression,two_slot_pca38_buffer_regressor_xgboost,two_slot38,XGBoost,all,45,o-additive+salt+buffer__p-concentration,7.551009450646851,272,additive+salt+buffer,concentration,10.353450790155122,2.8024413395082712
regression,two_slot_pca38_buffer_regressor_xgboost,two_slot38,XGBoost,all,45,o-additive+salt+buffer__p-functionalization+molecular_weight,4.478131743410956,272,additive+salt+buffer,functionalization+molecular_weight,10.353450790155122,5.875319046744166
regression,two_slot_pca38_buffer_regressor_xgboost,two_slot38,XGBoost,all,45,o-additive+salt+buffer__p-functionalization+concentration,5.774171719802628,272,additive+salt+buffer,functionalization+concentration,10.353450790155122,4.579279070352494
regression,two_slot_pca38_buffer_regressor_xgboost,two_slot38,XGBoost,all,45,o-additive+salt+buffer__p-molecular_weight+concentration,5.589912373517939,272,additive+salt+buffer,molecular_weight+concentration,10.353450790155122,4.763538416637183
regression,two_slot_pca38_buffer_regressor_xgboost,two_slot38,XGBoost,all,45,o-additive+salt+buffer__p-functionalization+molecular_weight+concentration,3.7611948665966226,272,additive+salt+buffer,functionalization+molecular_weight+concentration,10.353450790155122,6.5922559235585
regression,two_slot_pca38_buffer_regressor_xgboost,two_slot38,XGBoost,all,46,o-empty__p-empty,10.380226902829362,272,empty,empty,10.380226902829362,0.0
regression,two_slot_pca38_buffer_regressor_xgboost,two_slot38,XGBoost,all,46,o-empty__p-functionalization,8.13742570483423,272,empty,functionalization,10.380226902829362,2.2428011979951314
regression,two_slot_pca38_buffer_regressor_xgboost,two_slot38,XGBoost,all,46,o-empty__p-molecular_weight,9.34669922002214,272,empty,molecular_weight,10.380226902829362,1.0335276828072217
regression,two_slot_pca38_buffer_regressor_xgboost,two_slot38,XGBoost,all,46,o-empty__p-concentration,9.373773048240388,272,empty,concentration,10.380226902829362,1.0064538545889743
regression,two_slot_pca38_buffer_regressor_xgboost,two_slot38,XGBoost,all,46,o-empty__p-functionalization+molecular_weight,7.24922540129884,272,empty,functionalization+molecular_weight,10.380226902829362,3.1310015015305215
regression,two_slot_pca38_buffer_regressor_xgboost,two_slot38,XGBoost,all,46,o-empty__p-functionalization+concentration,7.713534754517249,272,empty,functionalization+concentration,10.380226902829362,2.666692148312113
regression,two_slot_pca38_buffer_regressor_xgboost,two_slot38,XGBoost,all,46,o-empty__p-molecular_weight+concentration,8.644045254768647,272,empty,molecular_weight+concentration,10.380226902829362,1.7361816480607146
regression,two_slot_pca38_buffer_regressor_xgboost,two_slot38,XGBoost,all,46,o-empty__p-functionalization+molecular_weight+concentration,6.588446958931151,272,empty,functionalization+molecular_weight+concentration,10.380226902829362,3.791779943898211
regression,two_slot_pca38_buffer_regressor_xgboost,two_slot38,XGBoost,all,46,o-additive__p-empty,9.621003028323926,272,additive,empty,10.380226902829362,0.7592238745054356
regression,two_slot_pca38_buffer_regressor_xgboost,two_slot38,XGBoost,all,46,o-additive__p-functionalization,7.204809958135088,272,additive,functionalization,10.380226902829362,3.175416944694274
regression,two_slot_pca38_buffer_regressor_xgboost,two_slot38,XGBoost,all,46,o-additive__p-molecular_weight,8.584369206195511,272,additive,molecular_weight,10.380226902829362,1.7958576966338509
regression,two_slot_pca38_buffer_regressor_xgboost,two_slot38,XGBoost,all,46,o-additive__p-concentration,8.321399865302638,272,additive,concentration,10.380226902829362,2.058827037526724
regression,two_slot_pca38_buffer_regressor_xgboost,two_slot38,XGBoost,all,46,o-additive__p-functionalization+molecular_weight,6.327828414546293,272,additive,functionalization+molecular_weight,10.380226902829362,4.052398488283069
regression,two_slot_pca38_buffer_regressor_xgboost,two_slot38,XGBoost,all,46,o-additive__p-functionalization+concentration,6.8925553203266645,272,additive,functionalization+concentration,10.380226902829362,3.4876715825026974
regression,two_slot_pca38_buffer_regressor_xgboost,two_slot38,XGBoost,all,46,o-additive__p-molecular_weight+concentration,7.460851117692956,272,additive,molecular_weight+concentration,10.380226902829362,2.919375785136406
regression,two_slot_pca38_buffer_regressor_xgboost,two_slot38,XGBoost,all,46,o-additive__p-functionalization+molecular_weight+concentration,5.244464079047634,272,additive,functionalization+molecular_weight+concentration,10.380226902829362,5.135762823781728
regression,two_slot_pca38_buffer_regressor_xgboost,two_slot38,XGBoost,all,46,o-salt__p-empty,8.301453730993153,272,salt,empty,10.380226902829362,2.0787731718362092
regression,two_slot_pca38_buffer_regressor_xgboost,two_slot38,XGBoost,all,46,o-salt__p-functionalization,7.420344175489942,272,salt,functionalization,10.380226902829362,2.95988272733942
regression,two_slot_pca38_buffer_regressor_xgboost,two_slot38,XGBoost,all,46,o-salt__p-molecular_weight,8.06171291984924,272,salt,molecular_weight,10.380226902829362,2.3185139829801216
regression,two_slot_pca38_buffer_regressor_xgboost,two_slot38,XGBoost,all,46,o-salt__p-concentration,8.119420786777097,272,salt,concentration,10.380226902829362,2.2608061160522652
regression,two_slot_pca38_buffer_regressor_xgboost,two_slot38,XGBoost,all,46,o-salt__p-functionalization+molecular_weight,6.784197342689252,272,salt,functionalization+molecular_weight,10.380226902829362,3.59602956014011
regression,two_slot_pca38_buffer_regressor_xgboost,two_slot38,XGBoost,all,46,o-salt__p-functionalization+concentration,7.057417559976812,272,salt,functionalization+concentration,10.380226902829362,3.3228093428525503
regression,two_slot_pca38_buffer_regressor_xgboost,two_slot38,XGBoost,all,46,o-salt__p-molecular_weight+concentration,7.490457822704493,272,salt,molecular_weight+concentration,10.380226902829362,2.8897690801248688
regression,two_slot_pca38_buffer_regressor_xgboost,two_slot38,XGBoost,all,46,o-salt__p-functionalization+molecular_weight+concentration,6.214534789513332,272,salt,functionalization+molecular_weight+concentration,10.380226902829362,4.16569211331603
regression,two_slot_pca38_buffer_regressor_xgboost,two_slot38,XGBoost,all,46,o-buffer__p-empty,10.456923812856902,272,buffer,empty,10.380226902829362,-0.07669691002753964
regression,two_slot_pca38_buffer_regressor_xgboost,two_slot38,XGBoost,all,46,o-buffer__p-functionalization,7.6433556643381735,272,buffer,functionalization,10.380226902829362,2.7368712384911884
regression,two_slot_pca38_buffer_regressor_xgboost,two_slot38,XGBoost,all,46,o-buffer__p-molecular_weight,9.00267826045267,272,buffer,molecular_weight,10.380226902829362,1.3775486423766914
regression,two_slot_pca38_buffer_regressor_xgboost,two_slot38,XGBoost,all,46,o-buffer__p-concentration,9.189754943206859,272,buffer,concentration,10.380226902829362,1.1904719596225029
regression,two_slot_pca38_buffer_regressor_xgboost,two_slot38,XGBoost,all,46,o-buffer__p-functionalization+molecular_weight,6.549392539273281,272,buffer,functionalization+molecular_weight,10.380226902829362,3.8308343635560806
regression,two_slot_pca38_buffer_regressor_xgboost,two_slot38,XGBoost,all,46,o-buffer__p-functionalization+concentration,6.860169871508553,272,buffer,functionalization+concentration,10.380226902829362,3.5200570313208086
regression,two_slot_pca38_buffer_regressor_xgboost,two_slot38,XGBoost,all,46,o-buffer__p-molecular_weight+concentration,7.243046648120639,272,buffer,molecular_weight+concentration,10.380226902829362,3.1371802547087233
regression,two_slot_pca38_buffer_regressor_xgboost,two_slot38,XGBoost,all,46,o-buffer__p-functionalization+molecular_weight+concentration,5.556316882390609,272,buffer,functionalization+molecular_weight+concentration,10.380226902829362,4.823910020438753
regression,two_slot_pca38_buffer_regressor_xgboost,two_slot38,XGBoost,all,46,o-additive+salt__p-empty,6.899857376652641,272,additive+salt,empty,10.380226902829362,3.4803695261767205
regression,two_slot_pca38_buffer_regressor_xgboost,two_slot38,XGBoost,all,46,o-additive+salt__p-functionalization,6.091024427954427,272,additive+salt,functionalization,10.380226902829362,4.289202474874935
regression,two_slot_pca38_buffer_regressor_xgboost,two_slot38,XGBoost,all,46,o-additive+salt__p-molecular_weight,6.279086300810782,272,additive+salt,molecular_weight,10.380226902829362,4.10114060201858
regression,two_slot_pca38_buffer_regressor_xgboost,two_slot38,XGBoost,all,46,o-additive+salt__p-concentration,7.158648433722436,272,additive+salt,concentration,10.380226902829362,3.221578469106926
regression,two_slot_pca38_buffer_regressor_xgboost,two_slot38,XGBoost,all,46,o-additive+salt__p-functionalization+molecular_weight,5.09070206777299,272,additive+salt,functionalization+molecular_weight,10.380226902829362,5.289524835056372
regression,two_slot_pca38_buffer_regressor_xgboost,two_slot38,XGBoost,all,46,o-additive+salt__p-functionalization+concentration,6.32748831410474,272,additive+salt,functionalization+concentration,10.380226902829362,4.052738588724622
regression,two_slot_pca38_buffer_regressor_xgboost,two_slot38,XGBoost,all,46,o-additive+salt__p-molecular_weight+concentration,6.350059114151627,272,additive+salt,molecular_weight+concentration,10.380226902829362,4.030167788677735
regression,two_slot_pca38_buffer_regressor_xgboost,two_slot38,XGBoost,all,46,o-additive+salt__p-functionalization+molecular_weight+concentration,4.579917438635885,272,additive+salt,functionalization+molecular_weight+concentration,10.380226902829362,5.800309464193477
regression,two_slot_pca38_buffer_regressor_xgboost,two_slot38,XGBoost,all,46,o-additive+buffer__p-empty,9.290098284028607,272,additive+buffer,empty,10.380226902829362,1.0901286188007546
regression,two_slot_pca38_buffer_regressor_xgboost,two_slot38,XGBoost,all,46,o-additive+buffer__p-functionalization,6.608491483234101,272,additive+buffer,functionalization,10.380226902829362,3.7717354195952613
regression,two_slot_pca38_buffer_regressor_xgboost,two_slot38,XGBoost,all,46,o-additive+buffer__p-molecular_weight,8.052386557649863,272,additive+buffer,molecular_weight,10.380226902829362,2.3278403451794993
regression,two_slot_pca38_buffer_regressor_xgboost,two_slot38,XGBoost,all,46,o-additive+buffer__p-concentration,8.426184749615656,272,additive+buffer,concentration,10.380226902829362,1.954042153213706
regression,two_slot_pca38_buffer_regressor_xgboost,two_slot38,XGBoost,all,46,o-additive+buffer__p-functionalization+molecular_weight,5.593230094068672,272,additive+buffer,functionalization+molecular_weight,10.380226902829362,4.78699680876069
regression,two_slot_pca38_buffer_regressor_xgboost,two_slot38,XGBoost,all,46,o-additive+buffer__p-functionalization+concentration,6.050536282691753,272,additive+buffer,functionalization+concentration,10.380226902829362,4.329690620137609
regression,two_slot_pca38_buffer_regressor_xgboost,two_slot38,XGBoost,all,46,o-additive+buffer__p-molecular_weight+concentration,6.597200829009138,272,additive+buffer,molecular_weight+concentration,10.380226902829362,3.783026073820224
regression,two_slot_pca38_buffer_regressor_xgboost,two_slot38,XGBoost,all,46,o-additive+buffer__p-functionalization+molecular_weight+concentration,4.104756902419408,272,additive+buffer,functionalization+molecular_weight+concentration,10.380226902829362,6.275470000409954
regression,two_slot_pca38_buffer_regressor_xgboost,two_slot38,XGBoost,all,46,o-salt+buffer__p-empty,8.027857305531482,272,salt+buffer,empty,10.380226902829362,2.35236959729788
regression,two_slot_pca38_buffer_regressor_xgboost,two_slot38,XGBoost,all,46,o-salt+buffer__p-functionalization,6.8916153284392205,272,salt+buffer,functionalization,10.380226902829362,3.4886115743901414
regression,two_slot_pca38_buffer_regressor_xgboost,two_slot38,XGBoost,all,46,o-salt+buffer__p-molecular_weight,7.299690395500354,272,salt+buffer,molecular_weight,10.380226902829362,3.0805365073290076
regression,two_slot_pca38_buffer_regressor_xgboost,two_slot38,XGBoost,all,46,o-salt+buffer__p-concentration,8.241477713430797,272,salt+buffer,concentration,10.380226902829362,2.138749189398565
regression,two_slot_pca38_buffer_regressor_xgboost,two_slot38,XGBoost,all,46,o-salt+buffer__p-functionalization+molecular_weight,6.134992541942202,272,salt+buffer,functionalization+molecular_weight,10.380226902829362,4.24523436088716
regression,two_slot_pca38_buffer_regressor_xgboost,two_slot38,XGBoost,all,46,o-salt+buffer__p-functionalization+concentration,6.28319899817519,272,salt+buffer,functionalization+concentration,10.380226902829362,4.097027904654172
regression,two_slot_pca38_buffer_regressor_xgboost,two_slot38,XGBoost,all,46,o-salt+buffer__p-molecular_weight+concentration,6.49232878512591,272,salt+buffer,molecular_weight+concentration,10.380226902829362,3.887898117703452
regression,two_slot_pca38_buffer_regressor_xgboost,two_slot38,XGBoost,all,46,o-salt+buffer__p-functionalization+molecular_weight+concentration,5.137530390743486,272,salt+buffer,functionalization+molecular_weight+concentration,10.380226902829362,5.2426965120858755
regression,two_slot_pca38_buffer_regressor_xgboost,two_slot38,XGBoost,all,46,o-additive+salt+buffer__p-empty,6.684488879588102,272,additive+salt+buffer,empty,10.380226902829362,3.69573802324126
regression,two_slot_pca38_buffer_regressor_xgboost,two_slot38,XGBoost,all,46,o-additive+salt+buffer__p-functionalization,5.426124080395403,272,additive+salt+buffer,functionalization,10.380226902829362,4.954102822433959
regression,two_slot_pca38_buffer_regressor_xgboost,two_slot38,XGBoost,all,46,o-additive+salt+buffer__p-molecular_weight,5.650068175360455,272,additive+salt+buffer,molecular_weight,10.380226902829362,4.730158727468907
regression,two_slot_pca38_buffer_regressor_xgboost,two_slot38,XGBoost,all,46,o-additive+salt+buffer__p-concentration,7.2152852923099395,272,additive+salt+buffer,concentration,10.380226902829362,3.1649416105194224
regression,two_slot_pca38_buffer_regressor_xgboost,two_slot38,XGBoost,all,46,o-additive+salt+buffer__p-functionalization+molecular_weight,4.363459538128671,272,additive+salt+buffer,functionalization+molecular_weight,10.380226902829362,6.016767364700691
regression,two_slot_pca38_buffer_regressor_xgboost,two_slot38,XGBoost,all,46,o-additive+salt+buffer__p-functionalization+concentration,5.437399835632194,272,additive+salt+buffer,functionalization+concentration,10.380226902829362,4.942827067197168
regression,two_slot_pca38_buffer_regressor_xgboost,two_slot38,XGBoost,all,46,o-additive+salt+buffer__p-molecular_weight+concentration,5.448224879876257,272,additive+salt+buffer,molecular_weight+concentration,10.380226902829362,4.932002022953105
regression,two_slot_pca38_buffer_regressor_xgboost,two_slot38,XGBoost,all,46,o-additive+salt+buffer__p-functionalization+molecular_weight+concentration,3.5046783873876852,272,additive+salt+buffer,functionalization+molecular_weight+concentration,10.380226902829362,6.875548515441677
regression,two_slot_pca38_buffer_regressor_mlp,two_slot38,MLP,all,42,o-empty__p-empty,10.402929907257958,272,empty,empty,10.402929907257958,0.0
regression,two_slot_pca38_buffer_regressor_mlp,two_slot38,MLP,all,42,o-empty__p-functionalization,8.224423020717149,272,empty,functionalization,10.402929907257958,2.1785068865408093
regression,two_slot_pca38_buffer_regressor_mlp,two_slot38,MLP,all,42,o-empty__p-molecular_weight,9.68648204063192,272,empty,molecular_weight,10.402929907257958,0.7164478666260372
regression,two_slot_pca38_buffer_regressor_mlp,two_slot38,MLP,all,42,o-empty__p-concentration,9.186189970235505,272,empty,concentration,10.402929907257958,1.216739937022453
regression,two_slot_pca38_buffer_regressor_mlp,two_slot38,MLP,all,42,o-empty__p-functionalization+molecular_weight,7.379203565514053,272,empty,functionalization+molecular_weight,10.402929907257958,3.023726341743905
regression,two_slot_pca38_buffer_regressor_mlp,two_slot38,MLP,all,42,o-empty__p-functionalization+concentration,7.523159099658203,272,empty,functionalization+concentration,10.402929907257958,2.879770807599755
regression,two_slot_pca38_buffer_regressor_mlp,two_slot38,MLP,all,42,o-empty__p-molecular_weight+concentration,8.126395277661848,272,empty,molecular_weight+concentration,10.402929907257958,2.27653462959611
regression,two_slot_pca38_buffer_regressor_mlp,two_slot38,MLP,all,42,o-empty__p-functionalization+molecular_weight+concentration,6.553529849415506,272,empty,functionalization+molecular_weight+concentration,10.402929907257958,3.849400057842452
regression,two_slot_pca38_buffer_regressor_mlp,two_slot38,MLP,all,42,o-additive__p-empty,9.799980428555024,272,additive,empty,10.402929907257958,0.6029494787029339
regression,two_slot_pca38_buffer_regressor_mlp,two_slot38,MLP,all,42,o-additive__p-functionalization,7.793421258345207,272,additive,functionalization,10.402929907257958,2.609508648912751
regression,two_slot_pca38_buffer_regressor_mlp,two_slot38,MLP,all,42,o-additive__p-molecular_weight,9.082208847262462,272,additive,molecular_weight,10.402929907257958,1.3207210599954955
regression,two_slot_pca38_buffer_regressor_mlp,two_slot38,MLP,all,42,o-additive__p-concentration,8.37851380351268,272,additive,concentration,10.402929907257958,2.0244161037452777
regression,two_slot_pca38_buffer_regressor_mlp,two_slot38,MLP,all,42,o-additive__p-functionalization+molecular_weight,7.599032817150353,272,additive,functionalization+molecular_weight,10.402929907257958,2.803897090107605
regression,two_slot_pca38_buffer_regressor_mlp,two_slot38,MLP,all,42,o-additive__p-functionalization+concentration,7.400557660883548,272,additive,functionalization+concentration,10.402929907257958,3.00237224637441
regression,two_slot_pca38_buffer_regressor_mlp,two_slot38,MLP,all,42,o-additive__p-molecular_weight+concentration,7.755070828473257,272,additive,molecular_weight+concentration,10.402929907257958,2.647859078784701
regression,two_slot_pca38_buffer_regressor_mlp,two_slot38,MLP,all,42,o-additive__p-functionalization+molecular_weight+concentration,6.453590971059498,272,additive,functionalization+molecular_weight+concentration,10.402929907257958,3.94933893619846
regression,two_slot_pca38_buffer_regressor_mlp,two_slot38,MLP,all,42,o-salt__p-empty,8.259092934367434,272,salt,empty,10.402929907257958,2.143836972890524
regression,two_slot_pca38_buffer_regressor_mlp,two_slot38,MLP,all,42,o-salt__p-functionalization,7.871220005963011,272,salt,functionalization,10.402929907257958,2.5317099012949473
regression,two_slot_pca38_buffer_regressor_mlp,two_slot38,MLP,all,42,o-salt__p-molecular_weight,7.837175166465053,272,salt,molecular_weight,10.402929907257958,2.5657547407929053
regression,two_slot_pca38_buffer_regressor_mlp,two_slot38,MLP,all,42,o-salt__p-concentration,8.277780133405619,272,salt,concentration,10.402929907257958,2.125149773852339
regression,two_slot_pca38_buffer_regressor_mlp,two_slot38,MLP,all,42,o-salt__p-functionalization+molecular_weight,7.199627815371839,272,salt,functionalization+molecular_weight,10.402929907257958,3.203302091886119
regression,two_slot_pca38_buffer_regressor_mlp,two_slot38,MLP,all,42,o-salt__p-functionalization+concentration,8.076590503845715,272,salt,functionalization+concentration,10.402929907257958,2.326339403412243
regression,two_slot_pca38_buffer_regressor_mlp,two_slot38,MLP,all,42,o-salt__p-molecular_weight+concentration,7.807719455105016,272,salt,molecular_weight+concentration,10.402929907257958,2.5952104521529415
regression,two_slot_pca38_buffer_regressor_mlp,two_slot38,MLP,all,42,o-salt__p-functionalization+molecular_weight+concentration,6.581113453159161,272,salt,functionalization+molecular_weight+concentration,10.402929907257958,3.821816454098797
regression,two_slot_pca38_buffer_regressor_mlp,two_slot38,MLP,all,42,o-buffer__p-empty,10.184573052736313,272,buffer,empty,10.402929907257958,0.21835685452164455
regression,two_slot_pca38_buffer_regressor_mlp,two_slot38,MLP,all,42,o-buffer__p-functionalization,7.9181594623254075,272,buffer,functionalization,10.402929907257958,2.4847704449325505
regression,two_slot_pca38_buffer_regressor_mlp,two_slot38,MLP,all,42,o-buffer__p-molecular_weight,9.849628522083822,272,buffer,molecular_weight,10.402929907257958,0.5533013851741355
regression,two_slot_pca38_buffer_regressor_mlp,two_slot38,MLP,all,42,o-buffer__p-concentration,8.972861930225584,272,buffer,concentration,10.402929907257958,1.4300679770323743
regression,two_slot_pca38_buffer_regressor_mlp,two_slot38,MLP,all,42,o-buffer__p-functionalization+molecular_weight,7.359708805508454,272,buffer,functionalization+molecular_weight,10.402929907257958,3.043221101749504
regression,two_slot_pca38_buffer_regressor_mlp,two_slot38,MLP,all,42,o-buffer__p-functionalization+concentration,7.386896539146449,272,buffer,functionalization+concentration,10.402929907257958,3.0160333681115086
regression,two_slot_pca38_buffer_regressor_mlp,two_slot38,MLP,all,42,o-buffer__p-molecular_weight+concentration,8.388311339456289,272,buffer,molecular_weight+concentration,10.402929907257958,2.0146185678016693
regression,two_slot_pca38_buffer_regressor_mlp,two_slot38,MLP,all,42,o-buffer__p-functionalization+molecular_weight+concentration,6.700068416242665,272,buffer,functionalization+molecular_weight+concentration,10.402929907257958,3.702861491015293
regression,two_slot_pca38_buffer_regressor_mlp,two_slot38,MLP,all,42,o-additive+salt__p-empty,7.553293468273076,272,additive+salt,empty,10.402929907257958,2.8496364389848816
regression,two_slot_pca38_buffer_regressor_mlp,two_slot38,MLP,all,42,o-additive+salt__p-functionalization,6.779476773053747,272,additive+salt,functionalization,10.402929907257958,3.623453134204211
regression,two_slot_pca38_buffer_regressor_mlp,two_slot38,MLP,all,42,o-additive+salt__p-molecular_weight,6.9666907129442945,272,additive+salt,molecular_weight,10.402929907257958,3.4362391943136634
regression,two_slot_pca38_buffer_regressor_mlp,two_slot38,MLP,all,42,o-additive+salt__p-concentration,7.538355742986903,272,additive+salt,concentration,10.402929907257958,2.8645741642710547
regression,two_slot_pca38_buffer_regressor_mlp,two_slot38,MLP,all,42,o-additive+salt__p-functionalization+molecular_weight,5.550526880275433,272,additive+salt,functionalization+molecular_weight,10.402929907257958,4.852403026982525
regression,two_slot_pca38_buffer_regressor_mlp,two_slot38,MLP,all,42,o-additive+salt__p-functionalization+concentration,6.907646585457992,272,additive+salt,functionalization+concentration,10.402929907257958,3.495283321799966
regression,two_slot_pca38_buffer_regressor_mlp,two_slot38,MLP,all,42,o-additive+salt__p-molecular_weight+concentration,6.646909111949907,272,additive+salt,molecular_weight+concentration,10.402929907257958,3.756020795308051
regression,two_slot_pca38_buffer_regressor_mlp,two_slot38,MLP,all,42,o-additive+salt__p-functionalization+molecular_weight+concentration,5.601672635024272,272,additive+salt,functionalization+molecular_weight+concentration,10.402929907257958,4.801257272233686
regression,two_slot_pca38_buffer_regressor_mlp,two_slot38,MLP,all,42,o-additive+buffer__p-empty,9.359462565558065,272,additive+buffer,empty,10.402929907257958,1.043467341699893
regression,two_slot_pca38_buffer_regressor_mlp,two_slot38,MLP,all,42,o-additive+buffer__p-functionalization,7.6421550739808515,272,additive+buffer,functionalization,10.402929907257958,2.7607748332771065
regression,two_slot_pca38_buffer_regressor_mlp,two_slot38,MLP,all,42,o-additive+buffer__p-molecular_weight,9.06189629990178,272,additive+buffer,molecular_weight,10.402929907257958,1.3410336073561773
regression,two_slot_pca38_buffer_regressor_mlp,two_slot38,MLP,all,42,o-additive+buffer__p-concentration,8.361558865991734,272,additive+buffer,concentration,10.402929907257958,2.041371041266224
regression,two_slot_pca38_buffer_regressor_mlp,two_slot38,MLP,all,42,o-additive+buffer__p-functionalization+molecular_weight,7.907188059873398,272,additive+buffer,functionalization+molecular_weight,10.402929907257958,2.4957418473845596
regression,two_slot_pca38_buffer_regressor_mlp,two_slot38,MLP,all,42,o-additive+buffer__p-functionalization+concentration,6.876677792005827,272,additive+buffer,functionalization+concentration,10.402929907257958,3.526252115252131
regression,two_slot_pca38_buffer_regressor_mlp,two_slot38,MLP,all,42,o-additive+buffer__p-molecular_weight+concentration,7.78472049855229,272,additive+buffer,molecular_weight+concentration,10.402929907257958,2.6182094087056678
regression,two_slot_pca38_buffer_regressor_mlp,two_slot38,MLP,all,42,o-additive+buffer__p-functionalization+molecular_weight+concentration,6.259809414145855,272,additive+buffer,functionalization+molecular_weight+concentration,10.402929907257958,4.143120493112103
regression,two_slot_pca38_buffer_regressor_mlp,two_slot38,MLP,all,42,o-salt+buffer__p-empty,8.18456267974789,272,salt+buffer,empty,10.402929907257958,2.2183672275100683
regression,two_slot_pca38_buffer_regressor_mlp,two_slot38,MLP,all,42,o-salt+buffer__p-functionalization,7.860636771214921,272,salt+buffer,functionalization,10.402929907257958,2.542293136043037
regression,two_slot_pca38_buffer_regressor_mlp,two_slot38,MLP,all,42,o-salt+buffer__p-molecular_weight,7.897704130788138,272,salt+buffer,molecular_weight,10.402929907257958,2.5052257764698203
regression,two_slot_pca38_buffer_regressor_mlp,two_slot38,MLP,all,42,o-salt+buffer__p-concentration,8.06114087940652,272,salt+buffer,concentration,10.402929907257958,2.341789027851439
regression,two_slot_pca38_buffer_regressor_mlp,two_slot38,MLP,all,42,o-salt+buffer__p-functionalization+molecular_weight,7.538769944994188,272,salt+buffer,functionalization+molecular_weight,10.402929907257958,2.86415996226377
regression,two_slot_pca38_buffer_regressor_mlp,two_slot38,MLP,all,42,o-salt+buffer__p-functionalization+concentration,8.064143262976016,272,salt+buffer,functionalization+concentration,10.402929907257958,2.3387866442819423
regression,two_slot_pca38_buffer_regressor_mlp,two_slot38,MLP,all,42,o-salt+buffer__p-molecular_weight+concentration,7.565379171961715,272,salt+buffer,molecular_weight+concentration,10.402929907257958,2.837550735296243
regression,two_slot_pca38_buffer_regressor_mlp,two_slot38,MLP,all,42,o-salt+buffer__p-functionalization+molecular_weight+concentration,7.293464049211129,272,salt+buffer,functionalization+molecular_weight+concentration,10.402929907257958,3.1094658580468293
regression,two_slot_pca38_buffer_regressor_mlp,two_slot38,MLP,all,42,o-additive+salt+buffer__p-empty,7.14986315703428,272,additive+salt+buffer,empty,10.402929907257958,3.2530667502236783
regression,two_slot_pca38_buffer_regressor_mlp,two_slot38,MLP,all,42,o-additive+salt+buffer__p-functionalization,6.662433582412223,272,additive+salt+buffer,functionalization,10.402929907257958,3.7404963248457346
regression,two_slot_pca38_buffer_regressor_mlp,two_slot38,MLP,all,42,o-additive+salt+buffer__p-molecular_weight,6.824518641538834,272,additive+salt+buffer,molecular_weight,10.402929907257958,3.578411265719124
regression,two_slot_pca38_buffer_regressor_mlp,two_slot38,MLP,all,42,o-additive+salt+buffer__p-concentration,7.239190233894201,272,additive+salt+buffer,concentration,10.402929907257958,3.1637396733637573
regression,two_slot_pca38_buffer_regressor_mlp,two_slot38,MLP,all,42,o-additive+salt+buffer__p-functionalization+molecular_weight,5.795276728555309,272,additive+salt+buffer,functionalization+molecular_weight,10.402929907257958,4.607653178702649
regression,two_slot_pca38_buffer_regressor_mlp,two_slot38,MLP,all,42,o-additive+salt+buffer__p-functionalization+concentration,6.474043117919002,272,additive+salt+buffer,functionalization+concentration,10.402929907257958,3.9288867893389563
regression,two_slot_pca38_buffer_regressor_mlp,two_slot38,MLP,all,42,o-additive+salt+buffer__p-molecular_weight+concentration,6.9573632560187,272,additive+salt+buffer,molecular_weight+concentration,10.402929907257958,3.4455666512392575
regression,two_slot_pca38_buffer_regressor_mlp,two_slot38,MLP,all,42,o-additive+salt+buffer__p-functionalization+molecular_weight+concentration,5.728643408422863,272,additive+salt+buffer,functionalization+molecular_weight+concentration,10.402929907257958,4.674286498835095
regression,two_slot_pca38_buffer_regressor_mlp,two_slot38,MLP,all,43,o-empty__p-empty,10.370470935852886,272,empty,empty,10.370470935852886,0.0
regression,two_slot_pca38_buffer_regressor_mlp,two_slot38,MLP,all,43,o-empty__p-functionalization,8.072604401698998,272,empty,functionalization,10.370470935852886,2.297866534153888
regression,two_slot_pca38_buffer_regressor_mlp,two_slot38,MLP,all,43,o-empty__p-molecular_weight,9.476260160477516,272,empty,molecular_weight,10.370470935852886,0.8942107753753703
regression,two_slot_pca38_buffer_regressor_mlp,two_slot38,MLP,all,43,o-empty__p-concentration,9.219828930277272,272,empty,concentration,10.370470935852886,1.1506420055756141
regression,two_slot_pca38_buffer_regressor_mlp,two_slot38,MLP,all,43,o-empty__p-functionalization+molecular_weight,7.169576410890682,272,empty,functionalization+molecular_weight,10.370470935852886,3.2008945249622043
regression,two_slot_pca38_buffer_regressor_mlp,two_slot38,MLP,all,43,o-empty__p-functionalization+concentration,7.57108714035767,272,empty,functionalization+concentration,10.370470935852886,2.799383795495216
regression,two_slot_pca38_buffer_regressor_mlp,two_slot38,MLP,all,43,o-empty__p-molecular_weight+concentration,8.05298809281897,272,empty,molecular_weight+concentration,10.370470935852886,2.3174828430339165
regression,two_slot_pca38_buffer_regressor_mlp,two_slot38,MLP,all,43,o-empty__p-functionalization+molecular_weight+concentration,6.667402911934344,272,empty,functionalization+molecular_weight+concentration,10.370470935852886,3.703068023918542
regression,two_slot_pca38_buffer_regressor_mlp,two_slot38,MLP,all,43,o-additive__p-empty,9.833574787076675,272,additive,empty,10.370470935852886,0.5368961487762114
regression,two_slot_pca38_buffer_regressor_mlp,two_slot38,MLP,all,43,o-additive__p-functionalization,8.217414929273852,272,additive,functionalization,10.370470935852886,2.1530560065790336
regression,two_slot_pca38_buffer_regressor_mlp,two_slot38,MLP,all,43,o-additive__p-molecular_weight,9.89104857978854,272,additive,molecular_weight,10.370470935852886,0.4794223560643456
regression,two_slot_pca38_buffer_regressor_mlp,two_slot38,MLP,all,43,o-additive__p-concentration,9.534190011610226,272,additive,concentration,10.370470935852886,0.8362809242426597
regression,two_slot_pca38_buffer_regressor_mlp,two_slot38,MLP,all,43,o-additive__p-functionalization+molecular_weight,7.463056524178178,272,additive,functionalization+molecular_weight,10.370470935852886,2.907414411674708
regression,two_slot_pca38_buffer_regressor_mlp,two_slot38,MLP,all,43,o-additive__p-functionalization+concentration,7.869129642786773,272,additive,functionalization+concentration,10.370470935852886,2.5013412930661127
regression,two_slot_pca38_buffer_regressor_mlp,two_slot38,MLP,all,43,o-additive__p-molecular_weight+concentration,9.078018437929119,272,additive,molecular_weight+concentration,10.370470935852886,1.292452497923767
regression,two_slot_pca38_buffer_regressor_mlp,two_slot38,MLP,all,43,o-additive__p-functionalization+molecular_weight+concentration,6.751191465930045,272,additive,functionalization+molecular_weight+concentration,10.370470935852886,3.6192794699228408
regression,two_slot_pca38_buffer_regressor_mlp,two_slot38,MLP,all,43,o-salt__p-empty,8.124836261568992,272,salt,empty,10.370470935852886,2.2456346742838935
regression,two_slot_pca38_buffer_regressor_mlp,two_slot38,MLP,all,43,o-salt__p-functionalization,7.949391487299848,272,salt,functionalization,10.370470935852886,2.421079448553038
regression,two_slot_pca38_buffer_regressor_mlp,two_slot38,MLP,all,43,o-salt__p-molecular_weight,8.00253132796639,272,salt,molecular_weight,10.370470935852886,2.3679396078864965
regression,two_slot_pca38_buffer_regressor_mlp,two_slot38,MLP,all,43,o-salt__p-concentration,8.23468530133058,272,salt,concentration,10.370470935852886,2.135785634522305
regression,two_slot_pca38_buffer_regressor_mlp,two_slot38,MLP,all,43,o-salt__p-functionalization+molecular_weight,7.812421727876354,272,salt,functionalization+molecular_weight,10.370470935852886,2.5580492079765316
regression,two_slot_pca38_buffer_regressor_mlp,two_slot38,MLP,all,43,o-salt__p-functionalization+concentration,8.042437111579446,272,salt,functionalization+concentration,10.370470935852886,2.32803382427344
regression,two_slot_pca38_buffer_regressor_mlp,two_slot38,MLP,all,43,o-salt__p-molecular_weight+concentration,8.061171589549403,272,salt,molecular_weight+concentration,10.370470935852886,2.309299346303483
regression,two_slot_pca38_buffer_regressor_mlp,two_slot38,MLP,all,43,o-salt__p-functionalization+molecular_weight+concentration,7.312743045638691,272,salt,functionalization+molecular_weight+concentration,10.370470935852886,3.0577278902141947
regression,two_slot_pca38_buffer_regressor_mlp,two_slot38,MLP,all,43,o-buffer__p-empty,10.316295064586035,272,buffer,empty,10.370470935852886,0.054175871266851416
regression,two_slot_pca38_buffer_regressor_mlp,two_slot38,MLP,all,43,o-buffer__p-functionalization,7.496815291124348,272,buffer,functionalization,10.370470935852886,2.8736556447285375
regression,two_slot_pca38_buffer_regressor_mlp,two_slot38,MLP,all,43,o-buffer__p-molecular_weight,9.792664561620938,272,buffer,molecular_weight,10.370470935852886,0.5778063742319475
regression,two_slot_pca38_buffer_regressor_mlp,two_slot38,MLP,all,43,o-buffer__p-concentration,9.262483028493202,272,buffer,concentration,10.370470935852886,1.1079879073596839
regression,two_slot_pca38_buffer_regressor_mlp,two_slot38,MLP,all,43,o-buffer__p-functionalization+molecular_weight,6.956564285114718,272,buffer,functionalization+molecular_weight,10.370470935852886,3.413906650738168
regression,two_slot_pca38_buffer_regressor_mlp,two_slot38,MLP,all,43,o-buffer__p-functionalization+concentration,7.24704947291577,272,buffer,functionalization+concentration,10.370470935852886,3.1234214629371158
regression,two_slot_pca38_buffer_regressor_mlp,two_slot38,MLP,all,43,o-buffer__p-molecular_weight+concentration,8.975050746089963,272,buffer,molecular_weight+concentration,10.370470935852886,1.3954201897629233
regression,two_slot_pca38_buffer_regressor_mlp,two_slot38,MLP,all,43,o-buffer__p-functionalization+molecular_weight+concentration,6.177577334834677,272,buffer,functionalization+molecular_weight+concentration,10.370470935852886,4.192893601018209
regression,two_slot_pca38_buffer_regressor_mlp,two_slot38,MLP,all,43,o-additive+salt__p-empty,7.8408909071381725,272,additive+salt,empty,10.370470935852886,2.5295800287147134
regression,two_slot_pca38_buffer_regressor_mlp,two_slot38,MLP,all,43,o-additive+salt__p-functionalization,6.619444628182247,272,additive+salt,functionalization,10.370470935852886,3.7510263076706387
regression,two_slot_pca38_buffer_regressor_mlp,two_slot38,MLP,all,43,o-additive+salt__p-molecular_weight,6.976330407668936,272,additive+salt,molecular_weight,10.370470935852886,3.39414052818395
regression,two_slot_pca38_buffer_regressor_mlp,two_slot38,MLP,all,43,o-additive+salt__p-concentration,7.472436511770077,272,additive+salt,concentration,10.370470935852886,2.898034424082809
regression,two_slot_pca38_buffer_regressor_mlp,two_slot38,MLP,all,43,o-additive+salt__p-functionalization+molecular_weight,5.767173435572678,272,additive+salt,functionalization+molecular_weight,10.370470935852886,4.603297500280208
regression,two_slot_pca38_buffer_regressor_mlp,two_slot38,MLP,all,43,o-additive+salt__p-functionalization+concentration,6.850667401491472,272,additive+salt,functionalization+concentration,10.370470935852886,3.5198035343614142
regression,two_slot_pca38_buffer_regressor_mlp,two_slot38,MLP,all,43,o-additive+salt__p-molecular_weight+concentration,6.875284018629472,272,additive+salt,molecular_weight+concentration,10.370470935852886,3.495186917223414
regression,two_slot_pca38_buffer_regressor_mlp,two_slot38,MLP,all,43,o-additive+salt__p-functionalization+molecular_weight+concentration,6.069097399702326,272,additive+salt,functionalization+molecular_weight+concentration,10.370470935852886,4.30137353615056
regression,two_slot_pca38_buffer_regressor_mlp,two_slot38,MLP,all,43,o-additive+buffer__p-empty,9.620832518465038,272,additive+buffer,empty,10.370470935852886,0.7496384173878479
regression,two_slot_pca38_buffer_regressor_mlp,two_slot38,MLP,all,43,o-additive+buffer__p-functionalization,7.508508670434137,272,additive+buffer,functionalization,10.370470935852886,2.8619622654187493
regression,two_slot_pca38_buffer_regressor_mlp,two_slot38,MLP,all,43,o-additive+buffer__p-molecular_weight,9.075042264928822,272,additive+buffer,molecular_weight,10.370470935852886,1.295428670924064
regression,two_slot_pca38_buffer_regressor_mlp,two_slot38,MLP,all,43,o-additive+buffer__p-concentration,8.912258262725484,272,additive+buffer,concentration,10.370470935852886,1.4582126731274023
regression,two_slot_pca38_buffer_regressor_mlp,two_slot38,MLP,all,43,o-additive+buffer__p-functionalization+molecular_weight,7.318721090257865,272,additive+buffer,functionalization+molecular_weight,10.370470935852886,3.0517498455950207
regression,two_slot_pca38_buffer_regressor_mlp,two_slot38,MLP,all,43,o-additive+buffer__p-functionalization+concentration,7.213985419886974,272,additive+buffer,functionalization+concentration,10.370470935852886,3.1564855159659118
regression,two_slot_pca38_buffer_regressor_mlp,two_slot38,MLP,all,43,o-additive+buffer__p-molecular_weight+concentration,8.676424039659354,272,additive+buffer,molecular_weight+concentration,10.370470935852886,1.694046896193532
regression,two_slot_pca38_buffer_regressor_mlp,two_slot38,MLP,all,43,o-additive+buffer__p-functionalization+molecular_weight+concentration,6.082788367982069,272,additive+buffer,functionalization+molecular_weight+concentration,10.370470935852886,4.287682567870817
regression,two_slot_pca38_buffer_regressor_mlp,two_slot38,MLP,all,43,o-salt+buffer__p-empty,7.928533173222736,272,salt+buffer,empty,10.370470935852886,2.4419377626301495
regression,two_slot_pca38_buffer_regressor_mlp,two_slot38,MLP,all,43,o-salt+buffer__p-functionalization,7.9550426306158855,272,salt+buffer,functionalization,10.370470935852886,2.4154283052370005
regression,two_slot_pca38_buffer_regressor_mlp,two_slot38,MLP,all,43,o-salt+buffer__p-molecular_weight,7.762904006947017,272,salt+buffer,molecular_weight,10.370470935852886,2.607566928905869
regression,two_slot_pca38_buffer_regressor_mlp,two_slot38,MLP,all,43,o-salt+buffer__p-concentration,8.09361462463671,272,salt+buffer,concentration,10.370470935852886,2.276856311216175
regression,two_slot_pca38_buffer_regressor_mlp,two_slot38,MLP,all,43,o-salt+buffer__p-functionalization+molecular_weight,7.600909746424473,272,salt+buffer,functionalization+molecular_weight,10.370470935852886,2.769561189428413
regression,two_slot_pca38_buffer_regressor_mlp,two_slot38,MLP,all,43,o-salt+buffer__p-functionalization+concentration,7.498622862175431,272,salt+buffer,functionalization+concentration,10.370470935852886,2.871848073677455
regression,two_slot_pca38_buffer_regressor_mlp,two_slot38,MLP,all,43,o-salt+buffer__p-molecular_weight+concentration,7.748155708043854,272,salt+buffer,molecular_weight+concentration,10.370470935852886,2.6223152278090316
regression,two_slot_pca38_buffer_regressor_mlp,two_slot38,MLP,all,43,o-salt+buffer__p-functionalization+molecular_weight+concentration,7.647681584821214,272,salt+buffer,functionalization+molecular_weight+concentration,10.370470935852886,2.722789351031672
regression,two_slot_pca38_buffer_regressor_mlp,two_slot38,MLP,all,43,o-additive+salt+buffer__p-empty,7.14467978540642,272,additive+salt+buffer,empty,10.370470935852886,3.225791150446466
regression,two_slot_pca38_buffer_regressor_mlp,two_slot38,MLP,all,43,o-additive+salt+buffer__p-functionalization,6.506775553692641,272,additive+salt+buffer,functionalization,10.370470935852886,3.8636953821602447
regression,two_slot_pca38_buffer_regressor_mlp,two_slot38,MLP,all,43,o-additive+salt+buffer__p-molecular_weight,6.820364524894297,272,additive+salt+buffer,molecular_weight,10.370470935852886,3.5501064109585894
regression,two_slot_pca38_buffer_regressor_mlp,two_slot38,MLP,all,43,o-additive+salt+buffer__p-concentration,7.1704529538452615,272,additive+salt+buffer,concentration,10.370470935852886,3.2000179820076244
regression,two_slot_pca38_buffer_regressor_mlp,two_slot38,MLP,all,43,o-additive+salt+buffer__p-functionalization+molecular_weight,5.880013058530991,272,additive+salt+buffer,functionalization+molecular_weight,10.370470935852886,4.490457877321895
regression,two_slot_pca38_buffer_regressor_mlp,two_slot38,MLP,all,43,o-additive+salt+buffer__p-functionalization+concentration,6.238219992331536,272,additive+salt+buffer,functionalization+concentration,10.370470935852886,4.13225094352135
regression,two_slot_pca38_buffer_regressor_mlp,two_slot38,MLP,all,43,o-additive+salt+buffer__p-molecular_weight+concentration,7.024701785152609,272,additive+salt+buffer,molecular_weight+concentration,10.370470935852886,3.345769150700277
regression,two_slot_pca38_buffer_regressor_mlp,two_slot38,MLP,all,43,o-additive+salt+buffer__p-functionalization+molecular_weight+concentration,5.058003206526946,272,additive+salt+buffer,functionalization+molecular_weight+concentration,10.370470935852886,5.31246772932594
regression,two_slot_pca38_buffer_regressor_mlp,two_slot38,MLP,all,44,o-empty__p-empty,10.426707427292808,272,empty,empty,10.426707427292808,0.0
regression,two_slot_pca38_buffer_regressor_mlp,two_slot38,MLP,all,44,o-empty__p-functionalization,8.191657022813606,272,empty,functionalization,10.426707427292808,2.2350504044792014
regression,two_slot_pca38_buffer_regressor_mlp,two_slot38,MLP,all,44,o-empty__p-molecular_weight,9.84956322315309,272,empty,molecular_weight,10.426707427292808,0.5771442041397172
regression,two_slot_pca38_buffer_regressor_mlp,two_slot38,MLP,all,44,o-empty__p-concentration,9.363772603618612,272,empty,concentration,10.426707427292808,1.0629348236741958
regression,two_slot_pca38_buffer_regressor_mlp,two_slot38,MLP,all,44,o-empty__p-functionalization+molecular_weight,7.3045624636162145,272,empty,functionalization+molecular_weight,10.426707427292808,3.122144963676593
regression,two_slot_pca38_buffer_regressor_mlp,two_slot38,MLP,all,44,o-empty__p-functionalization+concentration,7.552131750562644,272,empty,functionalization+concentration,10.426707427292808,2.8745756767301636
regression,two_slot_pca38_buffer_regressor_mlp,two_slot38,MLP,all,44,o-empty__p-molecular_weight+concentration,7.787940631873361,272,empty,molecular_weight+concentration,10.426707427292808,2.638766795419447
regression,two_slot_pca38_buffer_regressor_mlp,two_slot38,MLP,all,44,o-empty__p-functionalization+molecular_weight+concentration,6.737459982493754,272,empty,functionalization+molecular_weight+concentration,10.426707427292808,3.6892474447990535
regression,two_slot_pca38_buffer_regressor_mlp,two_slot38,MLP,all,44,o-additive__p-empty,9.8268517176193,272,additive,empty,10.426707427292808,0.5998557096735073
regression,two_slot_pca38_buffer_regressor_mlp,two_slot38,MLP,all,44,o-additive__p-functionalization,8.824188332281528,272,additive,functionalization,10.426707427292808,1.6025190950112798
regression,two_slot_pca38_buffer_regressor_mlp,two_slot38,MLP,all,44,o-additive__p-molecular_weight,9.744657625392337,272,additive,molecular_weight,10.426707427292808,0.6820498019004706
regression,two_slot_pca38_buffer_regressor_mlp,two_slot38,MLP,all,44,o-additive__p-concentration,9.46145962323955,272,additive,concentration,10.426707427292808,0.9652478040532575
regression,two_slot_pca38_buffer_regressor_mlp,two_slot38,MLP,all,44,o-additive__p-functionalization+molecular_weight,8.40557159872982,272,additive,functionalization+molecular_weight,10.426707427292808,2.021135828562988
regression,two_slot_pca38_buffer_regressor_mlp,two_slot38,MLP,all,44,o-additive__p-functionalization+concentration,8.271186675536141,272,additive,functionalization+concentration,10.426707427292808,2.155520751756667
regression,two_slot_pca38_buffer_regressor_mlp,two_slot38,MLP,all,44,o-additive__p-molecular_weight+concentration,9.445490852520518,272,additive,molecular_weight+concentration,10.426707427292808,0.9812165747722901
regression,two_slot_pca38_buffer_regressor_mlp,two_slot38,MLP,all,44,o-additive__p-functionalization+molecular_weight+concentration,7.446884281683061,272,additive,functionalization+molecular_weight+concentration,10.426707427292808,2.979823145609747
regression,two_slot_pca38_buffer_regressor_mlp,two_slot38,MLP,all,44,o-salt__p-empty,8.340546633454773,272,salt,empty,10.426707427292808,2.086160793838035
regression,two_slot_pca38_buffer_regressor_mlp,two_slot38,MLP,all,44,o-salt__p-functionalization,7.632146131641493,272,salt,functionalization,10.426707427292808,2.794561295651315
regression,two_slot_pca38_buffer_regressor_mlp,two_slot38,MLP,all,44,o-salt__p-molecular_weight,8.141875803286577,272,salt,molecular_weight,10.426707427292808,2.2848316240062303
regression,two_slot_pca38_buffer_regressor_mlp,two_slot38,MLP,all,44,o-salt__p-concentration,8.43795627653536,272,salt,concentration,10.426707427292808,1.988751150757448
regression,two_slot_pca38_buffer_regressor_mlp,two_slot38,MLP,all,44,o-salt__p-functionalization+molecular_weight,7.879954167599752,272,salt,functionalization+molecular_weight,10.426707427292808,2.5467532596930553
regression,two_slot_pca38_buffer_regressor_mlp,two_slot38,MLP,all,44,o-salt__p-functionalization+concentration,8.12457416340742,272,salt,functionalization+concentration,10.426707427292808,2.3021332638853877
regression,two_slot_pca38_buffer_regressor_mlp,two_slot38,MLP,all,44,o-salt__p-molecular_weight+concentration,8.052592009206007,272,salt,molecular_weight+concentration,10.426707427292808,2.3741154180868005
regression,two_slot_pca38_buffer_regressor_mlp,two_slot38,MLP,all,44,o-salt__p-functionalization+molecular_weight+concentration,7.195377328906114,272,salt,functionalization+molecular_weight+concentration,10.426707427292808,3.231330098386694
regression,two_slot_pca38_buffer_regressor_mlp,two_slot38,MLP,all,44,o-buffer__p-empty,10.48772410979006,272,buffer,empty,10.426707427292808,-0.061016682497252006
regression,two_slot_pca38_buffer_regressor_mlp,two_slot38,MLP,all,44,o-buffer__p-functionalization,8.50529990816116,272,buffer,functionalization,10.426707427292808,1.9214075191316482
regression,two_slot_pca38_buffer_regressor_mlp,two_slot38,MLP,all,44,o-buffer__p-molecular_weight,10.184370067153916,272,buffer,molecular_weight,10.426707427292808,0.24233736013889207
regression,two_slot_pca38_buffer_regressor_mlp,two_slot38,MLP,all,44,o-buffer__p-concentration,10.154354628907983,272,buffer,concentration,10.426707427292808,0.2723527983848246
regression,two_slot_pca38_buffer_regressor_mlp,two_slot38,MLP,all,44,o-buffer__p-functionalization+molecular_weight,7.443042165672935,272,buffer,functionalization+molecular_weight,10.426707427292808,2.9836652616198727
regression,two_slot_pca38_buffer_regressor_mlp,two_slot38,MLP,all,44,o-buffer__p-functionalization+concentration,7.062581825667448,272,buffer,functionalization+concentration,10.426707427292808,3.36412560162536
regression,two_slot_pca38_buffer_regressor_mlp,two_slot38,MLP,all,44,o-buffer__p-molecular_weight+concentration,8.959806676309768,272,buffer,molecular_weight+concentration,10.426707427292808,1.46690075098304
regression,two_slot_pca38_buffer_regressor_mlp,two_slot38,MLP,all,44,o-buffer__p-functionalization+molecular_weight+concentration,7.9299125520638185,272,buffer,functionalization+molecular_weight+concentration,10.426707427292808,2.4967948752289892
regression,two_slot_pca38_buffer_regressor_mlp,two_slot38,MLP,all,44,o-additive+salt__p-empty,7.674734025473401,272,additive+salt,empty,10.426707427292808,2.7519734018194066
regression,two_slot_pca38_buffer_regressor_mlp,two_slot38,MLP,all,44,o-additive+salt__p-functionalization,7.640420683742349,272,additive+salt,functionalization,10.426707427292808,2.786286743550459
regression,two_slot_pca38_buffer_regressor_mlp,two_slot38,MLP,all,44,o-additive+salt__p-molecular_weight,7.3691792986608675,272,additive+salt,molecular_weight,10.426707427292808,3.0575281286319402
regression,two_slot_pca38_buffer_regressor_mlp,two_slot38,MLP,all,44,o-additive+salt__p-concentration,7.82240880904612,272,additive+salt,concentration,10.426707427292808,2.6042986182466876
regression,two_slot_pca38_buffer_regressor_mlp,two_slot38,MLP,all,44,o-additive+salt__p-functionalization+molecular_weight,7.028089653564002,272,additive+salt,functionalization+molecular_weight,10.426707427292808,3.398617773728806
regression,two_slot_pca38_buffer_regressor_mlp,two_slot38,MLP,all,44,o-additive+salt__p-functionalization+concentration,7.3167383381746,272,additive+salt,functionalization+concentration,10.426707427292808,3.1099690891182075
regression,two_slot_pca38_buffer_regressor_mlp,two_slot38,MLP,all,44,o-additive+salt__p-molecular_weight+concentration,7.316742654921651,272,additive+salt,molecular_weight+concentration,10.426707427292808,3.109964772371157
regression,two_slot_pca38_buffer_regressor_mlp,two_slot38,MLP,all,44,o-additive+salt__p-functionalization+molecular_weight+concentration,6.496572759532062,272,additive+salt,functionalization+molecular_weight+concentration,10.426707427292808,3.930134667760746
regression,two_slot_pca38_buffer_regressor_mlp,two_slot38,MLP,all,44,o-additive+buffer__p-empty,9.900179777136797,272,additive+buffer,empty,10.426707427292808,0.5265276501560106
regression,two_slot_pca38_buffer_regressor_mlp,two_slot38,MLP,all,44,o-additive+buffer__p-functionalization,9.048126643949413,272,additive+buffer,functionalization,10.426707427292808,1.378580783343395
regression,two_slot_pca38_buffer_regressor_mlp,two_slot38,MLP,all,44,o-additive+buffer__p-molecular_weight,9.836179812176521,272,additive+buffer,molecular_weight,10.426707427292808,0.5905276151162866
regression,two_slot_pca38_buffer_regressor_mlp,two_slot38,MLP,all,44,o-additive+buffer__p-concentration,9.475194288797592,272,additive+buffer,concentration,10.426707427292808,0.9515131384952156
regression,two_slot_pca38_buffer_regressor_mlp,two_slot38,MLP,all,44,o-additive+buffer__p-functionalization+molecular_weight,8.63477433651695,272,additive+buffer,functionalization+molecular_weight,10.426707427292808,1.7919330907758582
regression,two_slot_pca38_buffer_regressor_mlp,two_slot38,MLP,all,44,o-additive+buffer__p-functionalization+concentration,8.059253007563715,272,additive+buffer,functionalization+concentration,10.426707427292808,2.3674544197290928
regression,two_slot_pca38_buffer_regressor_mlp,two_slot38,MLP,all,44,o-additive+buffer__p-molecular_weight+concentration,9.365047634232393,272,additive+buffer,molecular_weight+concentration,10.426707427292808,1.0616597930604144
regression,two_slot_pca38_buffer_regressor_mlp,two_slot38,MLP,all,44,o-additive+buffer__p-functionalization+molecular_weight+concentration,8.073603403646915,272,additive+buffer,functionalization+molecular_weight+concentration,10.426707427292808,2.3531040236458924
regression,two_slot_pca38_buffer_regressor_mlp,two_slot38,MLP,all,44,o-salt+buffer__p-empty,8.26816905413883,272,salt+buffer,empty,10.426707427292808,2.158538373153977
regression,two_slot_pca38_buffer_regressor_mlp,two_slot38,MLP,all,44,o-salt+buffer__p-functionalization,8.219937207821399,272,salt+buffer,functionalization,10.426707427292808,2.2067702194714087
regression,two_slot_pca38_buffer_regressor_mlp,two_slot38,MLP,all,44,o-salt+buffer__p-molecular_weight,8.205226006287043,272,salt+buffer,molecular_weight,10.426707427292808,2.2214814210057643
regression,two_slot_pca38_buffer_regressor_mlp,two_slot38,MLP,all,44,o-salt+buffer__p-concentration,8.625838594450126,272,salt+buffer,concentration,10.426707427292808,1.8008688328426814
regression,two_slot_pca38_buffer_regressor_mlp,two_slot38,MLP,all,44,o-salt+buffer__p-functionalization+molecular_weight,7.928687383130874,272,salt+buffer,functionalization+molecular_weight,10.426707427292808,2.498020044161934
regression,two_slot_pca38_buffer_regressor_mlp,two_slot38,MLP,all,44,o-salt+buffer__p-functionalization+concentration,8.104040852013739,272,salt+buffer,functionalization+concentration,10.426707427292808,2.3226665752790687
regression,two_slot_pca38_buffer_regressor_mlp,two_slot38,MLP,all,44,o-salt+buffer__p-molecular_weight+concentration,8.285216362821803,272,salt+buffer,molecular_weight+concentration,10.426707427292808,2.141491064471005
regression,two_slot_pca38_buffer_regressor_mlp,two_slot38,MLP,all,44,o-salt+buffer__p-functionalization+molecular_weight+concentration,7.919496041735406,272,salt+buffer,functionalization+molecular_weight+concentration,10.426707427292808,2.507211385557402
regression,two_slot_pca38_buffer_regressor_mlp,two_slot38,MLP,all,44,o-additive+salt+buffer__p-empty,7.784412462918749,272,additive+salt+buffer,empty,10.426707427292808,2.6422949643740585
regression,two_slot_pca38_buffer_regressor_mlp,two_slot38,MLP,all,44,o-additive+salt+buffer__p-functionalization,7.755238550980209,272,additive+salt+buffer,functionalization,10.426707427292808,2.6714688763125984
regression,two_slot_pca38_buffer_regressor_mlp,two_slot38,MLP,all,44,o-additive+salt+buffer__p-molecular_weight,7.687221865832279,272,additive+salt+buffer,molecular_weight,10.426707427292808,2.739485561460529
regression,two_slot_pca38_buffer_regressor_mlp,two_slot38,MLP,all,44,o-additive+salt+buffer__p-concentration,7.724461112334984,272,additive+salt+buffer,concentration,10.426707427292808,2.702246314957824
regression,two_slot_pca38_buffer_regressor_mlp,two_slot38,MLP,all,44,o-additive+salt+buffer__p-functionalization+molecular_weight,7.55928466770247,272,additive+salt+buffer,functionalization+molecular_weight,10.426707427292808,2.8674227595903377
regression,two_slot_pca38_buffer_regressor_mlp,two_slot38,MLP,all,44,o-additive+salt+buffer__p-functionalization+concentration,7.45999873516617,272,additive+salt+buffer,functionalization+concentration,10.426707427292808,2.9667086921266375
regression,two_slot_pca38_buffer_regressor_mlp,two_slot38,MLP,all,44,o-additive+salt+buffer__p-molecular_weight+concentration,7.6054316952966285,272,additive+salt+buffer,molecular_weight+concentration,10.426707427292808,2.821275731996179
regression,two_slot_pca38_buffer_regressor_mlp,two_slot38,MLP,all,44,o-additive+salt+buffer__p-functionalization+molecular_weight+concentration,6.4699683632938045,272,additive+salt+buffer,functionalization+molecular_weight+concentration,10.426707427292808,3.956739063999003
regression,two_slot_pca38_buffer_regressor_mlp,two_slot38,MLP,all,45,o-empty__p-empty,10.353450790155122,272,empty,empty,10.353450790155122,0.0
regression,two_slot_pca38_buffer_regressor_mlp,two_slot38,MLP,all,45,o-empty__p-functionalization,8.10443177930525,272,empty,functionalization,10.353450790155122,2.2490190108498727
regression,two_slot_pca38_buffer_regressor_mlp,two_slot38,MLP,all,45,o-empty__p-molecular_weight,8.956827536859898,272,empty,molecular_weight,10.353450790155122,1.3966232532952247
regression,two_slot_pca38_buffer_regressor_mlp,two_slot38,MLP,all,45,o-empty__p-concentration,9.326162539649848,272,empty,concentration,10.353450790155122,1.0272882505052738
regression,two_slot_pca38_buffer_regressor_mlp,two_slot38,MLP,all,45,o-empty__p-functionalization+molecular_weight,7.393001453813744,272,empty,functionalization+molecular_weight,10.353450790155122,2.9604493363413784
regression,two_slot_pca38_buffer_regressor_mlp,two_slot38,MLP,all,45,o-empty__p-functionalization+concentration,7.587094396877563,272,empty,functionalization+concentration,10.353450790155122,2.766356393277559
regression,two_slot_pca38_buffer_regressor_mlp,two_slot38,MLP,all,45,o-empty__p-molecular_weight+concentration,8.56577114064484,272,empty,molecular_weight+concentration,10.353450790155122,1.7876796495102827
regression,two_slot_pca38_buffer_regressor_mlp,two_slot38,MLP,all,45,o-empty__p-functionalization+molecular_weight+concentration,6.786135161314728,272,empty,functionalization+molecular_weight+concentration,10.353450790155122,3.5673156288403947
regression,two_slot_pca38_buffer_regressor_mlp,two_slot38,MLP,all,45,o-additive__p-empty,10.001099225482948,272,additive,empty,10.353450790155122,0.35235156467217443
regression,two_slot_pca38_buffer_regressor_mlp,two_slot38,MLP,all,45,o-additive__p-functionalization,8.614833184699966,272,additive,functionalization,10.353450790155122,1.7386176054551559
regression,two_slot_pca38_buffer_regressor_mlp,two_slot38,MLP,all,45,o-additive__p-molecular_weight,9.95469335339977,272,additive,molecular_weight,10.353450790155122,0.3987574367553517
regression,two_slot_pca38_buffer_regressor_mlp,two_slot38,MLP,all,45,o-additive__p-concentration,9.017912644024975,272,additive,concentration,10.353450790155122,1.3355381461301477
regression,two_slot_pca38_buffer_regressor_mlp,two_slot38,MLP,all,45,o-additive__p-functionalization+molecular_weight,7.7995251616255015,272,additive,functionalization+molecular_weight,10.353450790155122,2.553925628529621
regression,two_slot_pca38_buffer_regressor_mlp,two_slot38,MLP,all,45,o-additive__p-functionalization+concentration,7.416222713702975,272,additive,functionalization+concentration,10.353450790155122,2.937228076452147
regression,two_slot_pca38_buffer_regressor_mlp,two_slot38,MLP,all,45,o-additive__p-molecular_weight+concentration,8.285223501019859,272,additive,molecular_weight+concentration,10.353450790155122,2.0682272891352635
regression,two_slot_pca38_buffer_regressor_mlp,two_slot38,MLP,all,45,o-additive__p-functionalization+molecular_weight+concentration,7.194359607997827,272,additive,functionalization+molecular_weight+concentration,10.353450790155122,3.1590911821572956
regression,two_slot_pca38_buffer_regressor_mlp,two_slot38,MLP,all,45,o-salt__p-empty,8.206147474670388,272,salt,empty,10.353450790155122,2.1473033154847343
regression,two_slot_pca38_buffer_regressor_mlp,two_slot38,MLP,all,45,o-salt__p-functionalization,7.988324447032297,272,salt,functionalization,10.353450790155122,2.3651263431228253
regression,two_slot_pca38_buffer_regressor_mlp,two_slot38,MLP,all,45,o-salt__p-molecular_weight,8.012228589802469,272,salt,molecular_weight,10.353450790155122,2.3412222003526537
regression,two_slot_pca38_buffer_regressor_mlp,two_slot38,MLP,all,45,o-salt__p-concentration,8.366931182561283,272,salt,concentration,10.353450790155122,1.9865196075938396
regression,two_slot_pca38_buffer_regressor_mlp,two_slot38,MLP,all,45,o-salt__p-functionalization+molecular_weight,7.058654844961005,272,salt,functionalization+molecular_weight,10.353450790155122,3.2947959451941173
regression,two_slot_pca38_buffer_regressor_mlp,two_slot38,MLP,all,45,o-salt__p-functionalization+concentration,7.79554322144096,272,salt,functionalization+concentration,10.353450790155122,2.557907568714162
regression,two_slot_pca38_buffer_regressor_mlp,two_slot38,MLP,all,45,o-salt__p-molecular_weight+concentration,7.799955103601158,272,salt,molecular_weight+concentration,10.353450790155122,2.5534956865539646
regression,two_slot_pca38_buffer_regressor_mlp,two_slot38,MLP,all,45,o-salt__p-functionalization+molecular_weight+concentration,7.528715359317725,272,salt,functionalization+molecular_weight+concentration,10.353450790155122,2.8247354308373973
regression,two_slot_pca38_buffer_regressor_mlp,two_slot38,MLP,all,45,o-buffer__p-empty,10.377022206558694,272,buffer,empty,10.353450790155122,-0.023571416403571632
regression,two_slot_pca38_buffer_regressor_mlp,two_slot38,MLP,all,45,o-buffer__p-functionalization,8.331982865874904,272,buffer,functionalization,10.353450790155122,2.021467924280218
regression,two_slot_pca38_buffer_regressor_mlp,two_slot38,MLP,all,45,o-buffer__p-molecular_weight,9.970336294756677,272,buffer,molecular_weight,10.353450790155122,0.3831144953984449
regression,two_slot_pca38_buffer_regressor_mlp,two_slot38,MLP,all,45,o-buffer__p-concentration,9.280698174389947,272,buffer,concentration,10.353450790155122,1.0727526157651752
regression,two_slot_pca38_buffer_regressor_mlp,two_slot38,MLP,all,45,o-buffer__p-functionalization+molecular_weight,7.657459320881578,272,buffer,functionalization+molecular_weight,10.353450790155122,2.695991469273544
regression,two_slot_pca38_buffer_regressor_mlp,two_slot38,MLP,all,45,o-buffer__p-functionalization+concentration,7.251949884087562,272,buffer,functionalization+concentration,10.353450790155122,3.1015009060675602
regression,two_slot_pca38_buffer_regressor_mlp,two_slot38,MLP,all,45,o-buffer__p-molecular_weight+concentration,8.29335867375608,272,buffer,molecular_weight+concentration,10.353450790155122,2.0600921163990424
regression,two_slot_pca38_buffer_regressor_mlp,two_slot38,MLP,all,45,o-buffer__p-functionalization+molecular_weight+concentration,7.420368085043219,272,buffer,functionalization+molecular_weight+concentration,10.353450790155122,2.933082705111903
regression,two_slot_pca38_buffer_regressor_mlp,two_slot38,MLP,all,45,o-additive+salt__p-empty,7.666967598821219,272,additive+salt,empty,10.353450790155122,2.6864831913339033
regression,two_slot_pca38_buffer_regressor_mlp,two_slot38,MLP,all,45,o-additive+salt__p-functionalization,6.730109063367048,272,additive+salt,functionalization,10.353450790155122,3.623341726788074
regression,two_slot_pca38_buffer_regressor_mlp,two_slot38,MLP,all,45,o-additive+salt__p-molecular_weight,6.9371465102692875,272,additive+salt,molecular_weight,10.353450790155122,3.4163042798858347
regression,two_slot_pca38_buffer_regressor_mlp,two_slot38,MLP,all,45,o-additive+salt__p-concentration,7.361106274091646,272,additive+salt,concentration,10.353450790155122,2.9923445160634765
regression,two_slot_pca38_buffer_regressor_mlp,two_slot38,MLP,all,45,o-additive+salt__p-functionalization+molecular_weight,6.507935023949347,272,additive+salt,functionalization+molecular_weight,10.353450790155122,3.845515766205775
regression,two_slot_pca38_buffer_regressor_mlp,two_slot38,MLP,all,45,o-additive+salt__p-functionalization+concentration,6.868633902318903,272,additive+salt,functionalization+concentration,10.353450790155122,3.484816887836219
regression,two_slot_pca38_buffer_regressor_mlp,two_slot38,MLP,all,45,o-additive+salt__p-molecular_weight+concentration,6.763550629098192,272,additive+salt,molecular_weight+concentration,10.353450790155122,3.5899001610569305
regression,two_slot_pca38_buffer_regressor_mlp,two_slot38,MLP,all,45,o-additive+salt__p-functionalization+molecular_weight+concentration,5.599511102706459,272,additive+salt,functionalization+molecular_weight+concentration,10.353450790155122,4.753939687448663
regression,two_slot_pca38_buffer_regressor_mlp,two_slot38,MLP,all,45,o-additive+buffer__p-empty,9.91235719546792,272,additive+buffer,empty,10.353450790155122,0.441093594687203
regression,two_slot_pca38_buffer_regressor_mlp,two_slot38,MLP,all,45,o-additive+buffer__p-functionalization,8.484512166080668,272,additive+buffer,functionalization,10.353450790155122,1.8689386240744543
regression,two_slot_pca38_buffer_regressor_mlp,two_slot38,MLP,all,45,o-additive+buffer__p-molecular_weight,9.644666533171662,272,additive+buffer,molecular_weight,10.353450790155122,0.7087842569834599
regression,two_slot_pca38_buffer_regressor_mlp,two_slot38,MLP,all,45,o-additive+buffer__p-concentration,9.335735291475343,272,additive+buffer,concentration,10.353450790155122,1.0177154986797792
regression,two_slot_pca38_buffer_regressor_mlp,two_slot38,MLP,all,45,o-additive+buffer__p-functionalization+molecular_weight,8.776886461927884,272,additive+buffer,functionalization+molecular_weight,10.353450790155122,1.5765643282272386
regression,two_slot_pca38_buffer_regressor_mlp,two_slot38,MLP,all,45,o-additive+buffer__p-functionalization+concentration,8.558971004158744,272,additive+buffer,functionalization+concentration,10.353450790155122,1.7944797859963781
regression,two_slot_pca38_buffer_regressor_mlp,two_slot38,MLP,all,45,o-additive+buffer__p-molecular_weight+concentration,8.891095445680353,272,additive+buffer,molecular_weight+concentration,10.353450790155122,1.4623553444747692
regression,two_slot_pca38_buffer_regressor_mlp,two_slot38,MLP,all,45,o-additive+buffer__p-functionalization+molecular_weight+concentration,7.431085328881984,272,additive+buffer,functionalization+molecular_weight+concentration,10.353450790155122,2.922365461273138
regression,two_slot_pca38_buffer_regressor_mlp,two_slot38,MLP,all,45,o-salt+buffer__p-empty,8.130401886431484,272,salt+buffer,empty,10.353450790155122,2.2230489037236385
regression,two_slot_pca38_buffer_regressor_mlp,two_slot38,MLP,all,45,o-salt+buffer__p-functionalization,8.343428125526438,272,salt+buffer,functionalization,10.353450790155122,2.010022664628684
regression,two_slot_pca38_buffer_regressor_mlp,two_slot38,MLP,all,45,o-salt+buffer__p-molecular_weight,8.117664217528922,272,salt+buffer,molecular_weight,10.353450790155122,2.2357865726262
regression,two_slot_pca38_buffer_regressor_mlp,two_slot38,MLP,all,45,o-salt+buffer__p-concentration,8.25868013754535,272,salt+buffer,concentration,10.353450790155122,2.094770652609773
regression,two_slot_pca38_buffer_regressor_mlp,two_slot38,MLP,all,45,o-salt+buffer__p-functionalization+molecular_weight,7.998560470268454,272,salt+buffer,functionalization+molecular_weight,10.353450790155122,2.3548903198866684
regression,two_slot_pca38_buffer_regressor_mlp,two_slot38,MLP,all,45,o-salt+buffer__p-functionalization+concentration,8.156123259697829,272,salt+buffer,functionalization+concentration,10.353450790155122,2.1973275304572937
regression,two_slot_pca38_buffer_regressor_mlp,two_slot38,MLP,all,45,o-salt+buffer__p-molecular_weight+concentration,8.042884296421805,272,salt+buffer,molecular_weight+concentration,10.353450790155122,2.310566493733317
regression,two_slot_pca38_buffer_regressor_mlp,two_slot38,MLP,all,45,o-salt+buffer__p-functionalization+molecular_weight+concentration,7.58592313602933,272,salt+buffer,functionalization+molecular_weight+concentration,10.353450790155122,2.767527654125792
regression,two_slot_pca38_buffer_regressor_mlp,two_slot38,MLP,all,45,o-additive+salt+buffer__p-empty,7.695720244022311,272,additive+salt+buffer,empty,10.353450790155122,2.657730546132811
regression,two_slot_pca38_buffer_regressor_mlp,two_slot38,MLP,all,45,o-additive+salt+buffer__p-functionalization,7.500634037925461,272,additive+salt+buffer,functionalization,10.353450790155122,2.8528167522296615
regression,two_slot_pca38_buffer_regressor_mlp,two_slot38,MLP,all,45,o-additive+salt+buffer__p-molecular_weight,7.54636834346033,272,additive+salt+buffer,molecular_weight,10.353450790155122,2.8070824466947926
regression,two_slot_pca38_buffer_regressor_mlp,two_slot38,MLP,all,45,o-additive+salt+buffer__p-concentration,7.616925371495783,272,additive+salt+buffer,concentration,10.353450790155122,2.7365254186593395
regression,two_slot_pca38_buffer_regressor_mlp,two_slot38,MLP,all,45,o-additive+salt+buffer__p-functionalization+molecular_weight,6.628187257076861,272,additive+salt+buffer,functionalization+molecular_weight,10.353450790155122,3.7252635330782615
regression,two_slot_pca38_buffer_regressor_mlp,two_slot38,MLP,all,45,o-additive+salt+buffer__p-functionalization+concentration,7.0172364578031,272,additive+salt+buffer,functionalization+concentration,10.353450790155122,3.3362143323520224
regression,two_slot_pca38_buffer_regressor_mlp,two_slot38,MLP,all,45,o-additive+salt+buffer__p-molecular_weight+concentration,6.581021874603336,272,additive+salt+buffer,molecular_weight+concentration,10.353450790155122,3.772428915551786
regression,two_slot_pca38_buffer_regressor_mlp,two_slot38,MLP,all,45,o-additive+salt+buffer__p-functionalization+molecular_weight+concentration,6.185415055574754,272,additive+salt+buffer,functionalization+molecular_weight+concentration,10.353450790155122,4.168035734580369
regression,two_slot_pca38_buffer_regressor_mlp,two_slot38,MLP,all,46,o-empty__p-empty,10.380226902829362,272,empty,empty,10.380226902829362,0.0
regression,two_slot_pca38_buffer_regressor_mlp,two_slot38,MLP,all,46,o-empty__p-functionalization,8.049878842320204,272,empty,functionalization,10.380226902829362,2.3303480605091575
regression,two_slot_pca38_buffer_regressor_mlp,two_slot38,MLP,all,46,o-empty__p-molecular_weight,8.96001756033798,272,empty,molecular_weight,10.380226902829362,1.4202093424913826
regression,two_slot_pca38_buffer_regressor_mlp,two_slot38,MLP,all,46,o-empty__p-concentration,9.16574900478848,272,empty,concentration,10.380226902829362,1.2144778980408812
regression,two_slot_pca38_buffer_regressor_mlp,two_slot38,MLP,all,46,o-empty__p-functionalization+molecular_weight,7.575105599221998,272,empty,functionalization+molecular_weight,10.380226902829362,2.805121303607364
regression,two_slot_pca38_buffer_regressor_mlp,two_slot38,MLP,all,46,o-empty__p-functionalization+concentration,7.633529074250398,272,empty,functionalization+concentration,10.380226902829362,2.746697828578964
regression,two_slot_pca38_buffer_regressor_mlp,two_slot38,MLP,all,46,o-empty__p-molecular_weight+concentration,7.891037607912538,272,empty,molecular_weight+concentration,10.380226902829362,2.489189294916824
regression,two_slot_pca38_buffer_regressor_mlp,two_slot38,MLP,all,46,o-empty__p-functionalization+molecular_weight+concentration,6.721747903862476,272,empty,functionalization+molecular_weight+concentration,10.380226902829362,3.6584789989668858
regression,two_slot_pca38_buffer_regressor_mlp,two_slot38,MLP,all,46,o-additive__p-empty,10.244092595339788,272,additive,empty,10.380226902829362,0.13613430748957356
regression,two_slot_pca38_buffer_regressor_mlp,two_slot38,MLP,all,46,o-additive__p-functionalization,8.581195164278592,272,additive,functionalization,10.380226902829362,1.7990317385507701
regression,two_slot_pca38_buffer_regressor_mlp,two_slot38,MLP,all,46,o-additive__p-molecular_weight,10.14928313257125,272,additive,molecular_weight,10.380226902829362,0.2309437702581114
regression,two_slot_pca38_buffer_regressor_mlp,two_slot38,MLP,all,46,o-additive__p-concentration,9.181170493131509,272,additive,concentration,10.380226902829362,1.199056409697853
regression,two_slot_pca38_buffer_regressor_mlp,two_slot38,MLP,all,46,o-additive__p-functionalization+molecular_weight,7.625795358822942,272,additive,functionalization+molecular_weight,10.380226902829362,2.7544315440064198
regression,two_slot_pca38_buffer_regressor_mlp,two_slot38,MLP,all,46,o-additive__p-functionalization+concentration,8.198675662861364,272,additive,functionalization+concentration,10.380226902829362,2.181551239967998
regression,two_slot_pca38_buffer_regressor_mlp,two_slot38,MLP,all,46,o-additive__p-molecular_weight+concentration,8.414902050254335,272,additive,molecular_weight+concentration,10.380226902829362,1.9653248525750264
regression,two_slot_pca38_buffer_regressor_mlp,two_slot38,MLP,all,46,o-additive__p-functionalization+molecular_weight+concentration,6.478751350729214,272,additive,functionalization+molecular_weight+concentration,10.380226902829362,3.9014755521001483
regression,two_slot_pca38_buffer_regressor_mlp,two_slot38,MLP,all,46,o-salt__p-empty,8.204391496798621,272,salt,empty,10.380226902829362,2.1758354060307408
regression,two_slot_pca38_buffer_regressor_mlp,two_slot38,MLP,all,46,o-salt__p-functionalization,7.687131757773915,272,salt,functionalization,10.380226902829362,2.6930951450554472
regression,two_slot_pca38_buffer_regressor_mlp,two_slot38,MLP,all,46,o-salt__p-molecular_weight,7.994082993542338,272,salt,molecular_weight,10.380226902829362,2.386143909287024
regression,two_slot_pca38_buffer_regressor_mlp,two_slot38,MLP,all,46,o-salt__p-concentration,8.170565351591076,272,salt,concentration,10.380226902829362,2.209661551238286
regression,two_slot_pca38_buffer_regressor_mlp,two_slot38,MLP,all,46,o-salt__p-functionalization+molecular_weight,6.995028833626109,272,salt,functionalization+molecular_weight,10.380226902829362,3.385198069203253
regression,two_slot_pca38_buffer_regressor_mlp,two_slot38,MLP,all,46,o-salt__p-functionalization+concentration,7.49550660306469,272,salt,functionalization+concentration,10.380226902829362,2.8847202997646715
regression,two_slot_pca38_buffer_regressor_mlp,two_slot38,MLP,all,46,o-salt__p-molecular_weight+concentration,7.569755660710454,272,salt,molecular_weight+concentration,10.380226902829362,2.8104712421189078
regression,two_slot_pca38_buffer_regressor_mlp,two_slot38,MLP,all,46,o-salt__p-functionalization+molecular_weight+concentration,6.512820963236379,272,salt,functionalization+molecular_weight+concentration,10.380226902829362,3.8674059395929827
regression,two_slot_pca38_buffer_regressor_mlp,two_slot38,MLP,all,46,o-buffer__p-empty,10.248756413087609,272,buffer,empty,10.380226902829362,0.13147048974175313
regression,two_slot_pca38_buffer_regressor_mlp,two_slot38,MLP,all,46,o-buffer__p-functionalization,7.56716597065314,272,buffer,functionalization,10.380226902829362,2.8130609321762217
regression,two_slot_pca38_buffer_regressor_mlp,two_slot38,MLP,all,46,o-buffer__p-molecular_weight,9.432165739687186,272,buffer,molecular_weight,10.380226902829362,0.9480611631421763
regression,two_slot_pca38_buffer_regressor_mlp,two_slot38,MLP,all,46,o-buffer__p-concentration,8.929217868132797,272,buffer,concentration,10.380226902829362,1.4510090346965647
regression,two_slot_pca38_buffer_regressor_mlp,two_slot38,MLP,all,46,o-buffer__p-functionalization+molecular_weight,7.174283563073157,272,buffer,functionalization+molecular_weight,10.380226902829362,3.205943339756205
regression,two_slot_pca38_buffer_regressor_mlp,two_slot38,MLP,all,46,o-buffer__p-functionalization+concentration,7.134269766161996,272,buffer,functionalization+concentration,10.380226902829362,3.245957136667366
regression,two_slot_pca38_buffer_regressor_mlp,two_slot38,MLP,all,46,o-buffer__p-molecular_weight+concentration,8.229307074697196,272,buffer,molecular_weight+concentration,10.380226902829362,2.1509198281321655
regression,two_slot_pca38_buffer_regressor_mlp,two_slot38,MLP,all,46,o-buffer__p-functionalization+molecular_weight+concentration,6.384657497086279,272,buffer,functionalization+molecular_weight+concentration,10.380226902829362,3.9955694057430833
regression,two_slot_pca38_buffer_regressor_mlp,two_slot38,MLP,all,46,o-additive+salt__p-empty,7.713243069543353,272,additive+salt,empty,10.380226902829362,2.666983833286009
regression,two_slot_pca38_buffer_regressor_mlp,two_slot38,MLP,all,46,o-additive+salt__p-functionalization,6.7742853940699375,272,additive+salt,functionalization,10.380226902829362,3.6059415087594244
regression,two_slot_pca38_buffer_regressor_mlp,two_slot38,MLP,all,46,o-additive+salt__p-molecular_weight,7.325919091444379,272,additive+salt,molecular_weight,10.380226902829362,3.054307811384983
regression,two_slot_pca38_buffer_regressor_mlp,two_slot38,MLP,all,46,o-additive+salt__p-concentration,7.495615121326376,272,additive+salt,concentration,10.380226902829362,2.8846117815029855
regression,two_slot_pca38_buffer_regressor_mlp,two_slot38,MLP,all,46,o-additive+salt__p-functionalization+molecular_weight,6.07506550950225,272,additive+salt,functionalization+molecular_weight,10.380226902829362,4.305161393327112
regression,two_slot_pca38_buffer_regressor_mlp,two_slot38,MLP,all,46,o-additive+salt__p-functionalization+concentration,6.85545850425901,272,additive+salt,functionalization+concentration,10.380226902829362,3.5247683985703517
regression,two_slot_pca38_buffer_regressor_mlp,two_slot38,MLP,all,46,o-additive+salt__p-molecular_weight+concentration,7.0975543246531005,272,additive+salt,molecular_weight+concentration,10.380226902829362,3.2826725781762613
regression,two_slot_pca38_buffer_regressor_mlp,two_slot38,MLP,all,46,o-additive+salt__p-functionalization+molecular_weight+concentration,5.511406174458084,272,additive+salt,functionalization+molecular_weight+concentration,10.380226902829362,4.868820728371278
regression,two_slot_pca38_buffer_regressor_mlp,two_slot38,MLP,all,46,o-additive+buffer__p-empty,9.65005841833581,272,additive+buffer,empty,10.380226902829362,0.7301684844935519
regression,two_slot_pca38_buffer_regressor_mlp,two_slot38,MLP,all,46,o-additive+buffer__p-functionalization,8.26064365090715,272,additive+buffer,functionalization,10.380226902829362,2.1195832519222115
regression,two_slot_pca38_buffer_regressor_mlp,two_slot38,MLP,all,46,o-additive+buffer__p-molecular_weight,9.350766899077627,272,additive+buffer,molecular_weight,10.380226902829362,1.0294600037517352
regression,two_slot_pca38_buffer_regressor_mlp,two_slot38,MLP,all,46,o-additive+buffer__p-concentration,9.19391276293765,272,additive+buffer,concentration,10.380226902829362,1.1863141398917119
regression,two_slot_pca38_buffer_regressor_mlp,two_slot38,MLP,all,46,o-additive+buffer__p-functionalization+molecular_weight,8.465759784130617,272,additive+buffer,functionalization+molecular_weight,10.380226902829362,1.9144671186987452
regression,two_slot_pca38_buffer_regressor_mlp,two_slot38,MLP,all,46,o-additive+buffer__p-functionalization+concentration,7.370114833639231,272,additive+buffer,functionalization+concentration,10.380226902829362,3.0101120691901313
regression,two_slot_pca38_buffer_regressor_mlp,two_slot38,MLP,all,46,o-additive+buffer__p-molecular_weight+concentration,8.603126698869492,272,additive+buffer,molecular_weight+concentration,10.380226902829362,1.7771002039598702
regression,two_slot_pca38_buffer_regressor_mlp,two_slot38,MLP,all,46,o-additive+buffer__p-functionalization+molecular_weight+concentration,6.256388964213482,272,additive+buffer,functionalization+molecular_weight+concentration,10.380226902829362,4.12383793861588
regression,two_slot_pca38_buffer_regressor_mlp,two_slot38,MLP,all,46,o-salt+buffer__p-empty,8.096334372007293,272,salt+buffer,empty,10.380226902829362,2.283892530822069
regression,two_slot_pca38_buffer_regressor_mlp,two_slot38,MLP,all,46,o-salt+buffer__p-functionalization,7.5602778912871065,272,salt+buffer,functionalization,10.380226902829362,2.8199490115422554
regression,two_slot_pca38_buffer_regressor_mlp,two_slot38,MLP,all,46,o-salt+buffer__p-molecular_weight,7.90545358830747,272,salt+buffer,molecular_weight,10.380226902829362,2.474773314521892
regression,two_slot_pca38_buffer_regressor_mlp,two_slot38,MLP,all,46,o-salt+buffer__p-concentration,7.979283481104022,272,salt+buffer,concentration,10.380226902829362,2.40094342172534
regression,two_slot_pca38_buffer_regressor_mlp,two_slot38,MLP,all,46,o-salt+buffer__p-functionalization+molecular_weight,7.096407456878517,272,salt+buffer,functionalization+molecular_weight,10.380226902829362,3.2838194459508445
regression,two_slot_pca38_buffer_regressor_mlp,two_slot38,MLP,all,46,o-salt+buffer__p-functionalization+concentration,7.502513658009247,272,salt+buffer,functionalization+concentration,10.380226902829362,2.8777132448201153
regression,two_slot_pca38_buffer_regressor_mlp,two_slot38,MLP,all,46,o-salt+buffer__p-molecular_weight+concentration,7.621920463423424,272,salt+buffer,molecular_weight+concentration,10.380226902829362,2.7583064394059376
regression,two_slot_pca38_buffer_regressor_mlp,two_slot38,MLP,all,46,o-salt+buffer__p-functionalization+molecular_weight+concentration,6.287921634927891,272,salt+buffer,functionalization+molecular_weight+concentration,10.380226902829362,4.092305267901471
regression,two_slot_pca38_buffer_regressor_mlp,two_slot38,MLP,all,46,o-additive+salt+buffer__p-empty,7.146171551947513,272,additive+salt+buffer,empty,10.380226902829362,3.2340553508818486
regression,two_slot_pca38_buffer_regressor_mlp,two_slot38,MLP,all,46,o-additive+salt+buffer__p-functionalization,6.395190413231866,272,additive+salt+buffer,functionalization,10.380226902829362,3.985036489597496
regression,two_slot_pca38_buffer_regressor_mlp,two_slot38,MLP,all,46,o-additive+salt+buffer__p-molecular_weight,6.908117149583634,272,additive+salt+buffer,molecular_weight,10.380226902829362,3.4721097532457277
regression,two_slot_pca38_buffer_regressor_mlp,two_slot38,MLP,all,46,o-additive+salt+buffer__p-concentration,7.303725594228147,272,additive+salt+buffer,concentration,10.380226902829362,3.076501308601215
regression,two_slot_pca38_buffer_regressor_mlp,two_slot38,MLP,all,46,o-additive+salt+buffer__p-functionalization+molecular_weight,5.434569662755302,272,additive+salt+buffer,functionalization+molecular_weight,10.380226902829362,4.94565724007406
regression,two_slot_pca38_buffer_regressor_mlp,two_slot38,MLP,all,46,o-additive+salt+buffer__p-functionalization+concentration,6.072257366109339,272,additive+salt+buffer,functionalization+concentration,10.380226902829362,4.307969536720023
regression,two_slot_pca38_buffer_regressor_mlp,two_slot38,MLP,all,46,o-additive+salt+buffer__p-molecular_weight+concentration,6.500442862019534,272,additive+salt+buffer,molecular_weight+concentration,10.380226902829362,3.8797840408098283
regression,two_slot_pca38_buffer_regressor_mlp,two_slot38,MLP,all,46,o-additive+salt+buffer__p-functionalization+molecular_weight+concentration,4.690087355580852,272,additive+salt+buffer,functionalization+molecular_weight+concentration,10.380226902829362,5.69013954724851
classification,descriptor24_buffer_classifier_xgboost,descriptor24,XGBoost,all,42,o-empty__p-empty,0.8247393937014352,403,empty,empty,0.8247393937014352,0.0
classification,descriptor24_buffer_classifier_xgboost,descriptor24,XGBoost,all,42,o-empty__p-functionalization,0.7117593521150033,403,empty,functionalization,0.8247393937014352,0.11298004158643193
classification,descriptor24_buffer_classifier_xgboost,descriptor24,XGBoost,all,42,o-empty__p-molecular_weight,0.7435354109277231,403,empty,molecular_weight,0.8247393937014352,0.0812039827737121
classification,descriptor24_buffer_classifier_xgboost,descriptor24,XGBoost,all,42,o-empty__p-concentration,0.6713487429928003,403,empty,concentration,0.8247393937014352,0.1533906507086349
classification,descriptor24_buffer_classifier_xgboost,descriptor24,XGBoost,all,42,o-empty__p-functionalization+molecular_weight,0.7209418855218904,403,empty,functionalization+molecular_weight,0.8247393937014352,0.1037975081795448
classification,descriptor24_buffer_classifier_xgboost,descriptor24,XGBoost,all,42,o-empty__p-functionalization+concentration,0.6646510899731216,403,empty,functionalization+concentration,0.8247393937014352,0.16008830372831362
classification,descriptor24_buffer_classifier_xgboost,descriptor24,XGBoost,all,42,o-empty__p-molecular_weight+concentration,0.6862022534297365,403,empty,molecular_weight+concentration,0.8247393937014352,0.13853714027169872
classification,descriptor24_buffer_classifier_xgboost,descriptor24,XGBoost,all,42,o-empty__p-functionalization+molecular_weight+concentration,0.6782100669834991,403,empty,functionalization+molecular_weight+concentration,0.8247393937014352,0.14652932671793617
classification,descriptor24_buffer_classifier_xgboost,descriptor24,XGBoost,all,42,o-additive__p-empty,0.5257105795153049,403,additive,empty,0.8247393937014352,0.29902881418613037
classification,descriptor24_buffer_classifier_xgboost,descriptor24,XGBoost,all,42,o-additive__p-functionalization,0.4097216232595304,403,additive,functionalization,0.8247393937014352,0.41501777044190485
classification,descriptor24_buffer_classifier_xgboost,descriptor24,XGBoost,all,42,o-additive__p-molecular_weight,0.45082094425661623,403,additive,molecular_weight,0.8247393937014352,0.373918449444819
classification,descriptor24_buffer_classifier_xgboost,descriptor24,XGBoost,all,42,o-additive__p-concentration,0.38868979862096525,403,additive,concentration,0.8247393937014352,0.43604959508047
classification,descriptor24_buffer_classifier_xgboost,descriptor24,XGBoost,all,42,o-additive__p-functionalization+molecular_weight,0.4255509255683396,403,additive,functionalization+molecular_weight,0.8247393937014352,0.3991884681330956
classification,descriptor24_buffer_classifier_xgboost,descriptor24,XGBoost,all,42,o-additive__p-functionalization+concentration,0.36841231980349776,403,additive,functionalization+concentration,0.8247393937014352,0.4563270738979375
classification,descriptor24_buffer_classifier_xgboost,descriptor24,XGBoost,all,42,o-additive__p-molecular_weight+concentration,0.3849209545412581,403,additive,molecular_weight+concentration,0.8247393937014352,0.43981843916017715
classification,descriptor24_buffer_classifier_xgboost,descriptor24,XGBoost,all,42,o-additive__p-functionalization+molecular_weight+concentration,0.36352969607374436,403,additive,functionalization+molecular_weight+concentration,0.8247393937014352,0.4612096976276909
classification,descriptor24_buffer_classifier_xgboost,descriptor24,XGBoost,all,42,o-salt__p-empty,0.8199049133954915,403,salt,empty,0.8247393937014352,0.004834480305943689
classification,descriptor24_buffer_classifier_xgboost,descriptor24,XGBoost,all,42,o-salt__p-functionalization,0.7274647681379268,403,salt,functionalization,0.8247393937014352,0.09727462556350841
classification,descriptor24_buffer_classifier_xgboost,descriptor24,XGBoost,all,42,o-salt__p-molecular_weight,0.7434977298614047,403,salt,molecular_weight,0.8247393937014352,0.08124166384003051
classification,descriptor24_buffer_classifier_xgboost,descriptor24,XGBoost,all,42,o-salt__p-concentration,0.6923865298899956,403,salt,concentration,0.8247393937014352,0.13235286381143962
classification,descriptor24_buffer_classifier_xgboost,descriptor24,XGBoost,all,42,o-salt__p-functionalization+molecular_weight,0.7366045388896688,403,salt,functionalization+molecular_weight,0.8247393937014352,0.08813485481176642
classification,descriptor24_buffer_classifier_xgboost,descriptor24,XGBoost,all,42,o-salt__p-functionalization+concentration,0.6917802978394294,403,salt,functionalization+concentration,0.8247393937014352,0.13295909586200583
classification,descriptor24_buffer_classifier_xgboost,descriptor24,XGBoost,all,42,o-salt__p-molecular_weight+concentration,0.7031730003830796,403,salt,molecular_weight+concentration,0.8247393937014352,0.12156639331835561
classification,descriptor24_buffer_classifier_xgboost,descriptor24,XGBoost,all,42,o-salt__p-functionalization+molecular_weight+concentration,0.7015979230879292,403,salt,functionalization+molecular_weight+concentration,0.8247393937014352,0.123141470613506
classification,descriptor24_buffer_classifier_xgboost,descriptor24,XGBoost,all,42,o-buffer__p-empty,0.8209050619255999,403,buffer,empty,0.8247393937014352,0.0038343317758353646
classification,descriptor24_buffer_classifier_xgboost,descriptor24,XGBoost,all,42,o-buffer__p-functionalization,0.7101620855225331,403,buffer,functionalization,0.8247393937014352,0.1145773081789021
classification,descriptor24_buffer_classifier_xgboost,descriptor24,XGBoost,all,42,o-buffer__p-molecular_weight,0.7381042525027741,403,buffer,molecular_weight,0.8247393937014352,0.08663514119866111
classification,descriptor24_buffer_classifier_xgboost,descriptor24,XGBoost,all,42,o-buffer__p-concentration,0.6739706069428765,403,buffer,concentration,0.8247393937014352,0.15076878675855876
classification,descriptor24_buffer_classifier_xgboost,descriptor24,XGBoost,all,42,o-buffer__p-functionalization+molecular_weight,0.700818813265959,403,buffer,functionalization+molecular_weight,0.8247393937014352,0.12392058043547627
classification,descriptor24_buffer_classifier_xgboost,descriptor24,XGBoost,all,42,o-buffer__p-functionalization+concentration,0.6334821955317064,403,buffer,functionalization+concentration,0.8247393937014352,0.19125719816972886
classification,descriptor24_buffer_classifier_xgboost,descriptor24,XGBoost,all,42,o-buffer__p-molecular_weight+concentration,0.6624897022397298,403,buffer,molecular_weight+concentration,0.8247393937014352,0.16224969146170543
classification,descriptor24_buffer_classifier_xgboost,descriptor24,XGBoost,all,42,o-buffer__p-functionalization+molecular_weight+concentration,0.6534909520783377,403,buffer,functionalization+molecular_weight+concentration,0.8247393937014352,0.1712484416230975
classification,descriptor24_buffer_classifier_xgboost,descriptor24,XGBoost,all,42,o-additive+salt__p-empty,0.4790547822963566,403,additive+salt,empty,0.8247393937014352,0.3456846114050786
classification,descriptor24_buffer_classifier_xgboost,descriptor24,XGBoost,all,42,o-additive+salt__p-functionalization,0.3567447015353808,403,additive+salt,functionalization,0.8247393937014352,0.46799469216605444
classification,descriptor24_buffer_classifier_xgboost,descriptor24,XGBoost,all,42,o-additive+salt__p-molecular_weight,0.36587855417659143,403,additive+salt,molecular_weight,0.8247393937014352,0.4588608395248438
classification,descriptor24_buffer_classifier_xgboost,descriptor24,XGBoost,all,42,o-additive+salt__p-concentration,0.3383057261029186,403,additive+salt,concentration,0.8247393937014352,0.48643366759851664
classification,descriptor24_buffer_classifier_xgboost,descriptor24,XGBoost,all,42,o-additive+salt__p-functionalization+molecular_weight,0.3551329562318976,403,additive+salt,functionalization+molecular_weight,0.8247393937014352,0.4696064374695376
classification,descriptor24_buffer_classifier_xgboost,descriptor24,XGBoost,all,42,o-additive+salt__p-functionalization+concentration,0.3357399653178664,403,additive+salt,functionalization+concentration,0.8247393937014352,0.48899942838356886
classification,descriptor24_buffer_classifier_xgboost,descriptor24,XGBoost,all,42,o-additive+salt__p-molecular_weight+concentration,0.33872845582877253,403,additive+salt,molecular_weight+concentration,0.8247393937014352,0.4860109378726627
classification,descriptor24_buffer_classifier_xgboost,descriptor24,XGBoost,all,42,o-additive+salt__p-functionalization+molecular_weight+concentration,0.323561586119634,403,additive+salt,functionalization+molecular_weight+concentration,0.8247393937014352,0.5011778075818012
classification,descriptor24_buffer_classifier_xgboost,descriptor24,XGBoost,all,42,o-additive+buffer__p-empty,0.528022372951894,403,additive+buffer,empty,0.8247393937014352,0.2967170207495412
classification,descriptor24_buffer_classifier_xgboost,descriptor24,XGBoost,all,42,o-additive+buffer__p-functionalization,0.36120949733358376,403,additive+buffer,functionalization,0.8247393937014352,0.46352989636785147
classification,descriptor24_buffer_classifier_xgboost,descriptor24,XGBoost,all,42,o-additive+buffer__p-molecular_weight,0.40840230148769546,403,additive+buffer,molecular_weight,0.8247393937014352,0.41633709221373977
classification,descriptor24_buffer_classifier_xgboost,descriptor24,XGBoost,all,42,o-additive+buffer__p-concentration,0.3446154515993197,403,additive+buffer,concentration,0.8247393937014352,0.4801239421021155
classification,descriptor24_buffer_classifier_xgboost,descriptor24,XGBoost,all,42,o-additive+buffer__p-functionalization+molecular_weight,0.383993202793423,403,additive+buffer,functionalization+molecular_weight,0.8247393937014352,0.4407461909080122
classification,descriptor24_buffer_classifier_xgboost,descriptor24,XGBoost,all,42,o-additive+buffer__p-functionalization+concentration,0.3166200868570314,403,additive+buffer,functionalization+concentration,0.8247393937014352,0.5081193068444039
classification,descriptor24_buffer_classifier_xgboost,descriptor24,XGBoost,all,42,o-additive+buffer__p-molecular_weight+concentration,0.3389468274282566,403,additive+buffer,molecular_weight+concentration,0.8247393937014352,0.4857925662731786
classification,descriptor24_buffer_classifier_xgboost,descriptor24,XGBoost,all,42,o-additive+buffer__p-functionalization+molecular_weight+concentration,0.3128859488712484,403,additive+buffer,functionalization+molecular_weight+concentration,0.8247393937014352,0.5118534448301868
classification,descriptor24_buffer_classifier_xgboost,descriptor24,XGBoost,all,42,o-salt+buffer__p-empty,0.8128319886003221,403,salt+buffer,empty,0.8247393937014352,0.0119074051011131
classification,descriptor24_buffer_classifier_xgboost,descriptor24,XGBoost,all,42,o-salt+buffer__p-functionalization,0.7047538448405571,403,salt+buffer,functionalization,0.8247393937014352,0.11998554886087809
classification,descriptor24_buffer_classifier_xgboost,descriptor24,XGBoost,all,42,o-salt+buffer__p-molecular_weight,0.7227693598467372,403,salt+buffer,molecular_weight,0.8247393937014352,0.10197003385469805
classification,descriptor24_buffer_classifier_xgboost,descriptor24,XGBoost,all,42,o-salt+buffer__p-concentration,0.6754103198906256,403,salt+buffer,concentration,0.8247393937014352,0.14932907381080962
classification,descriptor24_buffer_classifier_xgboost,descriptor24,XGBoost,all,42,o-salt+buffer__p-functionalization+molecular_weight,0.7162028827697408,403,salt+buffer,functionalization+molecular_weight,0.8247393937014352,0.10853651093169447
classification,descriptor24_buffer_classifier_xgboost,descriptor24,XGBoost,all,42,o-salt+buffer__p-functionalization+concentration,0.6736746565141953,403,salt+buffer,functionalization+concentration,0.8247393937014352,0.1510647371872399
classification,descriptor24_buffer_classifier_xgboost,descriptor24,XGBoost,all,42,o-salt+buffer__p-molecular_weight+concentration,0.6848817052411453,403,salt+buffer,molecular_weight+concentration,0.8247393937014352,0.1398576884602899
classification,descriptor24_buffer_classifier_xgboost,descriptor24,XGBoost,all,42,o-salt+buffer__p-functionalization+molecular_weight+concentration,0.6828857459058698,403,salt+buffer,functionalization+molecular_weight+concentration,0.8247393937014352,0.14185364779556542
classification,descriptor24_buffer_classifier_xgboost,descriptor24,XGBoost,all,42,o-additive+salt+buffer__p-empty,0.47731743148628686,403,additive+salt+buffer,empty,0.8247393937014352,0.34742196221514837
classification,descriptor24_buffer_classifier_xgboost,descriptor24,XGBoost,all,42,o-additive+salt+buffer__p-functionalization,0.32270444093576606,403,additive+salt+buffer,functionalization,0.8247393937014352,0.5020349527656691
classification,descriptor24_buffer_classifier_xgboost,descriptor24,XGBoost,all,42,o-additive+salt+buffer__p-molecular_weight,0.3397718368488344,403,additive+salt+buffer,molecular_weight,0.8247393937014352,0.48496755685260085
classification,descriptor24_buffer_classifier_xgboost,descriptor24,XGBoost,all,42,o-additive+salt+buffer__p-concentration,0.30380987030921114,403,additive+salt+buffer,concentration,0.8247393937014352,0.5209295233922241
classification,descriptor24_buffer_classifier_xgboost,descriptor24,XGBoost,all,42,o-additive+salt+buffer__p-functionalization+molecular_weight,0.32579743297782876,403,additive+salt+buffer,functionalization+molecular_weight,0.8247393937014352,0.49894196072360647
classification,descriptor24_buffer_classifier_xgboost,descriptor24,XGBoost,all,42,o-additive+salt+buffer__p-functionalization+concentration,0.29963479856638214,403,additive+salt+buffer,functionalization+concentration,0.8247393937014352,0.525104595135053
classification,descriptor24_buffer_classifier_xgboost,descriptor24,XGBoost,all,42,o-additive+salt+buffer__p-molecular_weight+concentration,0.30479820817553255,403,additive+salt+buffer,molecular_weight+concentration,0.8247393937014352,0.5199411855259026
classification,descriptor24_buffer_classifier_xgboost,descriptor24,XGBoost,all,42,o-additive+salt+buffer__p-functionalization+molecular_weight+concentration,0.2890321076328504,403,additive+salt+buffer,functionalization+molecular_weight+concentration,0.8247393937014352,0.5357072860685848
classification,descriptor24_buffer_classifier_xgboost,descriptor24,XGBoost,all,43,o-empty__p-empty,0.8248171937476079,403,empty,empty,0.8248171937476079,0.0
classification,descriptor24_buffer_classifier_xgboost,descriptor24,XGBoost,all,43,o-empty__p-functionalization,0.7117188404519406,403,empty,functionalization,0.8248171937476079,0.11309835329566731
classification,descriptor24_buffer_classifier_xgboost,descriptor24,XGBoost,all,43,o-empty__p-molecular_weight,0.7380697554360123,403,empty,molecular_weight,0.8248171937476079,0.08674743831159559
classification,descriptor24_buffer_classifier_xgboost,descriptor24,XGBoost,all,43,o-empty__p-concentration,0.6693579994004742,403,empty,concentration,0.8248171937476079,0.15545919434713362
classification,descriptor24_buffer_classifier_xgboost,descriptor24,XGBoost,all,43,o-empty__p-functionalization+molecular_weight,0.7183135795952666,403,empty,functionalization+molecular_weight,0.8248171937476079,0.10650361415234122
classification,descriptor24_buffer_classifier_xgboost,descriptor24,XGBoost,all,43,o-empty__p-functionalization+concentration,0.6656299498167336,403,empty,functionalization+concentration,0.8248171937476079,0.15918724393087424
classification,descriptor24_buffer_classifier_xgboost,descriptor24,XGBoost,all,43,o-empty__p-molecular_weight+concentration,0.6847648241171809,403,empty,molecular_weight+concentration,0.8248171937476079,0.140052369630427
classification,descriptor24_buffer_classifier_xgboost,descriptor24,XGBoost,all,43,o-empty__p-functionalization+molecular_weight+concentration,0.68551330586553,403,empty,functionalization+molecular_weight+concentration,0.8248171937476079,0.13930388788207781
classification,descriptor24_buffer_classifier_xgboost,descriptor24,XGBoost,all,43,o-additive__p-empty,0.5289834418255247,403,additive,empty,0.8248171937476079,0.29583375192208317
classification,descriptor24_buffer_classifier_xgboost,descriptor24,XGBoost,all,43,o-additive__p-functionalization,0.4294626590697179,403,additive,functionalization,0.8248171937476079,0.39535453467788995
classification,descriptor24_buffer_classifier_xgboost,descriptor24,XGBoost,all,43,o-additive__p-molecular_weight,0.4614287111007454,403,additive,molecular_weight,0.8248171937476079,0.36338848264686247
classification,descriptor24_buffer_classifier_xgboost,descriptor24,XGBoost,all,43,o-additive__p-concentration,0.39319900024502313,403,additive,concentration,0.8248171937476079,0.43161819350258473
classification,descriptor24_buffer_classifier_xgboost,descriptor24,XGBoost,all,43,o-additive__p-functionalization+molecular_weight,0.439248576334697,403,additive,functionalization+molecular_weight,0.8248171937476079,0.3855686174129109
classification,descriptor24_buffer_classifier_xgboost,descriptor24,XGBoost,all,43,o-additive__p-functionalization+concentration,0.3843606707691111,403,additive,functionalization+concentration,0.8248171937476079,0.44045652297849675
classification,descriptor24_buffer_classifier_xgboost,descriptor24,XGBoost,all,43,o-additive__p-molecular_weight+concentration,0.39028841355283456,403,additive,molecular_weight+concentration,0.8248171937476079,0.4345287801947733
classification,descriptor24_buffer_classifier_xgboost,descriptor24,XGBoost,all,43,o-additive__p-functionalization+molecular_weight+concentration,0.3716141394680407,403,additive,functionalization+molecular_weight+concentration,0.8248171937476079,0.45320305427956714
classification,descriptor24_buffer_classifier_xgboost,descriptor24,XGBoost,all,43,o-salt__p-empty,0.8065376365711766,403,salt,empty,0.8248171937476079,0.01827955717643126
classification,descriptor24_buffer_classifier_xgboost,descriptor24,XGBoost,all,43,o-salt__p-functionalization,0.7270677543840912,403,salt,functionalization,0.8248171937476079,0.09774943936351665
classification,descriptor24_buffer_classifier_xgboost,descriptor24,XGBoost,all,43,o-salt__p-molecular_weight,0.7379961324997522,403,salt,molecular_weight,0.8248171937476079,0.08682106124785571
classification,descriptor24_buffer_classifier_xgboost,descriptor24,XGBoost,all,43,o-salt__p-concentration,0.6873411926869861,403,salt,concentration,0.8248171937476079,0.13747600106062174
classification,descriptor24_buffer_classifier_xgboost,descriptor24,XGBoost,all,43,o-salt__p-functionalization+molecular_weight,0.734950476630836,403,salt,functionalization+molecular_weight,0.8248171937476079,0.08986671711677185
classification,descriptor24_buffer_classifier_xgboost,descriptor24,XGBoost,all,43,o-salt__p-functionalization+concentration,0.6940897545230698,403,salt,functionalization+concentration,0.8248171937476079,0.1307274392245381
classification,descriptor24_buffer_classifier_xgboost,descriptor24,XGBoost,all,43,o-salt__p-molecular_weight+concentration,0.7004367971706793,403,salt,molecular_weight+concentration,0.8248171937476079,0.12438039657692856
classification,descriptor24_buffer_classifier_xgboost,descriptor24,XGBoost,all,43,o-salt__p-functionalization+molecular_weight+concentration,0.7020964320963963,403,salt,functionalization+molecular_weight+concentration,0.8248171937476079,0.1227207616512116
classification,descriptor24_buffer_classifier_xgboost,descriptor24,XGBoost,all,43,o-buffer__p-empty,0.8221389497474061,403,buffer,empty,0.8248171937476079,0.0026782440002017793
classification,descriptor24_buffer_classifier_xgboost,descriptor24,XGBoost,all,43,o-buffer__p-functionalization,0.7084870207635928,403,buffer,functionalization,0.8248171937476079,0.11633017298401505
classification,descriptor24_buffer_classifier_xgboost,descriptor24,XGBoost,all,43,o-buffer__p-molecular_weight,0.7315677192784248,403,buffer,molecular_weight,0.8248171937476079,0.09324947446918308
classification,descriptor24_buffer_classifier_xgboost,descriptor24,XGBoost,all,43,o-buffer__p-concentration,0.6738953931649612,403,buffer,concentration,0.8248171937476079,0.1509218005826467
classification,descriptor24_buffer_classifier_xgboost,descriptor24,XGBoost,all,43,o-buffer__p-functionalization+molecular_weight,0.7029571725127731,403,buffer,functionalization+molecular_weight,0.8248171937476079,0.12186002123483475
classification,descriptor24_buffer_classifier_xgboost,descriptor24,XGBoost,all,43,o-buffer__p-functionalization+concentration,0.6395517969914756,403,buffer,functionalization+concentration,0.8248171937476079,0.1852653967561323
classification,descriptor24_buffer_classifier_xgboost,descriptor24,XGBoost,all,43,o-buffer__p-molecular_weight+concentration,0.6697998578340341,403,buffer,molecular_weight+concentration,0.8248171937476079,0.1550173359135738
classification,descriptor24_buffer_classifier_xgboost,descriptor24,XGBoost,all,43,o-buffer__p-functionalization+molecular_weight+concentration,0.6656728519674274,403,buffer,functionalization+molecular_weight+concentration,0.8248171937476079,0.15914434178018044
classification,descriptor24_buffer_classifier_xgboost,descriptor24,XGBoost,all,43,o-additive+salt__p-empty,0.48879148715126675,403,additive+salt,empty,0.8248171937476079,0.3360257065963411
classification,descriptor24_buffer_classifier_xgboost,descriptor24,XGBoost,all,43,o-additive+salt__p-functionalization,0.3831643579522134,403,additive+salt,functionalization,0.8248171937476079,0.4416528357953945
classification,descriptor24_buffer_classifier_xgboost,descriptor24,XGBoost,all,43,o-additive+salt__p-molecular_weight,0.3688284886532152,403,additive+salt,molecular_weight,0.8248171937476079,0.45598870509439265
classification,descriptor24_buffer_classifier_xgboost,descriptor24,XGBoost,all,43,o-additive+salt__p-concentration,0.3404266963602616,403,additive+salt,concentration,0.8248171937476079,0.48439049738734624
classification,descriptor24_buffer_classifier_xgboost,descriptor24,XGBoost,all,43,o-additive+salt__p-functionalization+molecular_weight,0.3761769959076632,403,additive+salt,functionalization+molecular_weight,0.8248171937476079,0.4486401978399447
classification,descriptor24_buffer_classifier_xgboost,descriptor24,XGBoost,all,43,o-additive+salt__p-functionalization+concentration,0.3529732624895176,403,additive+salt,functionalization+concentration,0.8248171937476079,0.47184393125809027
classification,descriptor24_buffer_classifier_xgboost,descriptor24,XGBoost,all,43,o-additive+salt__p-molecular_weight+concentration,0.3367282180029254,403,additive+salt,molecular_weight+concentration,0.8248171937476079,0.48808897574468246
classification,descriptor24_buffer_classifier_xgboost,descriptor24,XGBoost,all,43,o-additive+salt__p-functionalization+molecular_weight+concentration,0.33070969995682153,403,additive+salt,functionalization+molecular_weight+concentration,0.8248171937476079,0.49410749379078633
classification,descriptor24_buffer_classifier_xgboost,descriptor24,XGBoost,all,43,o-additive+buffer__p-empty,0.5278805176241469,403,additive+buffer,empty,0.8248171937476079,0.296936676123461
classification,descriptor24_buffer_classifier_xgboost,descriptor24,XGBoost,all,43,o-additive+buffer__p-functionalization,0.38902691698688624,403,additive+buffer,functionalization,0.8248171937476079,0.43579027676072163
classification,descriptor24_buffer_classifier_xgboost,descriptor24,XGBoost,all,43,o-additive+buffer__p-molecular_weight,0.4231274689534602,403,additive+buffer,molecular_weight,0.8248171937476079,0.40168972479414766
classification,descriptor24_buffer_classifier_xgboost,descriptor24,XGBoost,all,43,o-additive+buffer__p-concentration,0.34710958632404787,403,additive+buffer,concentration,0.8248171937476079,0.47770760742356
classification,descriptor24_buffer_classifier_xgboost,descriptor24,XGBoost,all,43,o-additive+buffer__p-functionalization+molecular_weight,0.3996197828566612,403,additive+buffer,functionalization+molecular_weight,0.8248171937476079,0.42519741089094665
classification,descriptor24_buffer_classifier_xgboost,descriptor24,XGBoost,all,43,o-additive+buffer__p-functionalization+concentration,0.33123542210651685,403,additive+buffer,functionalization+concentration,0.8248171937476079,0.493581771641091
classification,descriptor24_buffer_classifier_xgboost,descriptor24,XGBoost,all,43,o-additive+buffer__p-molecular_weight+concentration,0.344091846849859,403,additive+buffer,molecular_weight+concentration,0.8248171937476079,0.4807253468977489
classification,descriptor24_buffer_classifier_xgboost,descriptor24,XGBoost,all,43,o-additive+buffer__p-functionalization+molecular_weight+concentration,0.3200174466576372,403,additive+buffer,functionalization+molecular_weight+concentration,0.8248171937476079,0.5047997470899707
classification,descriptor24_buffer_classifier_xgboost,descriptor24,XGBoost,all,43,o-salt+buffer__p-empty,0.801542393059382,403,salt+buffer,empty,0.8248171937476079,0.02327480068822585
classification,descriptor24_buffer_classifier_xgboost,descriptor24,XGBoost,all,43,o-salt+buffer__p-functionalization,0.7136247879807556,403,salt+buffer,functionalization,0.8248171937476079,0.1111924057668523
classification,descriptor24_buffer_classifier_xgboost,descriptor24,XGBoost,all,43,o-salt+buffer__p-molecular_weight,0.7251762210758947,403,salt+buffer,molecular_weight,0.8248171937476079,0.09964097267171312
classification,descriptor24_buffer_classifier_xgboost,descriptor24,XGBoost,all,43,o-salt+buffer__p-concentration,0.6761451046613413,403,salt+buffer,concentration,0.8248171937476079,0.1486720890862666
classification,descriptor24_buffer_classifier_xgboost,descriptor24,XGBoost,all,43,o-salt+buffer__p-functionalization+molecular_weight,0.7217759377687816,403,salt+buffer,functionalization+molecular_weight,0.8248171937476079,0.1030412559788263
classification,descriptor24_buffer_classifier_xgboost,descriptor24,XGBoost,all,43,o-salt+buffer__p-functionalization+concentration,0.6832984565488772,403,salt+buffer,functionalization+concentration,0.8248171937476079,0.14151873719873065
classification,descriptor24_buffer_classifier_xgboost,descriptor24,XGBoost,all,43,o-salt+buffer__p-molecular_weight+concentration,0.6893806281359595,403,salt+buffer,molecular_weight+concentration,0.8248171937476079,0.1354365656116484
classification,descriptor24_buffer_classifier_xgboost,descriptor24,XGBoost,all,43,o-salt+buffer__p-functionalization+molecular_weight+concentration,0.6888086854110406,403,salt+buffer,functionalization+molecular_weight+concentration,0.8248171937476079,0.1360085083365673
classification,descriptor24_buffer_classifier_xgboost,descriptor24,XGBoost,all,43,o-additive+salt+buffer__p-empty,0.4891479175513543,403,additive+salt+buffer,empty,0.8248171937476079,0.3356692761962536
classification,descriptor24_buffer_classifier_xgboost,descriptor24,XGBoost,all,43,o-additive+salt+buffer__p-functionalization,0.35426324918704166,403,additive+salt+buffer,functionalization,0.8248171937476079,0.4705539445605662
classification,descriptor24_buffer_classifier_xgboost,descriptor24,XGBoost,all,43,o-additive+salt+buffer__p-molecular_weight,0.34146637467156976,403,additive+salt+buffer,molecular_weight,0.8248171937476079,0.4833508190760381
classification,descriptor24_buffer_classifier_xgboost,descriptor24,XGBoost,all,43,o-additive+salt+buffer__p-concentration,0.3039224425472562,403,additive+salt+buffer,concentration,0.8248171937476079,0.5208947512003517
classification,descriptor24_buffer_classifier_xgboost,descriptor24,XGBoost,all,43,o-additive+salt+buffer__p-functionalization+molecular_weight,0.3495886412343012,403,additive+salt+buffer,functionalization+molecular_weight,0.8248171937476079,0.47522855251330665
classification,descriptor24_buffer_classifier_xgboost,descriptor24,XGBoost,all,43,o-additive+salt+buffer__p-functionalization+concentration,0.31602205899525987,403,additive+salt+buffer,functionalization+concentration,0.8248171937476079,0.508795134752348
classification,descriptor24_buffer_classifier_xgboost,descriptor24,XGBoost,all,43,o-additive+salt+buffer__p-molecular_weight+concentration,0.2989171591497235,403,additive+salt+buffer,molecular_weight+concentration,0.8248171937476079,0.5259000345978844
classification,descriptor24_buffer_classifier_xgboost,descriptor24,XGBoost,all,43,o-additive+salt+buffer__p-functionalization+molecular_weight+concentration,0.29517851981933196,403,additive+salt+buffer,functionalization+molecular_weight+concentration,0.8248171937476079,0.5296386739282759
classification,descriptor24_buffer_classifier_xgboost,descriptor24,XGBoost,all,44,o-empty__p-empty,0.8248609513924037,403,empty,empty,0.8248609513924037,0.0
classification,descriptor24_buffer_classifier_xgboost,descriptor24,XGBoost,all,44,o-empty__p-functionalization,0.7209011334039175,403,empty,functionalization,0.8248609513924037,0.10395981798848619
classification,descriptor24_buffer_classifier_xgboost,descriptor24,XGBoost,all,44,o-empty__p-molecular_weight,0.7349143855678046,403,empty,molecular_weight,0.8248609513924037,0.08994656582459903
classification,descriptor24_buffer_classifier_xgboost,descriptor24,XGBoost,all,44,o-empty__p-concentration,0.686200719838004,403,empty,concentration,0.8248609513924037,0.13866023155439966
classification,descriptor24_buffer_classifier_xgboost,descriptor24,XGBoost,all,44,o-empty__p-functionalization+molecular_weight,0.7191831774146439,403,empty,functionalization+molecular_weight,0.8248609513924037,0.10567777397775979
classification,descriptor24_buffer_classifier_xgboost,descriptor24,XGBoost,all,44,o-empty__p-functionalization+concentration,0.6870832664513502,403,empty,functionalization+concentration,0.8248609513924037,0.13777768494105347
classification,descriptor24_buffer_classifier_xgboost,descriptor24,XGBoost,all,44,o-empty__p-molecular_weight+concentration,0.693908331270967,403,empty,molecular_weight+concentration,0.8248609513924037,0.1309526201214367
classification,descriptor24_buffer_classifier_xgboost,descriptor24,XGBoost,all,44,o-empty__p-functionalization+molecular_weight+concentration,0.6921001784275991,403,empty,functionalization+molecular_weight+concentration,0.8248609513924037,0.1327607729648046
classification,descriptor24_buffer_classifier_xgboost,descriptor24,XGBoost,all,44,o-additive__p-empty,0.538779450066642,403,additive,empty,0.8248609513924037,0.2860815013257617
classification,descriptor24_buffer_classifier_xgboost,descriptor24,XGBoost,all,44,o-additive__p-functionalization,0.4482825315549385,403,additive,functionalization,0.8248609513924037,0.37657841983746515
classification,descriptor24_buffer_classifier_xgboost,descriptor24,XGBoost,all,44,o-additive__p-molecular_weight,0.4770434903763234,403,additive,molecular_weight,0.8248609513924037,0.3478174610160803
classification,descriptor24_buffer_classifier_xgboost,descriptor24,XGBoost,all,44,o-additive__p-concentration,0.41597433865289857,403,additive,concentration,0.8248609513924037,0.4088866127395051
classification,descriptor24_buffer_classifier_xgboost,descriptor24,XGBoost,all,44,o-additive__p-functionalization+molecular_weight,0.4508896358837925,403,additive,functionalization+molecular_weight,0.8248609513924037,0.3739713155086112
classification,descriptor24_buffer_classifier_xgboost,descriptor24,XGBoost,all,44,o-additive__p-functionalization+concentration,0.40905745188374304,403,additive,functionalization+concentration,0.8248609513924037,0.41580349950866063
classification,descriptor24_buffer_classifier_xgboost,descriptor24,XGBoost,all,44,o-additive__p-molecular_weight+concentration,0.41218889804022846,403,additive,molecular_weight+concentration,0.8248609513924037,0.4126720533521752
classification,descriptor24_buffer_classifier_xgboost,descriptor24,XGBoost,all,44,o-additive__p-functionalization+molecular_weight+concentration,0.3920977397516521,403,additive,functionalization+molecular_weight+concentration,0.8248609513924037,0.4327632116407516
classification,descriptor24_buffer_classifier_xgboost,descriptor24,XGBoost,all,44,o-salt__p-empty,0.8011100784939882,403,salt,empty,0.8248609513924037,0.023750872898415487
classification,descriptor24_buffer_classifier_xgboost,descriptor24,XGBoost,all,44,o-salt__p-functionalization,0.7251882140800591,403,salt,functionalization,0.8248609513924037,0.0996727373123446
classification,descriptor24_buffer_classifier_xgboost,descriptor24,XGBoost,all,44,o-salt__p-molecular_weight,0.7328939281126279,403,salt,molecular_weight,0.8248609513924037,0.0919670232797758
classification,descriptor24_buffer_classifier_xgboost,descriptor24,XGBoost,all,44,o-salt__p-concentration,0.6866547357807891,403,salt,concentration,0.8248609513924037,0.1382062156116146
classification,descriptor24_buffer_classifier_xgboost,descriptor24,XGBoost,all,44,o-salt__p-functionalization+molecular_weight,0.7290721872866324,403,salt,functionalization+molecular_weight,0.8248609513924037,0.0957887641057713
classification,descriptor24_buffer_classifier_xgboost,descriptor24,XGBoost,all,44,o-salt__p-functionalization+concentration,0.6881153798667097,403,salt,functionalization+concentration,0.8248609513924037,0.136745571525694
classification,descriptor24_buffer_classifier_xgboost,descriptor24,XGBoost,all,44,o-salt__p-molecular_weight+concentration,0.6957992244394448,403,salt,molecular_weight+concentration,0.8248609513924037,0.12906172695295892
classification,descriptor24_buffer_classifier_xgboost,descriptor24,XGBoost,all,44,o-salt__p-functionalization+molecular_weight+concentration,0.6929256752407914,403,salt,functionalization+molecular_weight+concentration,0.8248609513924037,0.13193527615161227
classification,descriptor24_buffer_classifier_xgboost,descriptor24,XGBoost,all,44,o-buffer__p-empty,0.820552407593433,403,buffer,empty,0.8248609513924037,0.004308543798970721
classification,descriptor24_buffer_classifier_xgboost,descriptor24,XGBoost,all,44,o-buffer__p-functionalization,0.7148342439928547,403,buffer,functionalization,0.8248609513924037,0.110026707399549
classification,descriptor24_buffer_classifier_xgboost,descriptor24,XGBoost,all,44,o-buffer__p-molecular_weight,0.7285983813149292,403,buffer,molecular_weight,0.8248609513924037,0.09626257007747452
classification,descriptor24_buffer_classifier_xgboost,descriptor24,XGBoost,all,44,o-buffer__p-concentration,0.6828145221228755,403,buffer,concentration,0.8248609513924037,0.14204642926952815
classification,descriptor24_buffer_classifier_xgboost,descriptor24,XGBoost,all,44,o-buffer__p-functionalization+molecular_weight,0.6977720349694244,403,buffer,functionalization+molecular_weight,0.8248609513924037,0.12708891642297926
classification,descriptor24_buffer_classifier_xgboost,descriptor24,XGBoost,all,44,o-buffer__p-functionalization+concentration,0.6533178217020196,403,buffer,functionalization+concentration,0.8248609513924037,0.1715431296903841
classification,descriptor24_buffer_classifier_xgboost,descriptor24,XGBoost,all,44,o-buffer__p-molecular_weight+concentration,0.6754246219867158,403,buffer,molecular_weight+concentration,0.8248609513924037,0.14943632940568785
classification,descriptor24_buffer_classifier_xgboost,descriptor24,XGBoost,all,44,o-buffer__p-functionalization+molecular_weight+concentration,0.6695423257415563,403,buffer,functionalization+molecular_weight+concentration,0.8248609513924037,0.15531862565084742
classification,descriptor24_buffer_classifier_xgboost,descriptor24,XGBoost,all,44,o-additive+salt__p-empty,0.4981977775470169,403,additive+salt,empty,0.8248609513924037,0.3266631738453868
classification,descriptor24_buffer_classifier_xgboost,descriptor24,XGBoost,all,44,o-additive+salt__p-functionalization,0.39828435804691037,403,additive+salt,functionalization,0.8248609513924037,0.4265765933454933
classification,descriptor24_buffer_classifier_xgboost,descriptor24,XGBoost,all,44,o-additive+salt__p-molecular_weight,0.3915350148246194,403,additive+salt,molecular_weight,0.8248609513924037,0.4333259365677843
classification,descriptor24_buffer_classifier_xgboost,descriptor24,XGBoost,all,44,o-additive+salt__p-concentration,0.36409628254514387,403,additive+salt,concentration,0.8248609513924037,0.4607646688472598
classification,descriptor24_buffer_classifier_xgboost,descriptor24,XGBoost,all,44,o-additive+salt__p-functionalization+molecular_weight,0.3896862472572697,403,additive+salt,functionalization+molecular_weight,0.8248609513924037,0.435174704135134
classification,descriptor24_buffer_classifier_xgboost,descriptor24,XGBoost,all,44,o-additive+salt__p-functionalization+concentration,0.3730641220821484,403,additive+salt,functionalization+concentration,0.8248609513924037,0.4517968293102553
classification,descriptor24_buffer_classifier_xgboost,descriptor24,XGBoost,all,44,o-additive+salt__p-molecular_weight+concentration,0.3628205177998971,403,additive+salt,molecular_weight+concentration,0.8248609513924037,0.46204043359250657
classification,descriptor24_buffer_classifier_xgboost,descriptor24,XGBoost,all,44,o-additive+salt__p-functionalization+molecular_weight+concentration,0.3470262696207874,403,additive+salt,functionalization+molecular_weight+concentration,0.8248609513924037,0.47783468177161625
classification,descriptor24_buffer_classifier_xgboost,descriptor24,XGBoost,all,44,o-additive+buffer__p-empty,0.5361332845795935,403,additive+buffer,empty,0.8248609513924037,0.28872766681281015
classification,descriptor24_buffer_classifier_xgboost,descriptor24,XGBoost,all,44,o-additive+buffer__p-functionalization,0.40352803766121864,403,additive+buffer,functionalization,0.8248609513924037,0.42133291373118503
classification,descriptor24_buffer_classifier_xgboost,descriptor24,XGBoost,all,44,o-additive+buffer__p-molecular_weight,0.4360691522201083,403,additive+buffer,molecular_weight,0.8248609513924037,0.3887917991722954
classification,descriptor24_buffer_classifier_xgboost,descriptor24,XGBoost,all,44,o-additive+buffer__p-concentration,0.3745258481944187,403,additive+buffer,concentration,0.8248609513924037,0.450335103197985
classification,descriptor24_buffer_classifier_xgboost,descriptor24,XGBoost,all,44,o-additive+buffer__p-functionalization+molecular_weight,0.4081642008911406,403,additive+buffer,functionalization+molecular_weight,0.8248609513924037,0.4166967505012631
classification,descriptor24_buffer_classifier_xgboost,descriptor24,XGBoost,all,44,o-additive+buffer__p-functionalization+concentration,0.3595701588976931,403,additive+buffer,functionalization+concentration,0.8248609513924037,0.46529079249471056
classification,descriptor24_buffer_classifier_xgboost,descriptor24,XGBoost,all,44,o-additive+buffer__p-molecular_weight+concentration,0.3682234808675716,403,additive+buffer,molecular_weight+concentration,0.8248609513924037,0.45663747052483206
classification,descriptor24_buffer_classifier_xgboost,descriptor24,XGBoost,all,44,o-additive+buffer__p-functionalization+molecular_weight+concentration,0.34222616242441933,403,additive+buffer,functionalization+molecular_weight+concentration,0.8248609513924037,0.48263478896798434
classification,descriptor24_buffer_classifier_xgboost,descriptor24,XGBoost,all,44,o-salt+buffer__p-empty,0.794674577349288,403,salt+buffer,empty,0.8248609513924037,0.030186374043115638
classification,descriptor24_buffer_classifier_xgboost,descriptor24,XGBoost,all,44,o-salt+buffer__p-functionalization,0.7057726964532834,403,salt+buffer,functionalization,0.8248609513924037,0.11908825493912023
classification,descriptor24_buffer_classifier_xgboost,descriptor24,XGBoost,all,44,o-salt+buffer__p-molecular_weight,0.7134180590160162,403,salt+buffer,molecular_weight,0.8248609513924037,0.11144289237638749
classification,descriptor24_buffer_classifier_xgboost,descriptor24,XGBoost,all,44,o-salt+buffer__p-concentration,0.6722734882832485,403,salt+buffer,concentration,0.8248609513924037,0.15258746310915516
classification,descriptor24_buffer_classifier_xgboost,descriptor24,XGBoost,all,44,o-salt+buffer__p-functionalization+molecular_weight,0.7109837001168149,403,salt+buffer,functionalization+molecular_weight,0.8248609513924037,0.11387725127558879
classification,descriptor24_buffer_classifier_xgboost,descriptor24,XGBoost,all,44,o-salt+buffer__p-functionalization+concentration,0.6740084156384223,403,salt+buffer,functionalization+concentration,0.8248609513924037,0.1508525357539814
classification,descriptor24_buffer_classifier_xgboost,descriptor24,XGBoost,all,44,o-salt+buffer__p-molecular_weight+concentration,0.6812973519300776,403,salt+buffer,molecular_weight+concentration,0.8248609513924037,0.1435635994623261
classification,descriptor24_buffer_classifier_xgboost,descriptor24,XGBoost,all,44,o-salt+buffer__p-functionalization+molecular_weight+concentration,0.6797805672386056,403,salt+buffer,functionalization+molecular_weight+concentration,0.8248609513924037,0.1450803841537981
classification,descriptor24_buffer_classifier_xgboost,descriptor24,XGBoost,all,44,o-additive+salt+buffer__p-empty,0.4952438025863952,403,additive+salt+buffer,empty,0.8248609513924037,0.32961714880600845
classification,descriptor24_buffer_classifier_xgboost,descriptor24,XGBoost,all,44,o-additive+salt+buffer__p-functionalization,0.3658659232434708,403,additive+salt+buffer,functionalization,0.8248609513924037,0.4589950281489329
classification,descriptor24_buffer_classifier_xgboost,descriptor24,XGBoost,all,44,o-additive+salt+buffer__p-molecular_weight,0.3661960651514921,403,additive+salt+buffer,molecular_weight,0.8248609513924037,0.45866488624091156
classification,descriptor24_buffer_classifier_xgboost,descriptor24,XGBoost,all,44,o-additive+salt+buffer__p-concentration,0.33209576728765866,403,additive+salt+buffer,concentration,0.8248609513924037,0.492765184104745
classification,descriptor24_buffer_classifier_xgboost,descriptor24,XGBoost,all,44,o-additive+salt+buffer__p-functionalization+molecular_weight,0.3582767379427864,403,additive+salt+buffer,functionalization+molecular_weight,0.8248609513924037,0.46658421344961726
classification,descriptor24_buffer_classifier_xgboost,descriptor24,XGBoost,all,44,o-additive+salt+buffer__p-functionalization+concentration,0.33535119357577253,403,additive+salt+buffer,functionalization+concentration,0.8248609513924037,0.48950975781663114
classification,descriptor24_buffer_classifier_xgboost,descriptor24,XGBoost,all,44,o-additive+salt+buffer__p-molecular_weight+concentration,0.32580304547996863,403,additive+salt+buffer,molecular_weight+concentration,0.8248609513924037,0.49905790591243504
classification,descriptor24_buffer_classifier_xgboost,descriptor24,XGBoost,all,44,o-additive+salt+buffer__p-functionalization+molecular_weight+concentration,0.31382881342616026,403,additive+salt+buffer,functionalization+molecular_weight+concentration,0.8248609513924037,0.5110321379662435
classification,descriptor24_buffer_classifier_xgboost,descriptor24,XGBoost,all,45,o-empty__p-empty,0.8248367368495156,403,empty,empty,0.8248367368495156,0.0
classification,descriptor24_buffer_classifier_xgboost,descriptor24,XGBoost,all,45,o-empty__p-functionalization,0.7113625868155042,403,empty,functionalization,0.8248367368495156,0.1134741500340114
classification,descriptor24_buffer_classifier_xgboost,descriptor24,XGBoost,all,45,o-empty__p-molecular_weight,0.734412422310019,403,empty,molecular_weight,0.8248367368495156,0.09042431453949662
classification,descriptor24_buffer_classifier_xgboost,descriptor24,XGBoost,all,45,o-empty__p-concentration,0.6650559215278122,403,empty,concentration,0.8248367368495156,0.1597808153217034
classification,descriptor24_buffer_classifier_xgboost,descriptor24,XGBoost,all,45,o-empty__p-functionalization+molecular_weight,0.7143932270878883,403,empty,functionalization+molecular_weight,0.8248367368495156,0.11044350976162731
classification,descriptor24_buffer_classifier_xgboost,descriptor24,XGBoost,all,45,o-empty__p-functionalization+concentration,0.6621151552799543,403,empty,functionalization+concentration,0.8248367368495156,0.1627215815695613
classification,descriptor24_buffer_classifier_xgboost,descriptor24,XGBoost,all,45,o-empty__p-molecular_weight+concentration,0.6742746378494991,403,empty,molecular_weight+concentration,0.8248367368495156,0.1505620990000165
classification,descriptor24_buffer_classifier_xgboost,descriptor24,XGBoost,all,45,o-empty__p-functionalization+molecular_weight+concentration,0.6700871941543476,403,empty,functionalization+molecular_weight+concentration,0.8248367368495156,0.15474954269516805
classification,descriptor24_buffer_classifier_xgboost,descriptor24,XGBoost,all,45,o-additive__p-empty,0.5361580031940618,403,additive,empty,0.8248367368495156,0.2886787336554538
classification,descriptor24_buffer_classifier_xgboost,descriptor24,XGBoost,all,45,o-additive__p-functionalization,0.4196187378660546,403,additive,functionalization,0.8248367368495156,0.40521799898346106
classification,descriptor24_buffer_classifier_xgboost,descriptor24,XGBoost,all,45,o-additive__p-molecular_weight,0.456583288863121,403,additive,molecular_weight,0.8248367368495156,0.36825344798639464
classification,descriptor24_buffer_classifier_xgboost,descriptor24,XGBoost,all,45,o-additive__p-concentration,0.39917882484298806,403,additive,concentration,0.8248367368495156,0.4256579120065276
classification,descriptor24_buffer_classifier_xgboost,descriptor24,XGBoost,all,45,o-additive__p-functionalization+molecular_weight,0.427014721878323,403,additive,functionalization+molecular_weight,0.8248367368495156,0.39782201497119263
classification,descriptor24_buffer_classifier_xgboost,descriptor24,XGBoost,all,45,o-additive__p-functionalization+concentration,0.37159716357091827,403,additive,functionalization+concentration,0.8248367368495156,0.4532395732785974
classification,descriptor24_buffer_classifier_xgboost,descriptor24,XGBoost,all,45,o-additive__p-molecular_weight+concentration,0.38438996462804426,403,additive,molecular_weight+concentration,0.8248367368495156,0.4404467722214714
classification,descriptor24_buffer_classifier_xgboost,descriptor24,XGBoost,all,45,o-additive__p-functionalization+molecular_weight+concentration,0.35988386509856696,403,additive,functionalization+molecular_weight+concentration,0.8248367368495156,0.4649528717509487
classification,descriptor24_buffer_classifier_xgboost,descriptor24,XGBoost,all,45,o-salt__p-empty,0.8099928869316315,403,salt,empty,0.8248367368495156,0.014843849917884122
classification,descriptor24_buffer_classifier_xgboost,descriptor24,XGBoost,all,45,o-salt__p-functionalization,0.7164928973570062,403,salt,functionalization,0.8248367368495156,0.10834383949250947
classification,descriptor24_buffer_classifier_xgboost,descriptor24,XGBoost,all,45,o-salt__p-molecular_weight,0.7270152422265662,403,salt,molecular_weight,0.8248367368495156,0.09782149462294942
classification,descriptor24_buffer_classifier_xgboost,descriptor24,XGBoost,all,45,o-salt__p-concentration,0.6782669516634272,403,salt,concentration,0.8248367368495156,0.14656978518608843
classification,descriptor24_buffer_classifier_xgboost,descriptor24,XGBoost,all,45,o-salt__p-functionalization+molecular_weight,0.7221520554159414,403,salt,functionalization+molecular_weight,0.8248367368495156,0.10268468143357423
classification,descriptor24_buffer_classifier_xgboost,descriptor24,XGBoost,all,45,o-salt__p-functionalization+concentration,0.6806993536165276,403,salt,functionalization+concentration,0.8248367368495156,0.14413738323298808
classification,descriptor24_buffer_classifier_xgboost,descriptor24,XGBoost,all,45,o-salt__p-molecular_weight+concentration,0.6885599997633285,403,salt,molecular_weight+concentration,0.8248367368495156,0.13627673708618715
classification,descriptor24_buffer_classifier_xgboost,descriptor24,XGBoost,all,45,o-salt__p-functionalization+molecular_weight+concentration,0.6872427725853402,403,salt,functionalization+molecular_weight+concentration,0.8248367368495156,0.13759396426417547
classification,descriptor24_buffer_classifier_xgboost,descriptor24,XGBoost,all,45,o-buffer__p-empty,0.8199428635341187,403,buffer,empty,0.8248367368495156,0.004893873315396924
classification,descriptor24_buffer_classifier_xgboost,descriptor24,XGBoost,all,45,o-buffer__p-functionalization,0.7060934734419522,403,buffer,functionalization,0.8248367368495156,0.11874326340756347
classification,descriptor24_buffer_classifier_xgboost,descriptor24,XGBoost,all,45,o-buffer__p-molecular_weight,0.7256012892261265,403,buffer,molecular_weight,0.8248367368495156,0.0992354476233891
classification,descriptor24_buffer_classifier_xgboost,descriptor24,XGBoost,all,45,o-buffer__p-concentration,0.6651308693180789,403,buffer,concentration,0.8248367368495156,0.15970586753143678
classification,descriptor24_buffer_classifier_xgboost,descriptor24,XGBoost,all,45,o-buffer__p-functionalization+molecular_weight,0.6959074819974247,403,buffer,functionalization+molecular_weight,0.8248367368495156,0.12892925485209095
classification,descriptor24_buffer_classifier_xgboost,descriptor24,XGBoost,all,45,o-buffer__p-functionalization+concentration,0.6316220531268589,403,buffer,functionalization+concentration,0.8248367368495156,0.1932146837226567
classification,descriptor24_buffer_classifier_xgboost,descriptor24,XGBoost,all,45,o-buffer__p-molecular_weight+concentration,0.6508729228532171,403,buffer,molecular_weight+concentration,0.8248367368495156,0.17396381399629857
classification,descriptor24_buffer_classifier_xgboost,descriptor24,XGBoost,all,45,o-buffer__p-functionalization+molecular_weight+concentration,0.6476037163586839,403,buffer,functionalization+molecular_weight+concentration,0.8248367368495156,0.17723302049083178
classification,descriptor24_buffer_classifier_xgboost,descriptor24,XGBoost,all,45,o-additive+salt__p-empty,0.49867016568837724,403,additive+salt,empty,0.8248367368495156,0.3261665711611384
classification,descriptor24_buffer_classifier_xgboost,descriptor24,XGBoost,all,45,o-additive+salt__p-functionalization,0.36607150794278953,403,additive+salt,functionalization,0.8248367368495156,0.4587652289067261
classification,descriptor24_buffer_classifier_xgboost,descriptor24,XGBoost,all,45,o-additive+salt__p-molecular_weight,0.36365702283809215,403,additive+salt,molecular_weight,0.8248367368495156,0.4611797140114235
classification,descriptor24_buffer_classifier_xgboost,descriptor24,XGBoost,all,45,o-additive+salt__p-concentration,0.33654928304134973,403,additive+salt,concentration,0.8248367368495156,0.4882874538081659
classification,descriptor24_buffer_classifier_xgboost,descriptor24,XGBoost,all,45,o-additive+salt__p-functionalization+molecular_weight,0.35559071909720114,403,additive+salt,functionalization+molecular_weight,0.8248367368495156,0.4692460177523145
classification,descriptor24_buffer_classifier_xgboost,descriptor24,XGBoost,all,45,o-additive+salt__p-functionalization+concentration,0.3358342208614768,403,additive+salt,functionalization+concentration,0.8248367368495156,0.48900251598803884
classification,descriptor24_buffer_classifier_xgboost,descriptor24,XGBoost,all,45,o-additive+salt__p-molecular_weight+concentration,0.33058667401566394,403,additive+salt,molecular_weight+concentration,0.8248367368495156,0.4942500628338517
classification,descriptor24_buffer_classifier_xgboost,descriptor24,XGBoost,all,45,o-additive+salt__p-functionalization+molecular_weight+concentration,0.31531796308018983,403,additive+salt,functionalization+molecular_weight+concentration,0.8248367368495156,0.5095187737693259
classification,descriptor24_buffer_classifier_xgboost,descriptor24,XGBoost,all,45,o-additive+buffer__p-empty,0.5319840095735031,403,additive+buffer,empty,0.8248367368495156,0.2928527272760125
classification,descriptor24_buffer_classifier_xgboost,descriptor24,XGBoost,all,45,o-additive+buffer__p-functionalization,0.3791268337471365,403,additive+buffer,functionalization,0.8248367368495156,0.4457099031023791
classification,descriptor24_buffer_classifier_xgboost,descriptor24,XGBoost,all,45,o-additive+buffer__p-molecular_weight,0.42280354548357185,403,additive+buffer,molecular_weight,0.8248367368495156,0.4020331913659438
classification,descriptor24_buffer_classifier_xgboost,descriptor24,XGBoost,all,45,o-additive+buffer__p-concentration,0.3582746109177682,403,additive+buffer,concentration,0.8248367368495156,0.46656212593174745
classification,descriptor24_buffer_classifier_xgboost,descriptor24,XGBoost,all,45,o-additive+buffer__p-functionalization+molecular_weight,0.3913998666085692,403,additive+buffer,functionalization+molecular_weight,0.8248367368495156,0.43343687024094646
classification,descriptor24_buffer_classifier_xgboost,descriptor24,XGBoost,all,45,o-additive+buffer__p-functionalization+concentration,0.3230941627994086,403,additive+buffer,functionalization+concentration,0.8248367368495156,0.501742574050107
classification,descriptor24_buffer_classifier_xgboost,descriptor24,XGBoost,all,45,o-additive+buffer__p-molecular_weight+concentration,0.3405524025940782,403,additive+buffer,molecular_weight+concentration,0.8248367368495156,0.48428433425543743
classification,descriptor24_buffer_classifier_xgboost,descriptor24,XGBoost,all,45,o-additive+buffer__p-functionalization+molecular_weight+concentration,0.3114219933979132,403,additive+buffer,functionalization+molecular_weight+concentration,0.8248367368495156,0.5134147434516024
classification,descriptor24_buffer_classifier_xgboost,descriptor24,XGBoost,all,45,o-salt+buffer__p-empty,0.8027062487542616,403,salt+buffer,empty,0.8248367368495156,0.022130488095254086
classification,descriptor24_buffer_classifier_xgboost,descriptor24,XGBoost,all,45,o-salt+buffer__p-functionalization,0.6957507545721675,403,salt+buffer,functionalization,0.8248367368495156,0.12908598227734813
classification,descriptor24_buffer_classifier_xgboost,descriptor24,XGBoost,all,45,o-salt+buffer__p-molecular_weight,0.7079477627515223,403,salt+buffer,molecular_weight,0.8248367368495156,0.11688897409799337
classification,descriptor24_buffer_classifier_xgboost,descriptor24,XGBoost,all,45,o-salt+buffer__p-concentration,0.66339664517532,403,salt+buffer,concentration,0.8248367368495156,0.1614400916741956
classification,descriptor24_buffer_classifier_xgboost,descriptor24,XGBoost,all,45,o-salt+buffer__p-functionalization+molecular_weight,0.7046320275431698,403,salt+buffer,functionalization+molecular_weight,0.8248367368495156,0.12020470930634586
classification,descriptor24_buffer_classifier_xgboost,descriptor24,XGBoost,all,45,o-salt+buffer__p-functionalization+concentration,0.6664541775977093,403,salt+buffer,functionalization+concentration,0.8248367368495156,0.15838255925180633
classification,descriptor24_buffer_classifier_xgboost,descriptor24,XGBoost,all,45,o-salt+buffer__p-molecular_weight+concentration,0.6727687188500245,403,salt+buffer,molecular_weight+concentration,0.8248367368495156,0.1520680179994911
classification,descriptor24_buffer_classifier_xgboost,descriptor24,XGBoost,all,45,o-salt+buffer__p-functionalization+molecular_weight+concentration,0.6723563219421034,403,salt+buffer,functionalization+molecular_weight+concentration,0.8248367368495156,0.15248041490741227
classification,descriptor24_buffer_classifier_xgboost,descriptor24,XGBoost,all,45,o-additive+salt+buffer__p-empty,0.4922208942149285,403,additive+salt+buffer,empty,0.8248367368495156,0.33261584263458716
classification,descriptor24_buffer_classifier_xgboost,descriptor24,XGBoost,all,45,o-additive+salt+buffer__p-functionalization,0.3415514217966419,403,additive+salt+buffer,functionalization,0.8248367368495156,0.48328531505287375
classification,descriptor24_buffer_classifier_xgboost,descriptor24,XGBoost,all,45,o-additive+salt+buffer__p-molecular_weight,0.34288813691180536,403,additive+salt+buffer,molecular_weight,0.8248367368495156,0.4819485999377103
classification,descriptor24_buffer_classifier_xgboost,descriptor24,XGBoost,all,45,o-additive+salt+buffer__p-concentration,0.30524865004217344,403,additive+salt+buffer,concentration,0.8248367368495156,0.5195880868073421
classification,descriptor24_buffer_classifier_xgboost,descriptor24,XGBoost,all,45,o-additive+salt+buffer__p-functionalization+molecular_weight,0.33755774190293136,403,additive+salt+buffer,functionalization+molecular_weight,0.8248367368495156,0.4872789949465843
classification,descriptor24_buffer_classifier_xgboost,descriptor24,XGBoost,all,45,o-additive+salt+buffer__p-functionalization+concentration,0.30737220920387487,403,additive+salt+buffer,functionalization+concentration,0.8248367368495156,0.5174645276456408
classification,descriptor24_buffer_classifier_xgboost,descriptor24,XGBoost,all,45,o-additive+salt+buffer__p-molecular_weight+concentration,0.3015040788972891,403,additive+salt+buffer,molecular_weight+concentration,0.8248367368495156,0.5233326579522266
classification,descriptor24_buffer_classifier_xgboost,descriptor24,XGBoost,all,45,o-additive+salt+buffer__p-functionalization+molecular_weight+concentration,0.288286414425925,403,additive+salt+buffer,functionalization+molecular_weight+concentration,0.8248367368495156,0.5365503224235906
classification,descriptor24_buffer_classifier_xgboost,descriptor24,XGBoost,all,46,o-empty__p-empty,0.8247608818141566,403,empty,empty,0.8247608818141566,0.0
classification,descriptor24_buffer_classifier_xgboost,descriptor24,XGBoost,all,46,o-empty__p-functionalization,0.7143129643451398,403,empty,functionalization,0.8247608818141566,0.11044791746901683
classification,descriptor24_buffer_classifier_xgboost,descriptor24,XGBoost,all,46,o-empty__p-molecular_weight,0.7375742849805772,403,empty,molecular_weight,0.8247608818141566,0.08718659683357943
classification,descriptor24_buffer_classifier_xgboost,descriptor24,XGBoost,all,46,o-empty__p-concentration,0.6723390015263729,403,empty,concentration,0.8247608818141566,0.1524218802877837
classification,descriptor24_buffer_classifier_xgboost,descriptor24,XGBoost,all,46,o-empty__p-functionalization+molecular_weight,0.7178350460416763,403,empty,functionalization+molecular_weight,0.8247608818141566,0.10692583577248038
classification,descriptor24_buffer_classifier_xgboost,descriptor24,XGBoost,all,46,o-empty__p-functionalization+concentration,0.6714676985072073,403,empty,functionalization+concentration,0.8247608818141566,0.1532931833069493
classification,descriptor24_buffer_classifier_xgboost,descriptor24,XGBoost,all,46,o-empty__p-molecular_weight+concentration,0.6816439457423247,403,empty,molecular_weight+concentration,0.8247608818141566,0.14311693607183196
classification,descriptor24_buffer_classifier_xgboost,descriptor24,XGBoost,all,46,o-empty__p-functionalization+molecular_weight+concentration,0.6869227323765952,403,empty,functionalization+molecular_weight+concentration,0.8247608818141566,0.13783814943756145
classification,descriptor24_buffer_classifier_xgboost,descriptor24,XGBoost,all,46,o-additive__p-empty,0.5279173608065795,403,additive,empty,0.8247608818141566,0.29684352100757716
classification,descriptor24_buffer_classifier_xgboost,descriptor24,XGBoost,all,46,o-additive__p-functionalization,0.42749301785776106,403,additive,functionalization,0.8247608818141566,0.3972678639563956
classification,descriptor24_buffer_classifier_xgboost,descriptor24,XGBoost,all,46,o-additive__p-molecular_weight,0.4677360840258935,403,additive,molecular_weight,0.8247608818141566,0.3570247977882631
classification,descriptor24_buffer_classifier_xgboost,descriptor24,XGBoost,all,46,o-additive__p-concentration,0.399513949205928,403,additive,concentration,0.8247608818141566,0.42524693260822866
classification,descriptor24_buffer_classifier_xgboost,descriptor24,XGBoost,all,46,o-additive__p-functionalization+molecular_weight,0.43942111680643287,403,additive,functionalization+molecular_weight,0.8247608818141566,0.38533976500772377
classification,descriptor24_buffer_classifier_xgboost,descriptor24,XGBoost,all,46,o-additive__p-functionalization+concentration,0.3837714617893056,403,additive,functionalization+concentration,0.8247608818141566,0.44098942002485103
classification,descriptor24_buffer_classifier_xgboost,descriptor24,XGBoost,all,46,o-additive__p-molecular_weight+concentration,0.3982658951607635,403,additive,molecular_weight+concentration,0.8247608818141566,0.42649498665339314
classification,descriptor24_buffer_classifier_xgboost,descriptor24,XGBoost,all,46,o-additive__p-functionalization+molecular_weight+concentration,0.3733545160544406,403,additive,functionalization+molecular_weight+concentration,0.8247608818141566,0.45140636575971604
classification,descriptor24_buffer_classifier_xgboost,descriptor24,XGBoost,all,46,o-salt__p-empty,0.7985293918656766,403,salt,empty,0.8247608818141566,0.026231489948480013
classification,descriptor24_buffer_classifier_xgboost,descriptor24,XGBoost,all,46,o-salt__p-functionalization,0.7306460339451962,403,salt,functionalization,0.8247608818141566,0.0941148478689604
classification,descriptor24_buffer_classifier_xgboost,descriptor24,XGBoost,all,46,o-salt__p-molecular_weight,0.736530752055785,403,salt,molecular_weight,0.8247608818141566,0.08823012975837163
classification,descriptor24_buffer_classifier_xgboost,descriptor24,XGBoost,all,46,o-salt__p-concentration,0.69330573328832,403,salt,concentration,0.8247608818141566,0.13145514852583662
classification,descriptor24_buffer_classifier_xgboost,descriptor24,XGBoost,all,46,o-salt__p-functionalization+molecular_weight,0.7324934971005933,403,salt,functionalization+molecular_weight,0.8247608818141566,0.09226738471356333
classification,descriptor24_buffer_classifier_xgboost,descriptor24,XGBoost,all,46,o-salt__p-functionalization+concentration,0.6970595671537282,403,salt,functionalization+concentration,0.8247608818141566,0.12770131466042844
classification,descriptor24_buffer_classifier_xgboost,descriptor24,XGBoost,all,46,o-salt__p-molecular_weight+concentration,0.6988464828189934,403,salt,molecular_weight+concentration,0.8247608818141566,0.1259143989951632
classification,descriptor24_buffer_classifier_xgboost,descriptor24,XGBoost,all,46,o-salt__p-functionalization+molecular_weight+concentration,0.6979800448092368,403,salt,functionalization+molecular_weight+concentration,0.8247608818141566,0.12678083700491982
classification,descriptor24_buffer_classifier_xgboost,descriptor24,XGBoost,all,46,o-buffer__p-empty,0.8213180783788747,403,buffer,empty,0.8247608818141566,0.003442803435281916
classification,descriptor24_buffer_classifier_xgboost,descriptor24,XGBoost,all,46,o-buffer__p-functionalization,0.7110603174077276,403,buffer,functionalization,0.8247608818141566,0.11370056440642906
classification,descriptor24_buffer_classifier_xgboost,descriptor24,XGBoost,all,46,o-buffer__p-molecular_weight,0.730829456657481,403,buffer,molecular_weight,0.8247608818141566,0.09393142515667563
classification,descriptor24_buffer_classifier_xgboost,descriptor24,XGBoost,all,46,o-buffer__p-concentration,0.6713248858896261,403,buffer,concentration,0.8247608818141566,0.1534359959245305
classification,descriptor24_buffer_classifier_xgboost,descriptor24,XGBoost,all,46,o-buffer__p-functionalization+molecular_weight,0.7014583755657637,403,buffer,functionalization+molecular_weight,0.8247608818141566,0.1233025062483929
classification,descriptor24_buffer_classifier_xgboost,descriptor24,XGBoost,all,46,o-buffer__p-functionalization+concentration,0.6464558937233404,403,buffer,functionalization+concentration,0.8247608818141566,0.17830498809081619
classification,descriptor24_buffer_classifier_xgboost,descriptor24,XGBoost,all,46,o-buffer__p-molecular_weight+concentration,0.6629290212493761,403,buffer,molecular_weight+concentration,0.8247608818141566,0.1618318605647805
classification,descriptor24_buffer_classifier_xgboost,descriptor24,XGBoost,all,46,o-buffer__p-functionalization+molecular_weight+concentration,0.6620714863704,403,buffer,functionalization+molecular_weight+concentration,0.8247608818141566,0.1626893954437566
classification,descriptor24_buffer_classifier_xgboost,descriptor24,XGBoost,all,46,o-additive+salt__p-empty,0.4839566541202898,403,additive+salt,empty,0.8247608818141566,0.3408042276938668
classification,descriptor24_buffer_classifier_xgboost,descriptor24,XGBoost,all,46,o-additive+salt__p-functionalization,0.36249422446976587,403,additive+salt,functionalization,0.8247608818141566,0.46226665734439076
classification,descriptor24_buffer_classifier_xgboost,descriptor24,XGBoost,all,46,o-additive+salt__p-molecular_weight,0.3687437767028658,403,additive+salt,molecular_weight,0.8247608818141566,0.45601710511129084
classification,descriptor24_buffer_classifier_xgboost,descriptor24,XGBoost,all,46,o-additive+salt__p-concentration,0.3374992350507459,403,additive+salt,concentration,0.8247608818141566,0.4872616467634107
classification,descriptor24_buffer_classifier_xgboost,descriptor24,XGBoost,all,46,o-additive+salt__p-functionalization+molecular_weight,0.36133691488026953,403,additive+salt,functionalization+molecular_weight,0.8247608818141566,0.4634239669338871
classification,descriptor24_buffer_classifier_xgboost,descriptor24,XGBoost,all,46,o-additive+salt__p-functionalization+concentration,0.33653707228046986,403,additive+salt,functionalization+concentration,0.8247608818141566,0.48822380953368677
classification,descriptor24_buffer_classifier_xgboost,descriptor24,XGBoost,all,46,o-additive+salt__p-molecular_weight+concentration,0.336075155976521,403,additive+salt,molecular_weight+concentration,0.8247608818141566,0.48868572583763564
classification,descriptor24_buffer_classifier_xgboost,descriptor24,XGBoost,all,46,o-additive+salt__p-functionalization+molecular_weight+concentration,0.3224945256127216,403,additive+salt,functionalization+molecular_weight+concentration,0.8247608818141566,0.502266356201435
classification,descriptor24_buffer_classifier_xgboost,descriptor24,XGBoost,all,46,o-additive+buffer__p-empty,0.5287335014465521,403,additive+buffer,empty,0.8247608818141566,0.29602738036760456
classification,descriptor24_buffer_classifier_xgboost,descriptor24,XGBoost,all,46,o-additive+buffer__p-functionalization,0.3803503499344763,403,additive+buffer,functionalization,0.8247608818141566,0.4444105318796803
classification,descriptor24_buffer_classifier_xgboost,descriptor24,XGBoost,all,46,o-additive+buffer__p-molecular_weight,0.4254754908476496,403,additive+buffer,molecular_weight,0.8247608818141566,0.39928539096650706
classification,descriptor24_buffer_classifier_xgboost,descriptor24,XGBoost,all,46,o-additive+buffer__p-concentration,0.3506997452750894,403,additive+buffer,concentration,0.8247608818141566,0.47406113653906723
classification,descriptor24_buffer_classifier_xgboost,descriptor24,XGBoost,all,46,o-additive+buffer__p-functionalization+molecular_weight,0.39755922031359137,403,additive+buffer,functionalization+molecular_weight,0.8247608818141566,0.42720166150056527
classification,descriptor24_buffer_classifier_xgboost,descriptor24,XGBoost,all,46,o-additive+buffer__p-functionalization+concentration,0.32516623189744837,403,additive+buffer,functionalization+concentration,0.8247608818141566,0.49959464991670827
classification,descriptor24_buffer_classifier_xgboost,descriptor24,XGBoost,all,46,o-additive+buffer__p-molecular_weight+concentration,0.34691182603525406,403,additive+buffer,molecular_weight+concentration,0.8247608818141566,0.4778490557789026
classification,descriptor24_buffer_classifier_xgboost,descriptor24,XGBoost,all,46,o-additive+buffer__p-functionalization+molecular_weight+concentration,0.3165250974585879,403,additive+buffer,functionalization+molecular_weight+concentration,0.8247608818141566,0.5082357843555687
classification,descriptor24_buffer_classifier_xgboost,descriptor24,XGBoost,all,46,o-salt+buffer__p-empty,0.7922897410666705,403,salt+buffer,empty,0.8247608818141566,0.03247114074748614
classification,descriptor24_buffer_classifier_xgboost,descriptor24,XGBoost,all,46,o-salt+buffer__p-functionalization,0.707860493071757,403,salt+buffer,functionalization,0.8247608818141566,0.11690038874239961
classification,descriptor24_buffer_classifier_xgboost,descriptor24,XGBoost,all,46,o-salt+buffer__p-molecular_weight,0.7162192733730227,403,salt+buffer,molecular_weight,0.8247608818141566,0.10854160844113392
classification,descriptor24_buffer_classifier_xgboost,descriptor24,XGBoost,all,46,o-salt+buffer__p-concentration,0.6765658482090365,403,salt+buffer,concentration,0.8247608818141566,0.1481950336051201
classification,descriptor24_buffer_classifier_xgboost,descriptor24,XGBoost,all,46,o-salt+buffer__p-functionalization+molecular_weight,0.7134437867533758,403,salt+buffer,functionalization+molecular_weight,0.8247608818141566,0.1113170950607808
classification,descriptor24_buffer_classifier_xgboost,descriptor24,XGBoost,all,46,o-salt+buffer__p-functionalization+concentration,0.6794261398746888,403,salt+buffer,functionalization+concentration,0.8247608818141566,0.14533474193946783
classification,descriptor24_buffer_classifier_xgboost,descriptor24,XGBoost,all,46,o-salt+buffer__p-molecular_weight+concentration,0.6817749653871543,403,salt+buffer,molecular_weight+concentration,0.8247608818141566,0.1429859164270023
classification,descriptor24_buffer_classifier_xgboost,descriptor24,XGBoost,all,46,o-salt+buffer__p-functionalization+molecular_weight+concentration,0.6784455694345708,403,salt+buffer,functionalization+molecular_weight+concentration,0.8247608818141566,0.14631531237958584
classification,descriptor24_buffer_classifier_xgboost,descriptor24,XGBoost,all,46,o-additive+salt+buffer__p-empty,0.48291221171672016,403,additive+salt+buffer,empty,0.8247608818141566,0.34184867009743647
classification,descriptor24_buffer_classifier_xgboost,descriptor24,XGBoost,all,46,o-additive+salt+buffer__p-functionalization,0.3298577242019832,403,additive+salt+buffer,functionalization,0.8247608818141566,0.4949031576121734
classification,descriptor24_buffer_classifier_xgboost,descriptor24,XGBoost,all,46,o-additive+salt+buffer__p-molecular_weight,0.343620782504445,403,additive+salt+buffer,molecular_weight,0.8247608818141566,0.48114009930971163
classification,descriptor24_buffer_classifier_xgboost,descriptor24,XGBoost,all,46,o-additive+salt+buffer__p-concentration,0.300979831457679,403,additive+salt+buffer,concentration,0.8247608818141566,0.5237810503564777
classification,descriptor24_buffer_classifier_xgboost,descriptor24,XGBoost,all,46,o-additive+salt+buffer__p-functionalization+molecular_weight,0.3348927267440077,403,additive+salt+buffer,functionalization+molecular_weight,0.8247608818141566,0.4898681550701489
classification,descriptor24_buffer_classifier_xgboost,descriptor24,XGBoost,all,46,o-additive+salt+buffer__p-functionalization+concentration,0.30309787811786904,403,additive+salt+buffer,functionalization+concentration,0.8247608818141566,0.5216630036962876
classification,descriptor24_buffer_classifier_xgboost,descriptor24,XGBoost,all,46,o-additive+salt+buffer__p-molecular_weight+concentration,0.29785272317775435,403,additive+salt+buffer,molecular_weight+concentration,0.8247608818141566,0.5269081586364023
classification,descriptor24_buffer_classifier_xgboost,descriptor24,XGBoost,all,46,o-additive+salt+buffer__p-functionalization+molecular_weight+concentration,0.2810429701847717,403,additive+salt+buffer,functionalization+molecular_weight+concentration,0.8247608818141566,0.5437179116293849
classification,descriptor24_buffer_classifier_xgboost,descriptor24,XGBoost,dexma_only,42,o-empty__p-empty,0.7289463219466153,355,empty,empty,0.7289463219466153,0.0
classification,descriptor24_buffer_classifier_xgboost,descriptor24,XGBoost,dexma_only,42,o-empty__p-functionalization,0.6936072252013873,355,empty,functionalization,0.7289463219466153,0.03533909674522806
classification,descriptor24_buffer_classifier_xgboost,descriptor24,XGBoost,dexma_only,42,o-empty__p-molecular_weight,0.7296549757735031,355,empty,molecular_weight,0.7289463219466153,-0.000708653826887784
classification,descriptor24_buffer_classifier_xgboost,descriptor24,XGBoost,dexma_only,42,o-empty__p-concentration,0.6477211983719495,355,empty,concentration,0.7289463219466153,0.08122512357466583
classification,descriptor24_buffer_classifier_xgboost,descriptor24,XGBoost,dexma_only,42,o-empty__p-functionalization+molecular_weight,0.704022742161909,355,empty,functionalization+molecular_weight,0.7289463219466153,0.024923579784706384
classification,descriptor24_buffer_classifier_xgboost,descriptor24,XGBoost,dexma_only,42,o-empty__p-functionalization+concentration,0.6401175197374489,355,empty,functionalization+concentration,0.7289463219466153,0.08882880220916645
classification,descriptor24_buffer_classifier_xgboost,descriptor24,XGBoost,dexma_only,42,o-empty__p-molecular_weight+concentration,0.664564168261492,355,empty,molecular_weight+concentration,0.7289463219466153,0.06438215368512334
classification,descriptor24_buffer_classifier_xgboost,descriptor24,XGBoost,dexma_only,42,o-empty__p-functionalization+molecular_weight+concentration,0.6554090252962543,355,empty,functionalization+molecular_weight+concentration,0.7289463219466153,0.07353729665036102
classification,descriptor24_buffer_classifier_xgboost,descriptor24,XGBoost,dexma_only,42,o-additive__p-empty,0.4619222581635504,355,additive,empty,0.7289463219466153,0.2670240637830649
classification,descriptor24_buffer_classifier_xgboost,descriptor24,XGBoost,dexma_only,42,o-additive__p-functionalization,0.3671349019569546,355,additive,functionalization,0.7289463219466153,0.36181141998966077
classification,descriptor24_buffer_classifier_xgboost,descriptor24,XGBoost,dexma_only,42,o-additive__p-molecular_weight,0.4141015714036961,355,additive,molecular_weight,0.7289463219466153,0.31484475054291927
classification,descriptor24_buffer_classifier_xgboost,descriptor24,XGBoost,dexma_only,42,o-additive__p-concentration,0.34092180851152226,355,additive,concentration,0.7289463219466153,0.3880245134350931
classification,descriptor24_buffer_classifier_xgboost,descriptor24,XGBoost,dexma_only,42,o-additive__p-functionalization+molecular_weight,0.38428551370348696,355,additive,functionalization+molecular_weight,0.7289463219466153,0.3446608082431284
classification,descriptor24_buffer_classifier_xgboost,descriptor24,XGBoost,dexma_only,42,o-additive__p-functionalization+concentration,0.31509701422972475,355,additive,functionalization+concentration,0.7289463219466153,0.4138493077168906
classification,descriptor24_buffer_classifier_xgboost,descriptor24,XGBoost,dexma_only,42,o-additive__p-molecular_weight+concentration,0.3346893311598196,355,additive,molecular_weight+concentration,0.7289463219466153,0.39425699078679577
classification,descriptor24_buffer_classifier_xgboost,descriptor24,XGBoost,dexma_only,42,o-additive__p-functionalization+molecular_weight+concentration,0.3102028977694618,355,additive,functionalization+molecular_weight+concentration,0.7289463219466153,0.41874342417715354
classification,descriptor24_buffer_classifier_xgboost,descriptor24,XGBoost,dexma_only,42,o-salt__p-empty,0.7300595575950377,355,salt,empty,0.7289463219466153,-0.0011132356484223616
classification,descriptor24_buffer_classifier_xgboost,descriptor24,XGBoost,dexma_only,42,o-salt__p-functionalization,0.7007000372097735,355,salt,functionalization,0.7289463219466153,0.028246284736841876
classification,descriptor24_buffer_classifier_xgboost,descriptor24,XGBoost,dexma_only,42,o-salt__p-molecular_weight,0.7189845493756652,355,salt,molecular_weight,0.7289463219466153,0.0099617725709501
classification,descriptor24_buffer_classifier_xgboost,descriptor24,XGBoost,dexma_only,42,o-salt__p-concentration,0.6611677293457652,355,salt,concentration,0.7289463219466153,0.06777859260085017
classification,descriptor24_buffer_classifier_xgboost,descriptor24,XGBoost,dexma_only,42,o-salt__p-functionalization+molecular_weight,0.7110452245963345,355,salt,functionalization+molecular_weight,0.7289463219466153,0.017901097350280892
classification,descriptor24_buffer_classifier_xgboost,descriptor24,XGBoost,dexma_only,42,o-salt__p-functionalization+concentration,0.6597040377905038,355,salt,functionalization+concentration,0.7289463219466153,0.06924228415611156
classification,descriptor24_buffer_classifier_xgboost,descriptor24,XGBoost,dexma_only,42,o-salt__p-molecular_weight+concentration,0.6734740202047975,355,salt,molecular_weight+concentration,0.7289463219466153,0.05547230174181783
classification,descriptor24_buffer_classifier_xgboost,descriptor24,XGBoost,dexma_only,42,o-salt__p-functionalization+molecular_weight+concentration,0.6711290001931204,355,salt,functionalization+molecular_weight+concentration,0.7289463219466153,0.057817321753494966
classification,descriptor24_buffer_classifier_xgboost,descriptor24,XGBoost,dexma_only,42,o-buffer__p-empty,0.7264532625325049,355,buffer,empty,0.7289463219466153,0.002493059414110488
classification,descriptor24_buffer_classifier_xgboost,descriptor24,XGBoost,dexma_only,42,o-buffer__p-functionalization,0.6948255625912899,355,buffer,functionalization,0.7289463219466153,0.034120759355325436
classification,descriptor24_buffer_classifier_xgboost,descriptor24,XGBoost,dexma_only,42,o-buffer__p-molecular_weight,0.7280292061437637,355,buffer,molecular_weight,0.7289463219466153,0.0009171158028516979
classification,descriptor24_buffer_classifier_xgboost,descriptor24,XGBoost,dexma_only,42,o-buffer__p-concentration,0.6537117843476102,355,buffer,concentration,0.7289463219466153,0.07523453759900511
classification,descriptor24_buffer_classifier_xgboost,descriptor24,XGBoost,dexma_only,42,o-buffer__p-functionalization+molecular_weight,0.7078948891787185,355,buffer,functionalization+molecular_weight,0.7289463219466153,0.021051432767896894
classification,descriptor24_buffer_classifier_xgboost,descriptor24,XGBoost,dexma_only,42,o-buffer__p-functionalization+concentration,0.6313088550103089,355,buffer,functionalization+concentration,0.7289463219466153,0.09763746693630648
classification,descriptor24_buffer_classifier_xgboost,descriptor24,XGBoost,dexma_only,42,o-buffer__p-molecular_weight+concentration,0.6642452108679009,355,buffer,molecular_weight+concentration,0.7289463219466153,0.06470111107871446
classification,descriptor24_buffer_classifier_xgboost,descriptor24,XGBoost,dexma_only,42,o-buffer__p-functionalization+molecular_weight+concentration,0.6541802546479487,355,buffer,functionalization+molecular_weight+concentration,0.7289463219466153,0.07476606729866664
classification,descriptor24_buffer_classifier_xgboost,descriptor24,XGBoost,dexma_only,42,o-additive+salt__p-empty,0.38786544028592435,355,additive+salt,empty,0.7289463219466153,0.341080881660691
classification,descriptor24_buffer_classifier_xgboost,descriptor24,XGBoost,dexma_only,42,o-additive+salt__p-functionalization,0.31873313595045183,355,additive+salt,functionalization,0.7289463219466153,0.4102131859961635
classification,descriptor24_buffer_classifier_xgboost,descriptor24,XGBoost,dexma_only,42,o-additive+salt__p-molecular_weight,0.3324261016743243,355,additive+salt,molecular_weight,0.7289463219466153,0.39652022027229106
classification,descriptor24_buffer_classifier_xgboost,descriptor24,XGBoost,dexma_only,42,o-additive+salt__p-concentration,0.2936891430091815,355,additive+salt,concentration,0.7289463219466153,0.4352571789374339
classification,descriptor24_buffer_classifier_xgboost,descriptor24,XGBoost,dexma_only,42,o-additive+salt__p-functionalization+molecular_weight,0.3183983881537393,355,additive+salt,functionalization+molecular_weight,0.7289463219466153,0.4105479337928761
classification,descriptor24_buffer_classifier_xgboost,descriptor24,XGBoost,dexma_only,42,o-additive+salt__p-functionalization+concentration,0.2882739046069456,355,additive+salt,functionalization+concentration,0.7289463219466153,0.4406724173396698
classification,descriptor24_buffer_classifier_xgboost,descriptor24,XGBoost,dexma_only,42,o-additive+salt__p-molecular_weight+concentration,0.2919331799915779,355,additive+salt,molecular_weight+concentration,0.7289463219466153,0.43701314195503743
classification,descriptor24_buffer_classifier_xgboost,descriptor24,XGBoost,dexma_only,42,o-additive+salt__p-functionalization+molecular_weight+concentration,0.27620776310229794,355,additive+salt,functionalization+molecular_weight+concentration,0.7289463219466153,0.4527385588443174
classification,descriptor24_buffer_classifier_xgboost,descriptor24,XGBoost,dexma_only,42,o-additive+buffer__p-empty,0.46508503899016695,355,additive+buffer,empty,0.7289463219466153,0.2638612829564484
classification,descriptor24_buffer_classifier_xgboost,descriptor24,XGBoost,dexma_only,42,o-additive+buffer__p-functionalization,0.3559088553640711,355,additive+buffer,functionalization,0.7289463219466153,0.3730374665825443
classification,descriptor24_buffer_classifier_xgboost,descriptor24,XGBoost,dexma_only,42,o-additive+buffer__p-molecular_weight,0.4116079341209595,355,additive+buffer,molecular_weight,0.7289463219466153,0.3173383878256559
classification,descriptor24_buffer_classifier_xgboost,descriptor24,XGBoost,dexma_only,42,o-additive+buffer__p-concentration,0.33399286370765485,355,additive+buffer,concentration,0.7289463219466153,0.3949534582389605
classification,descriptor24_buffer_classifier_xgboost,descriptor24,XGBoost,dexma_only,42,o-additive+buffer__p-functionalization+molecular_weight,0.38050767373145655,355,additive+buffer,functionalization+molecular_weight,0.7289463219466153,0.3484386482151588
classification,descriptor24_buffer_classifier_xgboost,descriptor24,XGBoost,dexma_only,42,o-additive+buffer__p-functionalization+concentration,0.3009059262000435,355,additive+buffer,functionalization+concentration,0.7289463219466153,0.4280403957465718
classification,descriptor24_buffer_classifier_xgboost,descriptor24,XGBoost,dexma_only,42,o-additive+buffer__p-molecular_weight+concentration,0.3261624915417587,355,additive+buffer,molecular_weight+concentration,0.7289463219466153,0.40278383040485666
classification,descriptor24_buffer_classifier_xgboost,descriptor24,XGBoost,dexma_only,42,o-additive+buffer__p-functionalization+molecular_weight+concentration,0.2964219102771616,355,additive+buffer,functionalization+molecular_weight+concentration,0.7289463219466153,0.43252441166945377
classification,descriptor24_buffer_classifier_xgboost,descriptor24,XGBoost,dexma_only,42,o-salt+buffer__p-empty,0.7194372521673315,355,salt+buffer,empty,0.7289463219466153,0.009509069779283896
classification,descriptor24_buffer_classifier_xgboost,descriptor24,XGBoost,dexma_only,42,o-salt+buffer__p-functionalization,0.6859192323058441,355,salt+buffer,functionalization,0.7289463219466153,0.04302708964077129
classification,descriptor24_buffer_classifier_xgboost,descriptor24,XGBoost,dexma_only,42,o-salt+buffer__p-molecular_weight,0.7067371455175125,355,salt+buffer,molecular_weight,0.7289463219466153,0.022209176429102806
classification,descriptor24_buffer_classifier_xgboost,descriptor24,XGBoost,dexma_only,42,o-salt+buffer__p-concentration,0.6529032162468532,355,salt+buffer,concentration,0.7289463219466153,0.07604310569976214
classification,descriptor24_buffer_classifier_xgboost,descriptor24,XGBoost,dexma_only,42,o-salt+buffer__p-functionalization+molecular_weight,0.6996509446849503,355,salt+buffer,functionalization+molecular_weight,0.7289463219466153,0.02929537726166509
classification,descriptor24_buffer_classifier_xgboost,descriptor24,XGBoost,dexma_only,42,o-salt+buffer__p-functionalization+concentration,0.6513395962561881,355,salt+buffer,functionalization+concentration,0.7289463219466153,0.07760672569042726
classification,descriptor24_buffer_classifier_xgboost,descriptor24,XGBoost,dexma_only,42,o-salt+buffer__p-molecular_weight+concentration,0.6646019868532559,355,salt+buffer,molecular_weight+concentration,0.7289463219466153,0.06434433509335946
classification,descriptor24_buffer_classifier_xgboost,descriptor24,XGBoost,dexma_only,42,o-salt+buffer__p-functionalization+molecular_weight+concentration,0.6613619607099429,355,salt+buffer,functionalization+molecular_weight+concentration,0.7289463219466153,0.06758436123667244
classification,descriptor24_buffer_classifier_xgboost,descriptor24,XGBoost,dexma_only,42,o-additive+salt+buffer__p-empty,0.39078469628168555,355,additive+salt+buffer,empty,0.7289463219466153,0.3381616256649298
classification,descriptor24_buffer_classifier_xgboost,descriptor24,XGBoost,dexma_only,42,o-additive+salt+buffer__p-functionalization,0.3125886054176689,355,additive+salt+buffer,functionalization,0.7289463219466153,0.41635771652894643
classification,descriptor24_buffer_classifier_xgboost,descriptor24,XGBoost,dexma_only,42,o-additive+salt+buffer__p-molecular_weight,0.3333399943671564,355,additive+salt+buffer,molecular_weight,0.7289463219466153,0.39560632757945896
classification,descriptor24_buffer_classifier_xgboost,descriptor24,XGBoost,dexma_only,42,o-additive+salt+buffer__p-concentration,0.2842288605411695,355,additive+salt+buffer,concentration,0.7289463219466153,0.4447174614054458
classification,descriptor24_buffer_classifier_xgboost,descriptor24,XGBoost,dexma_only,42,o-additive+salt+buffer__p-functionalization+molecular_weight,0.3166243997669382,355,additive+salt+buffer,functionalization+molecular_weight,0.7289463219466153,0.41232192217967717
classification,descriptor24_buffer_classifier_xgboost,descriptor24,XGBoost,dexma_only,42,o-additive+salt+buffer__p-functionalization+concentration,0.2790571450033325,355,additive+salt+buffer,functionalization+concentration,0.7289463219466153,0.44988917694328284
classification,descriptor24_buffer_classifier_xgboost,descriptor24,XGBoost,dexma_only,42,o-additive+salt+buffer__p-molecular_weight+concentration,0.2841743965322459,355,additive+salt+buffer,molecular_weight+concentration,0.7289463219466153,0.44477192541436944
classification,descriptor24_buffer_classifier_xgboost,descriptor24,XGBoost,dexma_only,42,o-additive+salt+buffer__p-functionalization+molecular_weight+concentration,0.2663818482709789,355,additive+salt+buffer,functionalization+molecular_weight+concentration,0.7289463219466153,0.46256447367563647
classification,descriptor24_buffer_classifier_xgboost,descriptor24,XGBoost,dexma_only,43,o-empty__p-empty,0.7290245909626104,355,empty,empty,0.7290245909626104,0.0
classification,descriptor24_buffer_classifier_xgboost,descriptor24,XGBoost,dexma_only,43,o-empty__p-functionalization,0.6962402100771263,355,empty,functionalization,0.7290245909626104,0.03278438088548408
classification,descriptor24_buffer_classifier_xgboost,descriptor24,XGBoost,dexma_only,43,o-empty__p-molecular_weight,0.7261854714600176,355,empty,molecular_weight,0.7290245909626104,0.0028391195025928573
classification,descriptor24_buffer_classifier_xgboost,descriptor24,XGBoost,dexma_only,43,o-empty__p-concentration,0.6481547580922405,355,empty,concentration,0.7290245909626104,0.08086983287036986
classification,descriptor24_buffer_classifier_xgboost,descriptor24,XGBoost,dexma_only,43,o-empty__p-functionalization+molecular_weight,0.7037535869352761,355,empty,functionalization+molecular_weight,0.7290245909626104,0.025271004027334287
classification,descriptor24_buffer_classifier_xgboost,descriptor24,XGBoost,dexma_only,43,o-empty__p-functionalization+concentration,0.6439173341924227,355,empty,functionalization+concentration,0.7290245909626104,0.08510725677018771
classification,descriptor24_buffer_classifier_xgboost,descriptor24,XGBoost,dexma_only,43,o-empty__p-molecular_weight+concentration,0.6656434219701909,355,empty,molecular_weight+concentration,0.7290245909626104,0.06338116899241952
classification,descriptor24_buffer_classifier_xgboost,descriptor24,XGBoost,dexma_only,43,o-empty__p-functionalization+molecular_weight+concentration,0.6664439512391216,355,empty,functionalization+molecular_weight+concentration,0.7290245909626104,0.06258063972348882
classification,descriptor24_buffer_classifier_xgboost,descriptor24,XGBoost,dexma_only,43,o-additive__p-empty,0.4716888864545565,355,additive,empty,0.7290245909626104,0.25733570450805393
classification,descriptor24_buffer_classifier_xgboost,descriptor24,XGBoost,dexma_only,43,o-additive__p-functionalization,0.3968413767053533,355,additive,functionalization,0.7290245909626104,0.3321832142572571
classification,descriptor24_buffer_classifier_xgboost,descriptor24,XGBoost,dexma_only,43,o-additive__p-molecular_weight,0.43381375718375664,355,additive,molecular_weight,0.7290245909626104,0.29521083377885377
classification,descriptor24_buffer_classifier_xgboost,descriptor24,XGBoost,dexma_only,43,o-additive__p-concentration,0.3507067173200413,355,additive,concentration,0.7290245909626104,0.37831787364256914
classification,descriptor24_buffer_classifier_xgboost,descriptor24,XGBoost,dexma_only,43,o-additive__p-functionalization+molecular_weight,0.4072143270877086,355,additive,functionalization+molecular_weight,0.7290245909626104,0.3218102638749018
classification,descriptor24_buffer_classifier_xgboost,descriptor24,XGBoost,dexma_only,43,o-additive__p-functionalization+concentration,0.33611514197955294,355,additive,functionalization+concentration,0.7290245909626104,0.39290944898305746
classification,descriptor24_buffer_classifier_xgboost,descriptor24,XGBoost,dexma_only,43,o-additive__p-molecular_weight+concentration,0.3428245748569889,355,additive,molecular_weight+concentration,0.7290245909626104,0.3862000161056215
classification,descriptor24_buffer_classifier_xgboost,descriptor24,XGBoost,dexma_only,43,o-additive__p-functionalization+molecular_weight+concentration,0.3210176604526487,355,additive,functionalization+molecular_weight+concentration,0.7290245909626104,0.40800693050996173
classification,descriptor24_buffer_classifier_xgboost,descriptor24,XGBoost,dexma_only,43,o-salt__p-empty,0.7095153913653504,355,salt,empty,0.7290245909626104,0.019509199597260052
classification,descriptor24_buffer_classifier_xgboost,descriptor24,XGBoost,dexma_only,43,o-salt__p-functionalization,0.684769017447321,355,salt,functionalization,0.7290245909626104,0.044255573515289415
classification,descriptor24_buffer_classifier_xgboost,descriptor24,XGBoost,dexma_only,43,o-salt__p-molecular_weight,0.6977359688553606,355,salt,molecular_weight,0.7290245909626104,0.03128862210724981
classification,descriptor24_buffer_classifier_xgboost,descriptor24,XGBoost,dexma_only,43,o-salt__p-concentration,0.63859911834582,355,salt,concentration,0.7290245909626104,0.09042547261679046
classification,descriptor24_buffer_classifier_xgboost,descriptor24,XGBoost,dexma_only,43,o-salt__p-functionalization+molecular_weight,0.6935181497309773,355,salt,functionalization+molecular_weight,0.7290245909626104,0.03550644123163316
classification,descriptor24_buffer_classifier_xgboost,descriptor24,XGBoost,dexma_only,43,o-salt__p-functionalization+concentration,0.6464520296324762,355,salt,functionalization+concentration,0.7290245909626104,0.08257256133013424
classification,descriptor24_buffer_classifier_xgboost,descriptor24,XGBoost,dexma_only,43,o-salt__p-molecular_weight+concentration,0.6544042871858592,355,salt,molecular_weight+concentration,0.7290245909626104,0.07462030377675122
classification,descriptor24_buffer_classifier_xgboost,descriptor24,XGBoost,dexma_only,43,o-salt__p-functionalization+molecular_weight+concentration,0.6561314710894608,355,salt,functionalization+molecular_weight+concentration,0.7290245909626104,0.07289311987314961
classification,descriptor24_buffer_classifier_xgboost,descriptor24,XGBoost,dexma_only,43,o-buffer__p-empty,0.7284237166072332,355,buffer,empty,0.7290245909626104,0.0006008743553772566
classification,descriptor24_buffer_classifier_xgboost,descriptor24,XGBoost,dexma_only,43,o-buffer__p-functionalization,0.6971326153313219,355,buffer,functionalization,0.7290245909626104,0.03189197563128854
classification,descriptor24_buffer_classifier_xgboost,descriptor24,XGBoost,dexma_only,43,o-buffer__p-molecular_weight,0.7245281252649015,355,buffer,molecular_weight,0.7290245909626104,0.004496465697708896
classification,descriptor24_buffer_classifier_xgboost,descriptor24,XGBoost,dexma_only,43,o-buffer__p-concentration,0.6578219636679818,355,buffer,concentration,0.7290245909626104,0.07120262729462856
classification,descriptor24_buffer_classifier_xgboost,descriptor24,XGBoost,dexma_only,43,o-buffer__p-functionalization+molecular_weight,0.7111889544465552,355,buffer,functionalization+molecular_weight,0.7290245909626104,0.017835636516055242
classification,descriptor24_buffer_classifier_xgboost,descriptor24,XGBoost,dexma_only,43,o-buffer__p-functionalization+concentration,0.6391896509622969,355,buffer,functionalization+concentration,0.7290245909626104,0.08983494000031356
classification,descriptor24_buffer_classifier_xgboost,descriptor24,XGBoost,dexma_only,43,o-buffer__p-molecular_weight+concentration,0.6735088064514049,355,buffer,molecular_weight+concentration,0.7290245909626104,0.055515784511205535
classification,descriptor24_buffer_classifier_xgboost,descriptor24,XGBoost,dexma_only,43,o-buffer__p-functionalization+molecular_weight+concentration,0.6689039333764725,355,buffer,functionalization+molecular_weight+concentration,0.7290245909626104,0.06012065758613794
classification,descriptor24_buffer_classifier_xgboost,descriptor24,XGBoost,dexma_only,43,o-additive+salt__p-empty,0.3958088352112258,355,additive+salt,empty,0.7290245909626104,0.3332157557513846
classification,descriptor24_buffer_classifier_xgboost,descriptor24,XGBoost,dexma_only,43,o-additive+salt__p-functionalization,0.3573931186032497,355,additive+salt,functionalization,0.7290245909626104,0.3716314723593607
classification,descriptor24_buffer_classifier_xgboost,descriptor24,XGBoost,dexma_only,43,o-additive+salt__p-molecular_weight,0.34345979226189055,355,additive+salt,molecular_weight,0.7290245909626104,0.38556479870071986
classification,descriptor24_buffer_classifier_xgboost,descriptor24,XGBoost,dexma_only,43,o-additive+salt__p-concentration,0.30709062122561875,355,additive+salt,concentration,0.7290245909626104,0.42193396973699165
classification,descriptor24_buffer_classifier_xgboost,descriptor24,XGBoost,dexma_only,43,o-additive+salt__p-functionalization+molecular_weight,0.3495691848991595,355,additive+salt,functionalization+molecular_weight,0.7290245909626104,0.3794554060634509
classification,descriptor24_buffer_classifier_xgboost,descriptor24,XGBoost,dexma_only,43,o-additive+salt__p-functionalization+concentration,0.3188511737412832,355,additive+salt,functionalization+concentration,0.7290245909626104,0.4101734172213272
classification,descriptor24_buffer_classifier_xgboost,descriptor24,XGBoost,dexma_only,43,o-additive+salt__p-molecular_weight+concentration,0.2999731716008071,355,additive+salt,molecular_weight+concentration,0.7290245909626104,0.4290514193618033
classification,descriptor24_buffer_classifier_xgboost,descriptor24,XGBoost,dexma_only,43,o-additive+salt__p-functionalization+molecular_weight+concentration,0.2944299950687138,355,additive+salt,functionalization+molecular_weight+concentration,0.7290245909626104,0.4345945958938966
classification,descriptor24_buffer_classifier_xgboost,descriptor24,XGBoost,dexma_only,43,o-additive+buffer__p-empty,0.4724310067635885,355,additive+buffer,empty,0.7290245909626104,0.2565935841990219
classification,descriptor24_buffer_classifier_xgboost,descriptor24,XGBoost,dexma_only,43,o-additive+buffer__p-functionalization,0.39587398237277044,355,additive+buffer,functionalization,0.7290245909626104,0.33315060858983997
classification,descriptor24_buffer_classifier_xgboost,descriptor24,XGBoost,dexma_only,43,o-additive+buffer__p-molecular_weight,0.43538015618461834,355,additive+buffer,molecular_weight,0.7290245909626104,0.29364443477799207
classification,descriptor24_buffer_classifier_xgboost,descriptor24,XGBoost,dexma_only,43,o-additive+buffer__p-concentration,0.34248627977934964,355,additive+buffer,concentration,0.7290245909626104,0.38653831118326076
classification,descriptor24_buffer_classifier_xgboost,descriptor24,XGBoost,dexma_only,43,o-additive+buffer__p-functionalization+molecular_weight,0.40668650011321983,355,additive+buffer,functionalization+molecular_weight,0.7290245909626104,0.3223380908493906
classification,descriptor24_buffer_classifier_xgboost,descriptor24,XGBoost,dexma_only,43,o-additive+buffer__p-functionalization+concentration,0.32043635932675524,355,additive+buffer,functionalization+concentration,0.7290245909626104,0.40858823163585517
classification,descriptor24_buffer_classifier_xgboost,descriptor24,XGBoost,dexma_only,43,o-additive+buffer__p-molecular_weight+concentration,0.3354483435227977,355,additive+buffer,molecular_weight+concentration,0.7290245909626104,0.39357624743981273
classification,descriptor24_buffer_classifier_xgboost,descriptor24,XGBoost,dexma_only,43,o-additive+buffer__p-functionalization+molecular_weight+concentration,0.30970333090209484,355,additive+buffer,functionalization+molecular_weight+concentration,0.7290245909626104,0.41932126006051557
classification,descriptor24_buffer_classifier_xgboost,descriptor24,XGBoost,dexma_only,43,o-salt+buffer__p-empty,0.7012509260601919,355,salt+buffer,empty,0.7290245909626104,0.027773664902418504
classification,descriptor24_buffer_classifier_xgboost,descriptor24,XGBoost,dexma_only,43,o-salt+buffer__p-functionalization,0.680048380435651,355,salt+buffer,functionalization,0.7290245909626104,0.04897621052695944
classification,descriptor24_buffer_classifier_xgboost,descriptor24,XGBoost,dexma_only,43,o-salt+buffer__p-molecular_weight,0.6935553715979776,355,salt+buffer,molecular_weight,0.7290245909626104,0.035469219364632765
classification,descriptor24_buffer_classifier_xgboost,descriptor24,XGBoost,dexma_only,43,o-salt+buffer__p-concentration,0.6365237030643204,355,salt+buffer,concentration,0.7290245909626104,0.09250088789829003
classification,descriptor24_buffer_classifier_xgboost,descriptor24,XGBoost,dexma_only,43,o-salt+buffer__p-functionalization+molecular_weight,0.6890449830549302,355,salt+buffer,functionalization+molecular_weight,0.7290245909626104,0.03997960790768018
classification,descriptor24_buffer_classifier_xgboost,descriptor24,XGBoost,dexma_only,43,o-salt+buffer__p-functionalization+concentration,0.6453905962849457,355,salt+buffer,functionalization+concentration,0.7290245909626104,0.08363399467766475
classification,descriptor24_buffer_classifier_xgboost,descriptor24,XGBoost,dexma_only,43,o-salt+buffer__p-molecular_weight+concentration,0.652763686962601,355,salt+buffer,molecular_weight+concentration,0.7290245909626104,0.0762609040000094
classification,descriptor24_buffer_classifier_xgboost,descriptor24,XGBoost,dexma_only,43,o-salt+buffer__p-functionalization+molecular_weight+concentration,0.6530798526283681,355,salt+buffer,functionalization+molecular_weight+concentration,0.7290245909626104,0.07594473833424231
classification,descriptor24_buffer_classifier_xgboost,descriptor24,XGBoost,dexma_only,43,o-additive+salt+buffer__p-empty,0.4018817096066733,355,additive+salt+buffer,empty,0.7290245909626104,0.3271428813559371
classification,descriptor24_buffer_classifier_xgboost,descriptor24,XGBoost,dexma_only,43,o-additive+salt+buffer__p-functionalization,0.35394105708567325,355,additive+salt+buffer,functionalization,0.7290245909626104,0.37508353387693716
classification,descriptor24_buffer_classifier_xgboost,descriptor24,XGBoost,dexma_only,43,o-additive+salt+buffer__p-molecular_weight,0.3425350848352855,355,additive+salt+buffer,molecular_weight,0.7290245909626104,0.3864895061273249
classification,descriptor24_buffer_classifier_xgboost,descriptor24,XGBoost,dexma_only,43,o-additive+salt+buffer__p-concentration,0.29386140584993575,355,additive+salt+buffer,concentration,0.7290245909626104,0.43516318511267466
classification,descriptor24_buffer_classifier_xgboost,descriptor24,XGBoost,dexma_only,43,o-additive+salt+buffer__p-functionalization+molecular_weight,0.34864147962002995,355,additive+salt+buffer,functionalization+molecular_weight,0.7290245909626104,0.38038311134258046
classification,descriptor24_buffer_classifier_xgboost,descriptor24,XGBoost,dexma_only,43,o-additive+salt+buffer__p-functionalization+concentration,0.3052379698228159,355,additive+salt+buffer,functionalization+concentration,0.7290245909626104,0.4237866211397945
classification,descriptor24_buffer_classifier_xgboost,descriptor24,XGBoost,dexma_only,43,o-additive+salt+buffer__p-molecular_weight+concentration,0.2894325720846033,355,additive+salt+buffer,molecular_weight+concentration,0.7290245909626104,0.4395920188780071
classification,descriptor24_buffer_classifier_xgboost,descriptor24,XGBoost,dexma_only,43,o-additive+salt+buffer__p-functionalization+molecular_weight+concentration,0.28341531318268687,355,additive+salt+buffer,functionalization+molecular_weight+concentration,0.7290245909626104,0.44560927777992354
classification,descriptor24_buffer_classifier_xgboost,descriptor24,XGBoost,dexma_only,44,o-empty__p-empty,0.7290658535623911,355,empty,empty,0.7290658535623911,0.0
classification,descriptor24_buffer_classifier_xgboost,descriptor24,XGBoost,dexma_only,44,o-empty__p-functionalization,0.7061959011017256,355,empty,functionalization,0.7290658535623911,0.022869952460665477
classification,descriptor24_buffer_classifier_xgboost,descriptor24,XGBoost,dexma_only,44,o-empty__p-molecular_weight,0.7220961384440323,355,empty,molecular_weight,0.7290658535623911,0.006969715118358755
classification,descriptor24_buffer_classifier_xgboost,descriptor24,XGBoost,dexma_only,44,o-empty__p-concentration,0.6668045485426042,355,empty,concentration,0.7290658535623911,0.06226130501978688
classification,descriptor24_buffer_classifier_xgboost,descriptor24,XGBoost,dexma_only,44,o-empty__p-functionalization+molecular_weight,0.7042497291105163,355,empty,functionalization+molecular_weight,0.7290658535623911,0.024816124451874755
classification,descriptor24_buffer_classifier_xgboost,descriptor24,XGBoost,dexma_only,44,o-empty__p-functionalization+concentration,0.6677442664373241,355,empty,functionalization+concentration,0.7290658535623911,0.06132158712506697
classification,descriptor24_buffer_classifier_xgboost,descriptor24,XGBoost,dexma_only,44,o-empty__p-molecular_weight+concentration,0.6754911112551881,355,empty,molecular_weight+concentration,0.7290658535623911,0.05357474230720294
classification,descriptor24_buffer_classifier_xgboost,descriptor24,XGBoost,dexma_only,44,o-empty__p-functionalization+molecular_weight+concentration,0.6734026139220466,355,empty,functionalization+molecular_weight+concentration,0.7290658535623911,0.055663239640344475
classification,descriptor24_buffer_classifier_xgboost,descriptor24,XGBoost,dexma_only,44,o-additive__p-empty,0.4831711883197963,355,additive,empty,0.7290658535623911,0.2458946652425948
classification,descriptor24_buffer_classifier_xgboost,descriptor24,XGBoost,dexma_only,44,o-additive__p-functionalization,0.41923330327640856,355,additive,functionalization,0.7290658535623911,0.3098325502859825
classification,descriptor24_buffer_classifier_xgboost,descriptor24,XGBoost,dexma_only,44,o-additive__p-molecular_weight,0.45224100578811743,355,additive,molecular_weight,0.7290658535623911,0.27682484777427363
classification,descriptor24_buffer_classifier_xgboost,descriptor24,XGBoost,dexma_only,44,o-additive__p-concentration,0.37696932285731793,355,additive,concentration,0.7290658535623911,0.35209653070507313
classification,descriptor24_buffer_classifier_xgboost,descriptor24,XGBoost,dexma_only,44,o-additive__p-functionalization+molecular_weight,0.42121706165177075,355,additive,functionalization+molecular_weight,0.7290658535623911,0.3078487919106203
classification,descriptor24_buffer_classifier_xgboost,descriptor24,XGBoost,dexma_only,44,o-additive__p-functionalization+concentration,0.36322792488565275,355,additive,functionalization+concentration,0.7290658535623911,0.3658379286767383
classification,descriptor24_buffer_classifier_xgboost,descriptor24,XGBoost,dexma_only,44,o-additive__p-molecular_weight+concentration,0.3687788508946007,355,additive,molecular_weight+concentration,0.7290658535623911,0.36028700266779035
classification,descriptor24_buffer_classifier_xgboost,descriptor24,XGBoost,dexma_only,44,o-additive__p-functionalization+molecular_weight+concentration,0.3459187544919097,355,additive,functionalization+molecular_weight+concentration,0.7290658535623911,0.3831470990704814
classification,descriptor24_buffer_classifier_xgboost,descriptor24,XGBoost,dexma_only,44,o-salt__p-empty,0.7130297879433992,355,salt,empty,0.7290658535623911,0.016036065618991846
classification,descriptor24_buffer_classifier_xgboost,descriptor24,XGBoost,dexma_only,44,o-salt__p-functionalization,0.7005697763570443,355,salt,functionalization,0.7290658535623911,0.028496077205346748
classification,descriptor24_buffer_classifier_xgboost,descriptor24,XGBoost,dexma_only,44,o-salt__p-molecular_weight,0.7089878348255422,355,salt,molecular_weight,0.7290658535623911,0.02007801873684889
classification,descriptor24_buffer_classifier_xgboost,descriptor24,XGBoost,dexma_only,44,o-salt__p-concentration,0.6575793117024432,355,salt,concentration,0.7290658535623911,0.07148654185994785
classification,descriptor24_buffer_classifier_xgboost,descriptor24,XGBoost,dexma_only,44,o-salt__p-functionalization+molecular_weight,0.7057429372176097,355,salt,functionalization+molecular_weight,0.7290658535623911,0.02332291634478134
classification,descriptor24_buffer_classifier_xgboost,descriptor24,XGBoost,dexma_only,44,o-salt__p-functionalization+concentration,0.6598821312005984,355,salt,functionalization+concentration,0.7290658535623911,0.06918372236179271
classification,descriptor24_buffer_classifier_xgboost,descriptor24,XGBoost,dexma_only,44,o-salt__p-molecular_weight+concentration,0.668346897735366,355,salt,molecular_weight+concentration,0.7290658535623911,0.06071895582702502
classification,descriptor24_buffer_classifier_xgboost,descriptor24,XGBoost,dexma_only,44,o-salt__p-functionalization+molecular_weight+concentration,0.6656253927266254,355,salt,functionalization+molecular_weight+concentration,0.7290658535623911,0.06344046083576571
classification,descriptor24_buffer_classifier_xgboost,descriptor24,XGBoost,dexma_only,44,o-buffer__p-empty,0.7257114121071581,355,buffer,empty,0.7290658535623911,0.0033544414552330037
classification,descriptor24_buffer_classifier_xgboost,descriptor24,XGBoost,dexma_only,44,o-buffer__p-functionalization,0.702587124698122,355,buffer,functionalization,0.7290658535623911,0.026478728864269052
classification,descriptor24_buffer_classifier_xgboost,descriptor24,XGBoost,dexma_only,44,o-buffer__p-molecular_weight,0.7194064751431825,355,buffer,molecular_weight,0.7290658535623911,0.009659378419208609
classification,descriptor24_buffer_classifier_xgboost,descriptor24,XGBoost,dexma_only,44,o-buffer__p-concentration,0.6659126930012703,355,buffer,concentration,0.7290658535623911,0.06315316056112075
classification,descriptor24_buffer_classifier_xgboost,descriptor24,XGBoost,dexma_only,44,o-buffer__p-functionalization+molecular_weight,0.7024634374492812,355,buffer,functionalization+molecular_weight,0.7290658535623911,0.026602416113109872
classification,descriptor24_buffer_classifier_xgboost,descriptor24,XGBoost,dexma_only,44,o-buffer__p-functionalization+concentration,0.6521552385802208,355,buffer,functionalization+concentration,0.7290658535623911,0.07691061498217022
classification,descriptor24_buffer_classifier_xgboost,descriptor24,XGBoost,dexma_only,44,o-buffer__p-molecular_weight+concentration,0.677295360901188,355,buffer,molecular_weight+concentration,0.7290658535623911,0.05177049266120304
classification,descriptor24_buffer_classifier_xgboost,descriptor24,XGBoost,dexma_only,44,o-buffer__p-functionalization+molecular_weight+concentration,0.6707513275055584,355,buffer,functionalization+molecular_weight+concentration,0.7290658535623911,0.05831452605683263
classification,descriptor24_buffer_classifier_xgboost,descriptor24,XGBoost,dexma_only,44,o-additive+salt__p-empty,0.4158990356377077,355,additive+salt,empty,0.7290658535623911,0.31316681792468337
classification,descriptor24_buffer_classifier_xgboost,descriptor24,XGBoost,dexma_only,44,o-additive+salt__p-functionalization,0.3762436237971578,355,additive+salt,functionalization,0.7290658535623911,0.35282222976523325
classification,descriptor24_buffer_classifier_xgboost,descriptor24,XGBoost,dexma_only,44,o-additive+salt__p-molecular_weight,0.3722226343534239,355,additive+salt,molecular_weight,0.7290658535623911,0.35684321920896717
classification,descriptor24_buffer_classifier_xgboost,descriptor24,XGBoost,dexma_only,44,o-additive+salt__p-concentration,0.33347196737114526,355,additive+salt,concentration,0.7290658535623911,0.3955938861912458
classification,descriptor24_buffer_classifier_xgboost,descriptor24,XGBoost,dexma_only,44,o-additive+salt__p-functionalization+molecular_weight,0.36755851257725103,355,additive+salt,functionalization+molecular_weight,0.7290658535623911,0.36150734098514004
classification,descriptor24_buffer_classifier_xgboost,descriptor24,XGBoost,dexma_only,44,o-additive+salt__p-functionalization+concentration,0.33894368426422056,355,additive+salt,functionalization+concentration,0.7290658535623911,0.3901221692981705
classification,descriptor24_buffer_classifier_xgboost,descriptor24,XGBoost,dexma_only,44,o-additive+salt__p-molecular_weight+concentration,0.3292959882671349,355,additive+salt,molecular_weight+concentration,0.7290658535623911,0.39976986529525615
classification,descriptor24_buffer_classifier_xgboost,descriptor24,XGBoost,dexma_only,44,o-additive+salt__p-functionalization+molecular_weight+concentration,0.3125439981824536,355,additive+salt,functionalization+molecular_weight+concentration,0.7290658535623911,0.41652185537993747
classification,descriptor24_buffer_classifier_xgboost,descriptor24,XGBoost,dexma_only,44,o-additive+buffer__p-empty,0.48153703298706063,355,additive+buffer,empty,0.7290658535623911,0.24752882057533043
classification,descriptor24_buffer_classifier_xgboost,descriptor24,XGBoost,dexma_only,44,o-additive+buffer__p-functionalization,0.4081031180593881,355,additive+buffer,functionalization,0.7290658535623911,0.32096273550300297
classification,descriptor24_buffer_classifier_xgboost,descriptor24,XGBoost,dexma_only,44,o-additive+buffer__p-molecular_weight,0.4459945491459265,355,additive+buffer,molecular_weight,0.7290658535623911,0.28307130441646455
classification,descriptor24_buffer_classifier_xgboost,descriptor24,XGBoost,dexma_only,44,o-additive+buffer__p-concentration,0.36579771931240673,355,additive+buffer,concentration,0.7290658535623911,0.36326813424998433
classification,descriptor24_buffer_classifier_xgboost,descriptor24,XGBoost,dexma_only,44,o-additive+buffer__p-functionalization+molecular_weight,0.41297175849362877,355,additive+buffer,functionalization+molecular_weight,0.7290658535623911,0.3160940950687623
classification,descriptor24_buffer_classifier_xgboost,descriptor24,XGBoost,dexma_only,44,o-additive+buffer__p-functionalization+concentration,0.3473918836775568,355,additive+buffer,functionalization+concentration,0.7290658535623911,0.38167396988483426
classification,descriptor24_buffer_classifier_xgboost,descriptor24,XGBoost,dexma_only,44,o-additive+buffer__p-molecular_weight+concentration,0.35819745748614057,355,additive+buffer,molecular_weight+concentration,0.7290658535623911,0.3708683960762505
classification,descriptor24_buffer_classifier_xgboost,descriptor24,XGBoost,dexma_only,44,o-additive+buffer__p-functionalization+molecular_weight+concentration,0.32981643408242217,355,additive+buffer,functionalization+molecular_weight+concentration,0.7290658535623911,0.3992494194799689
classification,descriptor24_buffer_classifier_xgboost,descriptor24,XGBoost,dexma_only,44,o-salt+buffer__p-empty,0.7022199508418006,355,salt+buffer,empty,0.7290658535623911,0.02684590272059051
classification,descriptor24_buffer_classifier_xgboost,descriptor24,XGBoost,dexma_only,44,o-salt+buffer__p-functionalization,0.6881611916571663,355,salt+buffer,functionalization,0.7290658535623911,0.04090466190522479
classification,descriptor24_buffer_classifier_xgboost,descriptor24,XGBoost,dexma_only,44,o-salt+buffer__p-molecular_weight,0.6970285479407999,355,salt+buffer,molecular_weight,0.7290658535623911,0.03203730562159113
classification,descriptor24_buffer_classifier_xgboost,descriptor24,XGBoost,dexma_only,44,o-salt+buffer__p-concentration,0.6509755052682513,355,salt+buffer,concentration,0.7290658535623911,0.07809034829413974
classification,descriptor24_buffer_classifier_xgboost,descriptor24,XGBoost,dexma_only,44,o-salt+buffer__p-functionalization+molecular_weight,0.6935218102374998,355,salt+buffer,functionalization+molecular_weight,0.7290658535623911,0.03554404332489125
classification,descriptor24_buffer_classifier_xgboost,descriptor24,XGBoost,dexma_only,44,o-salt+buffer__p-functionalization+concentration,0.6533980711901279,355,salt+buffer,functionalization+concentration,0.7290658535623911,0.07566778237226313
classification,descriptor24_buffer_classifier_xgboost,descriptor24,XGBoost,dexma_only,44,o-salt+buffer__p-molecular_weight+concentration,0.6616856980443947,355,salt+buffer,molecular_weight+concentration,0.7290658535623911,0.06738015551799637
classification,descriptor24_buffer_classifier_xgboost,descriptor24,XGBoost,dexma_only,44,o-salt+buffer__p-functionalization+molecular_weight+concentration,0.6591804191806194,355,salt+buffer,functionalization+molecular_weight+concentration,0.7290658535623911,0.06988543438177164
classification,descriptor24_buffer_classifier_xgboost,descriptor24,XGBoost,dexma_only,44,o-additive+salt+buffer__p-empty,0.41859476366604953,355,additive+salt+buffer,empty,0.7290658535623911,0.31047108989634153
classification,descriptor24_buffer_classifier_xgboost,descriptor24,XGBoost,dexma_only,44,o-additive+salt+buffer__p-functionalization,0.36543022903382155,355,additive+salt+buffer,functionalization,0.7290658535623911,0.3636356245285695
classification,descriptor24_buffer_classifier_xgboost,descriptor24,XGBoost,dexma_only,44,o-additive+salt+buffer__p-molecular_weight,0.3683564292516254,355,additive+salt+buffer,molecular_weight,0.7290658535623911,0.3607094243107657
classification,descriptor24_buffer_classifier_xgboost,descriptor24,XGBoost,dexma_only,44,o-additive+salt+buffer__p-concentration,0.32140368390932106,355,additive+salt+buffer,concentration,0.7290658535623911,0.40766216965307
classification,descriptor24_buffer_classifier_xgboost,descriptor24,XGBoost,dexma_only,44,o-additive+salt+buffer__p-functionalization+molecular_weight,0.35752473926523176,355,additive+salt+buffer,functionalization+molecular_weight,0.7290658535623911,0.3715411142971593
classification,descriptor24_buffer_classifier_xgboost,descriptor24,XGBoost,dexma_only,44,o-additive+salt+buffer__p-functionalization+concentration,0.32422744969026845,355,additive+salt+buffer,functionalization+concentration,0.7290658535623911,0.4048384038721226
classification,descriptor24_buffer_classifier_xgboost,descriptor24,XGBoost,dexma_only,44,o-additive+salt+buffer__p-molecular_weight+concentration,0.31406297345606143,355,additive+salt+buffer,molecular_weight+concentration,0.7290658535623911,0.41500288010632963
classification,descriptor24_buffer_classifier_xgboost,descriptor24,XGBoost,dexma_only,44,o-additive+salt+buffer__p-functionalization+molecular_weight+concentration,0.30056699003939247,355,additive+salt+buffer,functionalization+molecular_weight+concentration,0.7290658535623911,0.4284988635229986
classification,descriptor24_buffer_classifier_xgboost,descriptor24,XGBoost,dexma_only,45,o-empty__p-empty,0.7291078857035196,355,empty,empty,0.7291078857035196,0.0
classification,descriptor24_buffer_classifier_xgboost,descriptor24,XGBoost,dexma_only,45,o-empty__p-functionalization,0.6932668075806032,355,empty,functionalization,0.7291078857035196,0.03584107812291637
classification,descriptor24_buffer_classifier_xgboost,descriptor24,XGBoost,dexma_only,45,o-empty__p-molecular_weight,0.719428303825684,355,empty,molecular_weight,0.7291078857035196,0.009679581877835575
classification,descriptor24_buffer_classifier_xgboost,descriptor24,XGBoost,dexma_only,45,o-empty__p-concentration,0.6407180580313944,355,empty,concentration,0.7291078857035196,0.08838982767212522
classification,descriptor24_buffer_classifier_xgboost,descriptor24,XGBoost,dexma_only,45,o-empty__p-functionalization+molecular_weight,0.6966858901388648,355,empty,functionalization+molecular_weight,0.7291078857035196,0.03242199556465475
classification,descriptor24_buffer_classifier_xgboost,descriptor24,XGBoost,dexma_only,45,o-empty__p-functionalization+concentration,0.6373114107865323,355,empty,functionalization+concentration,0.7291078857035196,0.09179647491698728
classification,descriptor24_buffer_classifier_xgboost,descriptor24,XGBoost,dexma_only,45,o-empty__p-molecular_weight+concentration,0.6510947435571102,355,empty,molecular_weight+concentration,0.7291078857035196,0.07801314214640942
classification,descriptor24_buffer_classifier_xgboost,descriptor24,XGBoost,dexma_only,45,o-empty__p-functionalization+molecular_weight+concentration,0.6462658188296161,355,empty,functionalization+molecular_weight+concentration,0.7291078857035196,0.0828420668739035
classification,descriptor24_buffer_classifier_xgboost,descriptor24,XGBoost,dexma_only,45,o-additive__p-empty,0.4737452157406445,355,additive,empty,0.7291078857035196,0.2553626699628751
classification,descriptor24_buffer_classifier_xgboost,descriptor24,XGBoost,dexma_only,45,o-additive__p-functionalization,0.3820452698003112,355,additive,functionalization,0.7291078857035196,0.34706261590320836
classification,descriptor24_buffer_classifier_xgboost,descriptor24,XGBoost,dexma_only,45,o-additive__p-molecular_weight,0.42429274378425286,355,additive,molecular_weight,0.7291078857035196,0.30481514191926673
classification,descriptor24_buffer_classifier_xgboost,descriptor24,XGBoost,dexma_only,45,o-additive__p-concentration,0.3553548371711353,355,additive,concentration,0.7291078857035196,0.3737530485323843
classification,descriptor24_buffer_classifier_xgboost,descriptor24,XGBoost,dexma_only,45,o-additive__p-functionalization+molecular_weight,0.3899022448298208,355,additive,functionalization+molecular_weight,0.7291078857035196,0.3392056408736988
classification,descriptor24_buffer_classifier_xgboost,descriptor24,XGBoost,dexma_only,45,o-additive__p-functionalization+concentration,0.31961082801044266,355,additive,functionalization+concentration,0.7291078857035196,0.4094970576930769
classification,descriptor24_buffer_classifier_xgboost,descriptor24,XGBoost,dexma_only,45,o-additive__p-molecular_weight+concentration,0.334209198659695,355,additive,molecular_weight+concentration,0.7291078857035196,0.3948986870438246
classification,descriptor24_buffer_classifier_xgboost,descriptor24,XGBoost,dexma_only,45,o-additive__p-functionalization+molecular_weight+concentration,0.30670112992803866,355,additive,functionalization+molecular_weight+concentration,0.7291078857035196,0.4224067557754809
classification,descriptor24_buffer_classifier_xgboost,descriptor24,XGBoost,dexma_only,45,o-salt__p-empty,0.7121639646506958,355,salt,empty,0.7291078857035196,0.01694392105282383
classification,descriptor24_buffer_classifier_xgboost,descriptor24,XGBoost,dexma_only,45,o-salt__p-functionalization,0.6824926612427676,355,salt,functionalization,0.7291078857035196,0.04661522446075195
classification,descriptor24_buffer_classifier_xgboost,descriptor24,XGBoost,dexma_only,45,o-salt__p-molecular_weight,0.6943876840514807,355,salt,molecular_weight,0.7291078857035196,0.03472020165203893
classification,descriptor24_buffer_classifier_xgboost,descriptor24,XGBoost,dexma_only,45,o-salt__p-concentration,0.6394315973961976,355,salt,concentration,0.7291078857035196,0.089676288307322
classification,descriptor24_buffer_classifier_xgboost,descriptor24,XGBoost,dexma_only,45,o-salt__p-functionalization+molecular_weight,0.6887362512637657,355,salt,functionalization+molecular_weight,0.7291078857035196,0.04037163443975389
classification,descriptor24_buffer_classifier_xgboost,descriptor24,XGBoost,dexma_only,45,o-salt__p-functionalization+concentration,0.6414046771206913,355,salt,functionalization+concentration,0.7291078857035196,0.08770320858282832
classification,descriptor24_buffer_classifier_xgboost,descriptor24,XGBoost,dexma_only,45,o-salt__p-molecular_weight+concentration,0.6497071428639739,355,salt,molecular_weight+concentration,0.7291078857035196,0.07940074283954568
classification,descriptor24_buffer_classifier_xgboost,descriptor24,XGBoost,dexma_only,45,o-salt__p-functionalization+molecular_weight+concentration,0.6498895739717468,355,salt,functionalization+molecular_weight+concentration,0.7291078857035196,0.07921831173177274
classification,descriptor24_buffer_classifier_xgboost,descriptor24,XGBoost,dexma_only,45,o-buffer__p-empty,0.7256989219911382,355,buffer,empty,0.7291078857035196,0.0034089637123814187
classification,descriptor24_buffer_classifier_xgboost,descriptor24,XGBoost,dexma_only,45,o-buffer__p-functionalization,0.6922475650659105,355,buffer,functionalization,0.7291078857035196,0.036860320637609134
classification,descriptor24_buffer_classifier_xgboost,descriptor24,XGBoost,dexma_only,45,o-buffer__p-molecular_weight,0.7156621541428275,355,buffer,molecular_weight,0.7291078857035196,0.013445731560692065
classification,descriptor24_buffer_classifier_xgboost,descriptor24,XGBoost,dexma_only,45,o-buffer__p-concentration,0.645012858514423,355,buffer,concentration,0.7291078857035196,0.08409502718909656
classification,descriptor24_buffer_classifier_xgboost,descriptor24,XGBoost,dexma_only,45,o-buffer__p-functionalization+molecular_weight,0.7007087674646101,355,buffer,functionalization+molecular_weight,0.7291078857035196,0.028399118238909504
classification,descriptor24_buffer_classifier_xgboost,descriptor24,XGBoost,dexma_only,45,o-buffer__p-functionalization+concentration,0.6276180255163618,355,buffer,functionalization+concentration,0.7291078857035196,0.10148986018715778
classification,descriptor24_buffer_classifier_xgboost,descriptor24,XGBoost,dexma_only,45,o-buffer__p-molecular_weight+concentration,0.6495087911221956,355,buffer,molecular_weight+concentration,0.7291078857035196,0.07959909458132397
classification,descriptor24_buffer_classifier_xgboost,descriptor24,XGBoost,dexma_only,45,o-buffer__p-functionalization+molecular_weight+concentration,0.6453816499115286,355,buffer,functionalization+molecular_weight+concentration,0.7291078857035196,0.08372623579199101
classification,descriptor24_buffer_classifier_xgboost,descriptor24,XGBoost,dexma_only,45,o-additive+salt__p-empty,0.40470300078396537,355,additive+salt,empty,0.7291078857035196,0.3244048849195542
classification,descriptor24_buffer_classifier_xgboost,descriptor24,XGBoost,dexma_only,45,o-additive+salt__p-functionalization,0.33333134474310144,355,additive+salt,functionalization,0.7291078857035196,0.39577654096041814
classification,descriptor24_buffer_classifier_xgboost,descriptor24,XGBoost,dexma_only,45,o-additive+salt__p-molecular_weight,0.33397057429579186,355,additive+salt,molecular_weight,0.7291078857035196,0.39513731140772773
classification,descriptor24_buffer_classifier_xgboost,descriptor24,XGBoost,dexma_only,45,o-additive+salt__p-concentration,0.2977959752498708,355,additive+salt,concentration,0.7291078857035196,0.4313119104536488
classification,descriptor24_buffer_classifier_xgboost,descriptor24,XGBoost,dexma_only,45,o-additive+salt__p-functionalization+molecular_weight,0.3230031516676719,355,additive+salt,functionalization+molecular_weight,0.7291078857035196,0.4061047340358477
classification,descriptor24_buffer_classifier_xgboost,descriptor24,XGBoost,dexma_only,45,o-additive+salt__p-functionalization+concentration,0.29380177920678924,355,additive+salt,functionalization+concentration,0.7291078857035196,0.43530610649673035
classification,descriptor24_buffer_classifier_xgboost,descriptor24,XGBoost,dexma_only,45,o-additive+salt__p-molecular_weight+concentration,0.28823328144081295,355,additive+salt,molecular_weight+concentration,0.7291078857035196,0.44087460426270664
classification,descriptor24_buffer_classifier_xgboost,descriptor24,XGBoost,dexma_only,45,o-additive+salt__p-functionalization+molecular_weight+concentration,0.27171127040336474,355,additive+salt,functionalization+molecular_weight+concentration,0.7291078857035196,0.45739661530015485
classification,descriptor24_buffer_classifier_xgboost,descriptor24,XGBoost,dexma_only,45,o-additive+buffer__p-empty,0.47105178397410075,355,additive+buffer,empty,0.7291078857035196,0.25805610172941884
classification,descriptor24_buffer_classifier_xgboost,descriptor24,XGBoost,dexma_only,45,o-additive+buffer__p-functionalization,0.376597748935103,355,additive+buffer,functionalization,0.7291078857035196,0.3525101367684166
classification,descriptor24_buffer_classifier_xgboost,descriptor24,XGBoost,dexma_only,45,o-additive+buffer__p-molecular_weight,0.4275559902195288,355,additive+buffer,molecular_weight,0.7291078857035196,0.3015518954839908
classification,descriptor24_buffer_classifier_xgboost,descriptor24,XGBoost,dexma_only,45,o-additive+buffer__p-concentration,0.34756906826473455,355,additive+buffer,concentration,0.7291078857035196,0.38153881743878504
classification,descriptor24_buffer_classifier_xgboost,descriptor24,XGBoost,dexma_only,45,o-additive+buffer__p-functionalization+molecular_weight,0.3908069239580049,355,additive+buffer,functionalization+molecular_weight,0.7291078857035196,0.33830096174551466
classification,descriptor24_buffer_classifier_xgboost,descriptor24,XGBoost,dexma_only,45,o-additive+buffer__p-functionalization+concentration,0.3065531788044104,355,additive+buffer,functionalization+concentration,0.7291078857035196,0.4225547068991092
classification,descriptor24_buffer_classifier_xgboost,descriptor24,XGBoost,dexma_only,45,o-additive+buffer__p-molecular_weight+concentration,0.3262997836298424,355,additive+buffer,molecular_weight+concentration,0.7291078857035196,0.4028081020736772
classification,descriptor24_buffer_classifier_xgboost,descriptor24,XGBoost,dexma_only,45,o-additive+buffer__p-functionalization+molecular_weight+concentration,0.29380769476997187,355,additive+buffer,functionalization+molecular_weight+concentration,0.7291078857035196,0.4353001909335477
classification,descriptor24_buffer_classifier_xgboost,descriptor24,XGBoost,dexma_only,45,o-salt+buffer__p-empty,0.7012329890236074,355,salt+buffer,empty,0.7291078857035196,0.027874896679912164
classification,descriptor24_buffer_classifier_xgboost,descriptor24,XGBoost,dexma_only,45,o-salt+buffer__p-functionalization,0.6695938634499946,355,salt+buffer,functionalization,0.7291078857035196,0.05951402225352498
classification,descriptor24_buffer_classifier_xgboost,descriptor24,XGBoost,dexma_only,45,o-salt+buffer__p-molecular_weight,0.6830750143799686,355,salt+buffer,molecular_weight,0.7291078857035196,0.04603287132355094
classification,descriptor24_buffer_classifier_xgboost,descriptor24,XGBoost,dexma_only,45,o-salt+buffer__p-concentration,0.6319879244877221,355,salt+buffer,concentration,0.7291078857035196,0.09711996121579747
classification,descriptor24_buffer_classifier_xgboost,descriptor24,XGBoost,dexma_only,45,o-salt+buffer__p-functionalization+molecular_weight,0.6792535683148947,355,salt+buffer,functionalization+molecular_weight,0.7291078857035196,0.04985431738862489
classification,descriptor24_buffer_classifier_xgboost,descriptor24,XGBoost,dexma_only,45,o-salt+buffer__p-functionalization+concentration,0.635679929950159,355,salt+buffer,functionalization+concentration,0.7291078857035196,0.0934279557533606
classification,descriptor24_buffer_classifier_xgboost,descriptor24,XGBoost,dexma_only,45,o-salt+buffer__p-molecular_weight+concentration,0.6428472953984066,355,salt+buffer,molecular_weight+concentration,0.7291078857035196,0.08626059030511302
classification,descriptor24_buffer_classifier_xgboost,descriptor24,XGBoost,dexma_only,45,o-salt+buffer__p-functionalization+molecular_weight+concentration,0.6428755677444156,355,salt+buffer,functionalization+molecular_weight+concentration,0.7291078857035196,0.08623231795910402
classification,descriptor24_buffer_classifier_xgboost,descriptor24,XGBoost,dexma_only,45,o-additive+salt+buffer__p-empty,0.4020974862490776,355,additive+salt+buffer,empty,0.7291078857035196,0.327010399454442
classification,descriptor24_buffer_classifier_xgboost,descriptor24,XGBoost,dexma_only,45,o-additive+salt+buffer__p-functionalization,0.33158150429594896,355,additive+salt+buffer,functionalization,0.7291078857035196,0.39752638140757063
classification,descriptor24_buffer_classifier_xgboost,descriptor24,XGBoost,dexma_only,45,o-additive+salt+buffer__p-molecular_weight,0.33551386359353386,355,additive+salt+buffer,molecular_weight,0.7291078857035196,0.39359402210998573
classification,descriptor24_buffer_classifier_xgboost,descriptor24,XGBoost,dexma_only,45,o-additive+salt+buffer__p-concentration,0.28715089269693767,355,additive+salt+buffer,concentration,0.7291078857035196,0.4419569930065819
classification,descriptor24_buffer_classifier_xgboost,descriptor24,XGBoost,dexma_only,45,o-additive+salt+buffer__p-functionalization+molecular_weight,0.3271682168173,355,additive+salt+buffer,functionalization+molecular_weight,0.7291078857035196,0.40193966888621957
classification,descriptor24_buffer_classifier_xgboost,descriptor24,XGBoost,dexma_only,45,o-additive+salt+buffer__p-functionalization+concentration,0.28714075489961544,355,additive+salt+buffer,functionalization+concentration,0.7291078857035196,0.44196713080390415
classification,descriptor24_buffer_classifier_xgboost,descriptor24,XGBoost,dexma_only,45,o-additive+salt+buffer__p-molecular_weight+concentration,0.2831921014338405,355,additive+salt+buffer,molecular_weight+concentration,0.7291078857035196,0.4459157842696791
classification,descriptor24_buffer_classifier_xgboost,descriptor24,XGBoost,dexma_only,45,o-additive+salt+buffer__p-functionalization+molecular_weight+concentration,0.266345496912431,355,additive+salt+buffer,functionalization+molecular_weight+concentration,0.7291078857035196,0.4627623887910886
classification,descriptor24_buffer_classifier_xgboost,descriptor24,XGBoost,dexma_only,46,o-empty__p-empty,0.729008712241629,355,empty,empty,0.729008712241629,0.0
classification,descriptor24_buffer_classifier_xgboost,descriptor24,XGBoost,dexma_only,46,o-empty__p-functionalization,0.6975865976863362,355,empty,functionalization,0.729008712241629,0.03142211455529276
classification,descriptor24_buffer_classifier_xgboost,descriptor24,XGBoost,dexma_only,46,o-empty__p-molecular_weight,0.7240206475270886,355,empty,molecular_weight,0.729008712241629,0.004988064714540386
classification,descriptor24_buffer_classifier_xgboost,descriptor24,XGBoost,dexma_only,46,o-empty__p-concentration,0.6499218490550032,355,empty,concentration,0.729008712241629,0.07908686318662583
classification,descriptor24_buffer_classifier_xgboost,descriptor24,XGBoost,dexma_only,46,o-empty__p-functionalization+molecular_weight,0.7016035988097267,355,empty,functionalization+molecular_weight,0.729008712241629,0.027405113431902328
classification,descriptor24_buffer_classifier_xgboost,descriptor24,XGBoost,dexma_only,46,o-empty__p-functionalization+concentration,0.6489045140223362,355,empty,functionalization+concentration,0.729008712241629,0.08010419821929282
classification,descriptor24_buffer_classifier_xgboost,descriptor24,XGBoost,dexma_only,46,o-empty__p-molecular_weight+concentration,0.6604645436113273,355,empty,molecular_weight+concentration,0.729008712241629,0.06854416863030166
classification,descriptor24_buffer_classifier_xgboost,descriptor24,XGBoost,dexma_only,46,o-empty__p-functionalization+molecular_weight+concentration,0.666429017723959,355,empty,functionalization+molecular_weight+concentration,0.729008712241629,0.06257969451766998
classification,descriptor24_buffer_classifier_xgboost,descriptor24,XGBoost,dexma_only,46,o-additive__p-empty,0.46168195580497207,355,additive,empty,0.729008712241629,0.26732675643665693
classification,descriptor24_buffer_classifier_xgboost,descriptor24,XGBoost,dexma_only,46,o-additive__p-functionalization,0.3834362858423333,355,additive,functionalization,0.729008712241629,0.3455724263992957
classification,descriptor24_buffer_classifier_xgboost,descriptor24,XGBoost,dexma_only,46,o-additive__p-molecular_weight,0.42947070742622456,355,additive,molecular_weight,0.729008712241629,0.29953800481540444
classification,descriptor24_buffer_classifier_xgboost,descriptor24,XGBoost,dexma_only,46,o-additive__p-concentration,0.3481980000903634,355,additive,concentration,0.729008712241629,0.3808107121512656
classification,descriptor24_buffer_classifier_xgboost,descriptor24,XGBoost,dexma_only,46,o-additive__p-functionalization+molecular_weight,0.3959848125092891,355,additive,functionalization+molecular_weight,0.729008712241629,0.3330238997323399
classification,descriptor24_buffer_classifier_xgboost,descriptor24,XGBoost,dexma_only,46,o-additive__p-functionalization+concentration,0.32282553834352984,355,additive,functionalization+concentration,0.729008712241629,0.40618317389809916
classification,descriptor24_buffer_classifier_xgboost,descriptor24,XGBoost,dexma_only,46,o-additive__p-molecular_weight+concentration,0.3402381572397486,355,additive,molecular_weight+concentration,0.729008712241629,0.3887705550018804
classification,descriptor24_buffer_classifier_xgboost,descriptor24,XGBoost,dexma_only,46,o-additive__p-functionalization+molecular_weight+concentration,0.3131759646616544,355,additive,functionalization+molecular_weight+concentration,0.729008712241629,0.41583274757997457
classification,descriptor24_buffer_classifier_xgboost,descriptor24,XGBoost,dexma_only,46,o-salt__p-empty,0.7078175268148035,355,salt,empty,0.729008712241629,0.02119118542682552
classification,descriptor24_buffer_classifier_xgboost,descriptor24,XGBoost,dexma_only,46,o-salt__p-functionalization,0.697469948448018,355,salt,functionalization,0.729008712241629,0.03153876379361098
classification,descriptor24_buffer_classifier_xgboost,descriptor24,XGBoost,dexma_only,46,o-salt__p-molecular_weight,0.704333069563782,355,salt,molecular_weight,0.729008712241629,0.024675642677846943
classification,descriptor24_buffer_classifier_xgboost,descriptor24,XGBoost,dexma_only,46,o-salt__p-concentration,0.6571791012323255,355,salt,concentration,0.729008712241629,0.07182961100930352
classification,descriptor24_buffer_classifier_xgboost,descriptor24,XGBoost,dexma_only,46,o-salt__p-functionalization+molecular_weight,0.6991791874149477,355,salt,functionalization+molecular_weight,0.729008712241629,0.02982952482668133
classification,descriptor24_buffer_classifier_xgboost,descriptor24,XGBoost,dexma_only,46,o-salt__p-functionalization+concentration,0.6615528739830759,355,salt,functionalization+concentration,0.729008712241629,0.06745583825855306
classification,descriptor24_buffer_classifier_xgboost,descriptor24,XGBoost,dexma_only,46,o-salt__p-molecular_weight+concentration,0.663078066312769,355,salt,molecular_weight+concentration,0.729008712241629,0.06593064592886
classification,descriptor24_buffer_classifier_xgboost,descriptor24,XGBoost,dexma_only,46,o-salt__p-functionalization+molecular_weight+concentration,0.6619685520898736,355,salt,functionalization+molecular_weight+concentration,0.729008712241629,0.0670401601517554
classification,descriptor24_buffer_classifier_xgboost,descriptor24,XGBoost,dexma_only,46,o-buffer__p-empty,0.7275246526883904,355,buffer,empty,0.729008712241629,0.0014840595532386036
classification,descriptor24_buffer_classifier_xgboost,descriptor24,XGBoost,dexma_only,46,o-buffer__p-functionalization,0.6984467821917419,355,buffer,functionalization,0.729008712241629,0.030561930049887054
classification,descriptor24_buffer_classifier_xgboost,descriptor24,XGBoost,dexma_only,46,o-buffer__p-molecular_weight,0.7220602087266085,355,buffer,molecular_weight,0.729008712241629,0.006948503515020521
classification,descriptor24_buffer_classifier_xgboost,descriptor24,XGBoost,dexma_only,46,o-buffer__p-concentration,0.6535262197026068,355,buffer,concentration,0.729008712241629,0.07548249253902217
classification,descriptor24_buffer_classifier_xgboost,descriptor24,XGBoost,dexma_only,46,o-buffer__p-functionalization+molecular_weight,0.7092914792746411,355,buffer,functionalization+molecular_weight,0.729008712241629,0.019717232966987908
classification,descriptor24_buffer_classifier_xgboost,descriptor24,XGBoost,dexma_only,46,o-buffer__p-functionalization+concentration,0.6466588365648733,355,buffer,functionalization+concentration,0.729008712241629,0.08234987567675567
classification,descriptor24_buffer_classifier_xgboost,descriptor24,XGBoost,dexma_only,46,o-buffer__p-molecular_weight+concentration,0.6653495226843228,355,buffer,molecular_weight+concentration,0.729008712241629,0.0636591895573062
classification,descriptor24_buffer_classifier_xgboost,descriptor24,XGBoost,dexma_only,46,o-buffer__p-functionalization+molecular_weight+concentration,0.6644903202615366,355,buffer,functionalization+molecular_weight+concentration,0.729008712241629,0.06451839198009235
classification,descriptor24_buffer_classifier_xgboost,descriptor24,XGBoost,dexma_only,46,o-additive+salt__p-empty,0.3833134705852789,355,additive+salt,empty,0.729008712241629,0.34569524165635007
classification,descriptor24_buffer_classifier_xgboost,descriptor24,XGBoost,dexma_only,46,o-additive+salt__p-functionalization,0.3296010084685975,355,additive+salt,functionalization,0.729008712241629,0.3994077037730315
classification,descriptor24_buffer_classifier_xgboost,descriptor24,XGBoost,dexma_only,46,o-additive+salt__p-molecular_weight,0.339139946185502,355,additive+salt,molecular_weight,0.729008712241629,0.389868766056127
classification,descriptor24_buffer_classifier_xgboost,descriptor24,XGBoost,dexma_only,46,o-additive+salt__p-concentration,0.29752898163116737,355,additive+salt,concentration,0.729008712241629,0.43147973061046163
classification,descriptor24_buffer_classifier_xgboost,descriptor24,XGBoost,dexma_only,46,o-additive+salt__p-functionalization+molecular_weight,0.3283948452395927,355,additive+salt,functionalization+molecular_weight,0.729008712241629,0.4006138670020363
classification,descriptor24_buffer_classifier_xgboost,descriptor24,XGBoost,dexma_only,46,o-additive+salt__p-functionalization+concentration,0.2949130819458181,355,additive+salt,functionalization+concentration,0.729008712241629,0.4340956302958109
classification,descriptor24_buffer_classifier_xgboost,descriptor24,XGBoost,dexma_only,46,o-additive+salt__p-molecular_weight+concentration,0.29248510967282404,355,additive+salt,molecular_weight+concentration,0.729008712241629,0.43652360256880496
classification,descriptor24_buffer_classifier_xgboost,descriptor24,XGBoost,dexma_only,46,o-additive+salt__p-functionalization+molecular_weight+concentration,0.2766207592465323,355,additive+salt,functionalization+molecular_weight+concentration,0.729008712241629,0.4523879529950967
classification,descriptor24_buffer_classifier_xgboost,descriptor24,XGBoost,dexma_only,46,o-additive+buffer__p-empty,0.46347519684617194,355,additive+buffer,empty,0.729008712241629,0.26553351539545705
classification,descriptor24_buffer_classifier_xgboost,descriptor24,XGBoost,dexma_only,46,o-additive+buffer__p-functionalization,0.3782136045817535,355,additive+buffer,functionalization,0.729008712241629,0.3507951076598755
classification,descriptor24_buffer_classifier_xgboost,descriptor24,XGBoost,dexma_only,46,o-additive+buffer__p-molecular_weight,0.4309723655873248,355,additive+buffer,molecular_weight,0.729008712241629,0.2980363466543042
classification,descriptor24_buffer_classifier_xgboost,descriptor24,XGBoost,dexma_only,46,o-additive+buffer__p-concentration,0.33812784909841925,355,additive+buffer,concentration,0.729008712241629,0.39088086314320974
classification,descriptor24_buffer_classifier_xgboost,descriptor24,XGBoost,dexma_only,46,o-additive+buffer__p-functionalization+molecular_weight,0.39538742113335906,355,additive+buffer,functionalization+molecular_weight,0.729008712241629,0.33362129110826994
classification,descriptor24_buffer_classifier_xgboost,descriptor24,XGBoost,dexma_only,46,o-additive+buffer__p-functionalization+concentration,0.30694269635946575,355,additive+buffer,functionalization+concentration,0.729008712241629,0.42206601588216325
classification,descriptor24_buffer_classifier_xgboost,descriptor24,XGBoost,dexma_only,46,o-additive+buffer__p-molecular_weight+concentration,0.33148948589579463,355,additive+buffer,molecular_weight+concentration,0.729008712241629,0.39751922634583436
classification,descriptor24_buffer_classifier_xgboost,descriptor24,XGBoost,dexma_only,46,o-additive+buffer__p-functionalization+molecular_weight+concentration,0.29856375257885737,355,additive+buffer,functionalization+molecular_weight+concentration,0.729008712241629,0.43044495966277163
classification,descriptor24_buffer_classifier_xgboost,descriptor24,XGBoost,dexma_only,46,o-salt+buffer__p-empty,0.6976601378581972,355,salt+buffer,empty,0.729008712241629,0.03134857438343175
classification,descriptor24_buffer_classifier_xgboost,descriptor24,XGBoost,dexma_only,46,o-salt+buffer__p-functionalization,0.6856931140689145,355,salt+buffer,functionalization,0.729008712241629,0.043315598172714465
classification,descriptor24_buffer_classifier_xgboost,descriptor24,XGBoost,dexma_only,46,o-salt+buffer__p-molecular_weight,0.6946977631072611,355,salt+buffer,molecular_weight,0.729008712241629,0.03431094913436794
classification,descriptor24_buffer_classifier_xgboost,descriptor24,XGBoost,dexma_only,46,o-salt+buffer__p-concentration,0.6508595834104961,355,salt+buffer,concentration,0.729008712241629,0.0781491288311329
classification,descriptor24_buffer_classifier_xgboost,descriptor24,XGBoost,dexma_only,46,o-salt+buffer__p-functionalization+molecular_weight,0.6914582717610088,355,salt+buffer,functionalization+molecular_weight,0.729008712241629,0.03755044048062017
classification,descriptor24_buffer_classifier_xgboost,descriptor24,XGBoost,dexma_only,46,o-salt+buffer__p-functionalization+concentration,0.654989227089801,355,salt+buffer,functionalization+concentration,0.729008712241629,0.07401948515182799
classification,descriptor24_buffer_classifier_xgboost,descriptor24,XGBoost,dexma_only,46,o-salt+buffer__p-molecular_weight+concentration,0.6576341776366478,355,salt+buffer,molecular_weight+concentration,0.729008712241629,0.07137453460498122
classification,descriptor24_buffer_classifier_xgboost,descriptor24,XGBoost,dexma_only,46,o-salt+buffer__p-functionalization+molecular_weight+concentration,0.6546876351459849,355,salt+buffer,functionalization+molecular_weight+concentration,0.729008712241629,0.07432107709564406
classification,descriptor24_buffer_classifier_xgboost,descriptor24,XGBoost,dexma_only,46,o-additive+salt+buffer__p-empty,0.385775011428371,355,additive+salt+buffer,empty,0.729008712241629,0.343233700813258
classification,descriptor24_buffer_classifier_xgboost,descriptor24,XGBoost,dexma_only,46,o-additive+salt+buffer__p-functionalization,0.3260981020592529,355,additive+salt+buffer,functionalization,0.729008712241629,0.4029106101823761
classification,descriptor24_buffer_classifier_xgboost,descriptor24,XGBoost,dexma_only,46,o-additive+salt+buffer__p-molecular_weight,0.3431123936242598,355,additive+salt+buffer,molecular_weight,0.729008712241629,0.38589631861736917
classification,descriptor24_buffer_classifier_xgboost,descriptor24,XGBoost,dexma_only,46,o-additive+salt+buffer__p-concentration,0.2863844746335835,355,additive+salt+buffer,concentration,0.729008712241629,0.4426242376080455
classification,descriptor24_buffer_classifier_xgboost,descriptor24,XGBoost,dexma_only,46,o-additive+salt+buffer__p-functionalization+molecular_weight,0.33104790453253347,355,additive+salt+buffer,functionalization+molecular_weight,0.729008712241629,0.39796080770909553
classification,descriptor24_buffer_classifier_xgboost,descriptor24,XGBoost,dexma_only,46,o-additive+salt+buffer__p-functionalization+concentration,0.28800426307814164,355,additive+salt+buffer,functionalization+concentration,0.729008712241629,0.44100444916348736
classification,descriptor24_buffer_classifier_xgboost,descriptor24,XGBoost,dexma_only,46,o-additive+salt+buffer__p-molecular_weight+concentration,0.2823483545384808,355,additive+salt+buffer,molecular_weight+concentration,0.729008712241629,0.4466603577031482
classification,descriptor24_buffer_classifier_xgboost,descriptor24,XGBoost,dexma_only,46,o-additive+salt+buffer__p-functionalization+molecular_weight+concentration,0.26487747201157597,355,additive+salt+buffer,functionalization+molecular_weight+concentration,0.729008712241629,0.46413124023005303
classification,descriptor24_buffer_classifier_mlp,descriptor24,MLP,all,42,o-empty__p-empty,0.8247393937014352,403,empty,empty,0.8247393937014352,0.0
classification,descriptor24_buffer_classifier_mlp,descriptor24,MLP,all,42,o-empty__p-functionalization,0.7473357804951594,403,empty,functionalization,0.8247393937014352,0.07740361320627587
classification,descriptor24_buffer_classifier_mlp,descriptor24,MLP,all,42,o-empty__p-molecular_weight,0.7776106786211828,403,empty,molecular_weight,0.8247393937014352,0.047128715080252404
classification,descriptor24_buffer_classifier_mlp,descriptor24,MLP,all,42,o-empty__p-concentration,0.766420700981274,403,empty,concentration,0.8247393937014352,0.058318692720161214
classification,descriptor24_buffer_classifier_mlp,descriptor24,MLP,all,42,o-empty__p-functionalization+molecular_weight,0.7512240499410133,403,empty,functionalization+molecular_weight,0.8247393937014352,0.0735153437604219
classification,descriptor24_buffer_classifier_mlp,descriptor24,MLP,all,42,o-empty__p-functionalization+concentration,0.7469608412269856,403,empty,functionalization+concentration,0.8247393937014352,0.07777855247444965
classification,descriptor24_buffer_classifier_mlp,descriptor24,MLP,all,42,o-empty__p-molecular_weight+concentration,0.7589258458593616,403,empty,molecular_weight+concentration,0.8247393937014352,0.0658135478420736
classification,descriptor24_buffer_classifier_mlp,descriptor24,MLP,all,42,o-empty__p-functionalization+molecular_weight+concentration,0.7320201145385578,403,empty,functionalization+molecular_weight+concentration,0.8247393937014352,0.09271927916287748
classification,descriptor24_buffer_classifier_mlp,descriptor24,MLP,all,42,o-additive__p-empty,0.5614058069808674,403,additive,empty,0.8247393937014352,0.26333358672056784
classification,descriptor24_buffer_classifier_mlp,descriptor24,MLP,all,42,o-additive__p-functionalization,0.5024280498476983,403,additive,functionalization,0.8247393937014352,0.32231134385373694
classification,descriptor24_buffer_classifier_mlp,descriptor24,MLP,all,42,o-additive__p-molecular_weight,0.5313879491581587,403,additive,molecular_weight,0.8247393937014352,0.29335144454327655
classification,descriptor24_buffer_classifier_mlp,descriptor24,MLP,all,42,o-additive__p-concentration,0.4523215087207457,403,additive,concentration,0.8247393937014352,0.3724178849806895
classification,descriptor24_buffer_classifier_mlp,descriptor24,MLP,all,42,o-additive__p-functionalization+molecular_weight,0.47914771511614196,403,additive,functionalization+molecular_weight,0.8247393937014352,0.34559167858529327
classification,descriptor24_buffer_classifier_mlp,descriptor24,MLP,all,42,o-additive__p-functionalization+concentration,0.48864190899975246,403,additive,functionalization+concentration,0.8247393937014352,0.33609748470168277
classification,descriptor24_buffer_classifier_mlp,descriptor24,MLP,all,42,o-additive__p-molecular_weight+concentration,0.4564435259625594,403,additive,molecular_weight+concentration,0.8247393937014352,0.36829586773887585
classification,descriptor24_buffer_classifier_mlp,descriptor24,MLP,all,42,o-additive__p-functionalization+molecular_weight+concentration,0.43906726678924657,403,additive,functionalization+molecular_weight+concentration,0.8247393937014352,0.38567212691218866
classification,descriptor24_buffer_classifier_mlp,descriptor24,MLP,all,42,o-salt__p-empty,0.7787299296027052,403,salt,empty,0.8247393937014352,0.04600946409873008
classification,descriptor24_buffer_classifier_mlp,descriptor24,MLP,all,42,o-salt__p-functionalization,0.7173602468303507,403,salt,functionalization,0.8247393937014352,0.10737914687108452
classification,descriptor24_buffer_classifier_mlp,descriptor24,MLP,all,42,o-salt__p-molecular_weight,0.7440316974568606,403,salt,molecular_weight,0.8247393937014352,0.08070769624457463
classification,descriptor24_buffer_classifier_mlp,descriptor24,MLP,all,42,o-salt__p-concentration,0.7303621805411823,403,salt,concentration,0.8247393937014352,0.09437721316025294
classification,descriptor24_buffer_classifier_mlp,descriptor24,MLP,all,42,o-salt__p-functionalization+molecular_weight,0.7071778068211397,403,salt,functionalization+molecular_weight,0.8247393937014352,0.1175615868802955
classification,descriptor24_buffer_classifier_mlp,descriptor24,MLP,all,42,o-salt__p-functionalization+concentration,0.6963825353612147,403,salt,functionalization+concentration,0.8247393937014352,0.12835685834022048
classification,descriptor24_buffer_classifier_mlp,descriptor24,MLP,all,42,o-salt__p-molecular_weight+concentration,0.7077960814736786,403,salt,molecular_weight+concentration,0.8247393937014352,0.11694331222775667
classification,descriptor24_buffer_classifier_mlp,descriptor24,MLP,all,42,o-salt__p-functionalization+molecular_weight+concentration,0.7131070114703181,403,salt,functionalization+molecular_weight+concentration,0.8247393937014352,0.11163238223111716
classification,descriptor24_buffer_classifier_mlp,descriptor24,MLP,all,42,o-buffer__p-empty,0.8243438546647461,403,buffer,empty,0.8247393937014352,0.0003955390366890965
classification,descriptor24_buffer_classifier_mlp,descriptor24,MLP,all,42,o-buffer__p-functionalization,0.7080917936404943,403,buffer,functionalization,0.8247393937014352,0.11664760006094088
classification,descriptor24_buffer_classifier_mlp,descriptor24,MLP,all,42,o-buffer__p-molecular_weight,0.7769012655601165,403,buffer,molecular_weight,0.8247393937014352,0.047838128141318714
classification,descriptor24_buffer_classifier_mlp,descriptor24,MLP,all,42,o-buffer__p-concentration,0.7686129991693049,403,buffer,concentration,0.8247393937014352,0.05612639453213031
classification,descriptor24_buffer_classifier_mlp,descriptor24,MLP,all,42,o-buffer__p-functionalization+molecular_weight,0.7151659225305718,403,buffer,functionalization+molecular_weight,0.8247393937014352,0.10957347117086347
classification,descriptor24_buffer_classifier_mlp,descriptor24,MLP,all,42,o-buffer__p-functionalization+concentration,0.7221322833980718,403,buffer,functionalization+concentration,0.8247393937014352,0.10260711030336345
classification,descriptor24_buffer_classifier_mlp,descriptor24,MLP,all,42,o-buffer__p-molecular_weight+concentration,0.7304785966518326,403,buffer,molecular_weight+concentration,0.8247393937014352,0.09426079704960266
classification,descriptor24_buffer_classifier_mlp,descriptor24,MLP,all,42,o-buffer__p-functionalization+molecular_weight+concentration,0.7223367115259505,403,buffer,functionalization+molecular_weight+concentration,0.8247393937014352,0.10240268217548476
classification,descriptor24_buffer_classifier_mlp,descriptor24,MLP,all,42,o-additive+salt__p-empty,0.4952718700387965,403,additive+salt,empty,0.8247393937014352,0.3294675236626387
classification,descriptor24_buffer_classifier_mlp,descriptor24,MLP,all,42,o-additive+salt__p-functionalization,0.4135209392274404,403,additive+salt,functionalization,0.8247393937014352,0.41121845447399485
classification,descriptor24_buffer_classifier_mlp,descriptor24,MLP,all,42,o-additive+salt__p-molecular_weight,0.4516906653014565,403,additive+salt,molecular_weight,0.8247393937014352,0.3730487283999787
classification,descriptor24_buffer_classifier_mlp,descriptor24,MLP,all,42,o-additive+salt__p-concentration,0.4003831466259608,403,additive+salt,concentration,0.8247393937014352,0.4243562470754744
classification,descriptor24_buffer_classifier_mlp,descriptor24,MLP,all,42,o-additive+salt__p-functionalization+molecular_weight,0.39271239287863247,403,additive+salt,functionalization+molecular_weight,0.8247393937014352,0.43202700082280276
classification,descriptor24_buffer_classifier_mlp,descriptor24,MLP,all,42,o-additive+salt__p-functionalization+concentration,0.368484329082933,403,additive+salt,functionalization+concentration,0.8247393937014352,0.45625506461850224
classification,descriptor24_buffer_classifier_mlp,descriptor24,MLP,all,42,o-additive+salt__p-molecular_weight+concentration,0.37945529289179,403,additive+salt,molecular_weight+concentration,0.8247393937014352,0.44528410080964526
classification,descriptor24_buffer_classifier_mlp,descriptor24,MLP,all,42,o-additive+salt__p-functionalization+molecular_weight+concentration,0.3665939016587944,403,additive+salt,functionalization+molecular_weight+concentration,0.8247393937014352,0.4581454920426408
classification,descriptor24_buffer_classifier_mlp,descriptor24,MLP,all,42,o-additive+buffer__p-empty,0.5546168303447011,403,additive+buffer,empty,0.8247393937014352,0.2701225633567341
classification,descriptor24_buffer_classifier_mlp,descriptor24,MLP,all,42,o-additive+buffer__p-functionalization,0.46987314518737383,403,additive+buffer,functionalization,0.8247393937014352,0.3548662485140614
classification,descriptor24_buffer_classifier_mlp,descriptor24,MLP,all,42,o-additive+buffer__p-molecular_weight,0.5360315561430935,403,additive+buffer,molecular_weight,0.8247393937014352,0.28870783755834173
classification,descriptor24_buffer_classifier_mlp,descriptor24,MLP,all,42,o-additive+buffer__p-concentration,0.4734769821541962,403,additive+buffer,concentration,0.8247393937014352,0.35126241154723903
classification,descriptor24_buffer_classifier_mlp,descriptor24,MLP,all,42,o-additive+buffer__p-functionalization+molecular_weight,0.4548620776686662,403,additive+buffer,functionalization+molecular_weight,0.8247393937014352,0.369877316032769
classification,descriptor24_buffer_classifier_mlp,descriptor24,MLP,all,42,o-additive+buffer__p-functionalization+concentration,0.44808756259796934,403,additive+buffer,functionalization+concentration,0.8247393937014352,0.3766518311034659
classification,descriptor24_buffer_classifier_mlp,descriptor24,MLP,all,42,o-additive+buffer__p-molecular_weight+concentration,0.45909697409644806,403,additive+buffer,molecular_weight+concentration,0.8247393937014352,0.36564241960498717
classification,descriptor24_buffer_classifier_mlp,descriptor24,MLP,all,42,o-additive+buffer__p-functionalization+molecular_weight+concentration,0.42181208313400204,403,additive+buffer,functionalization+molecular_weight+concentration,0.8247393937014352,0.4029273105674332
classification,descriptor24_buffer_classifier_mlp,descriptor24,MLP,all,42,o-salt+buffer__p-empty,0.7757766185597357,403,salt+buffer,empty,0.8247393937014352,0.048962775141699555
classification,descriptor24_buffer_classifier_mlp,descriptor24,MLP,all,42,o-salt+buffer__p-functionalization,0.6669923774973023,403,salt+buffer,functionalization,0.8247393937014352,0.1577470162041329
classification,descriptor24_buffer_classifier_mlp,descriptor24,MLP,all,42,o-salt+buffer__p-molecular_weight,0.7132202354273148,403,salt+buffer,molecular_weight,0.8247393937014352,0.1115191582741204
classification,descriptor24_buffer_classifier_mlp,descriptor24,MLP,all,42,o-salt+buffer__p-concentration,0.6990330553995856,403,salt+buffer,concentration,0.8247393937014352,0.12570633830184963
classification,descriptor24_buffer_classifier_mlp,descriptor24,MLP,all,42,o-salt+buffer__p-functionalization+molecular_weight,0.6737452093069898,403,salt+buffer,functionalization+molecular_weight,0.8247393937014352,0.15099418439444545
classification,descriptor24_buffer_classifier_mlp,descriptor24,MLP,all,42,o-salt+buffer__p-functionalization+concentration,0.7062391904879626,403,salt+buffer,functionalization+concentration,0.8247393937014352,0.11850020321347265
classification,descriptor24_buffer_classifier_mlp,descriptor24,MLP,all,42,o-salt+buffer__p-molecular_weight+concentration,0.6846389755323267,403,salt+buffer,molecular_weight+concentration,0.8247393937014352,0.14010041816910856
classification,descriptor24_buffer_classifier_mlp,descriptor24,MLP,all,42,o-salt+buffer__p-functionalization+molecular_weight+concentration,0.6746276660275882,403,salt+buffer,functionalization+molecular_weight+concentration,0.8247393937014352,0.15011172767384706
classification,descriptor24_buffer_classifier_mlp,descriptor24,MLP,all,42,o-additive+salt+buffer__p-empty,0.4845541225596258,403,additive+salt+buffer,empty,0.8247393937014352,0.3401852711418094
classification,descriptor24_buffer_classifier_mlp,descriptor24,MLP,all,42,o-additive+salt+buffer__p-functionalization,0.38944372162980523,403,additive+salt+buffer,functionalization,0.8247393937014352,0.43529567207163
classification,descriptor24_buffer_classifier_mlp,descriptor24,MLP,all,42,o-additive+salt+buffer__p-molecular_weight,0.44289833832672443,403,additive+salt+buffer,molecular_weight,0.8247393937014352,0.3818410553747108
classification,descriptor24_buffer_classifier_mlp,descriptor24,MLP,all,42,o-additive+salt+buffer__p-concentration,0.3832844980717989,403,additive+salt+buffer,concentration,0.8247393937014352,0.44145489562963636
classification,descriptor24_buffer_classifier_mlp,descriptor24,MLP,all,42,o-additive+salt+buffer__p-functionalization+molecular_weight,0.3946729351468988,403,additive+salt+buffer,functionalization+molecular_weight,0.8247393937014352,0.43006645855453646
classification,descriptor24_buffer_classifier_mlp,descriptor24,MLP,all,42,o-additive+salt+buffer__p-functionalization+concentration,0.40280352017690024,403,additive+salt+buffer,functionalization+concentration,0.8247393937014352,0.421935873524535
classification,descriptor24_buffer_classifier_mlp,descriptor24,MLP,all,42,o-additive+salt+buffer__p-molecular_weight+concentration,0.3888302873500718,403,additive+salt+buffer,molecular_weight+concentration,0.8247393937014352,0.43590910635136343
classification,descriptor24_buffer_classifier_mlp,descriptor24,MLP,all,42,o-additive+salt+buffer__p-functionalization+molecular_weight+concentration,0.3414530014652542,403,additive+salt+buffer,functionalization+molecular_weight+concentration,0.8247393937014352,0.48328639223618103
classification,descriptor24_buffer_classifier_mlp,descriptor24,MLP,all,43,o-empty__p-empty,0.8248171937476079,403,empty,empty,0.8248171937476079,0.0
classification,descriptor24_buffer_classifier_mlp,descriptor24,MLP,all,43,o-empty__p-functionalization,0.7389168431075334,403,empty,functionalization,0.8248171937476079,0.08590035064007451
classification,descriptor24_buffer_classifier_mlp,descriptor24,MLP,all,43,o-empty__p-molecular_weight,0.8102598335413039,403,empty,molecular_weight,0.8248171937476079,0.014557360206303938
classification,descriptor24_buffer_classifier_mlp,descriptor24,MLP,all,43,o-empty__p-concentration,0.7410052359954553,403,empty,concentration,0.8248171937476079,0.08381195775215255
classification,descriptor24_buffer_classifier_mlp,descriptor24,MLP,all,43,o-empty__p-functionalization+molecular_weight,0.7355103807156356,403,empty,functionalization+molecular_weight,0.8248171937476079,0.0893068130319723
classification,descriptor24_buffer_classifier_mlp,descriptor24,MLP,all,43,o-empty__p-functionalization+concentration,0.7057895465540549,403,empty,functionalization+concentration,0.8248171937476079,0.11902764719355297
classification,descriptor24_buffer_classifier_mlp,descriptor24,MLP,all,43,o-empty__p-molecular_weight+concentration,0.7026335451779651,403,empty,molecular_weight+concentration,0.8248171937476079,0.12218364856964281
classification,descriptor24_buffer_classifier_mlp,descriptor24,MLP,all,43,o-empty__p-functionalization+molecular_weight+concentration,0.7158707506689312,403,empty,functionalization+molecular_weight+concentration,0.8248171937476079,0.10894644307867662
classification,descriptor24_buffer_classifier_mlp,descriptor24,MLP,all,43,o-additive__p-empty,0.5797074381682178,403,additive,empty,0.8248171937476079,0.24510975557939008
classification,descriptor24_buffer_classifier_mlp,descriptor24,MLP,all,43,o-additive__p-functionalization,0.5394127555416847,403,additive,functionalization,0.8248171937476079,0.2854044382059232
classification,descriptor24_buffer_classifier_mlp,descriptor24,MLP,all,43,o-additive__p-molecular_weight,0.5706463729749153,403,additive,molecular_weight,0.8248171937476079,0.2541708207726926
classification,descriptor24_buffer_classifier_mlp,descriptor24,MLP,all,43,o-additive__p-concentration,0.4938333566048042,403,additive,concentration,0.8248171937476079,0.33098383714280366
classification,descriptor24_buffer_classifier_mlp,descriptor24,MLP,all,43,o-additive__p-functionalization+molecular_weight,0.5237261500970034,403,additive,functionalization+molecular_weight,0.8248171937476079,0.30109104365060446
classification,descriptor24_buffer_classifier_mlp,descriptor24,MLP,all,43,o-additive__p-functionalization+concentration,0.4736939783607545,403,additive,functionalization+concentration,0.8248171937476079,0.35112321538685337
classification,descriptor24_buffer_classifier_mlp,descriptor24,MLP,all,43,o-additive__p-molecular_weight+concentration,0.45469138269620596,403,additive,molecular_weight+concentration,0.8248171937476079,0.3701258110514019
classification,descriptor24_buffer_classifier_mlp,descriptor24,MLP,all,43,o-additive__p-functionalization+molecular_weight+concentration,0.45043211443750036,403,additive,functionalization+molecular_weight+concentration,0.8248171937476079,0.3743850793101075
classification,descriptor24_buffer_classifier_mlp,descriptor24,MLP,all,43,o-salt__p-empty,0.7650712098910634,403,salt,empty,0.8248171937476079,0.059745983856544504
classification,descriptor24_buffer_classifier_mlp,descriptor24,MLP,all,43,o-salt__p-functionalization,0.7006945676027833,403,salt,functionalization,0.8248171937476079,0.12412262614482461
classification,descriptor24_buffer_classifier_mlp,descriptor24,MLP,all,43,o-salt__p-molecular_weight,0.7108944280624367,403,salt,molecular_weight,0.8248171937476079,0.11392276568517112
classification,descriptor24_buffer_classifier_mlp,descriptor24,MLP,all,43,o-salt__p-concentration,0.6843420046301967,403,salt,concentration,0.8248171937476079,0.1404751891174112
classification,descriptor24_buffer_classifier_mlp,descriptor24,MLP,all,43,o-salt__p-functionalization+molecular_weight,0.6999460830534353,403,salt,functionalization+molecular_weight,0.8248171937476079,0.12487111069417256
classification,descriptor24_buffer_classifier_mlp,descriptor24,MLP,all,43,o-salt__p-functionalization+concentration,0.6862321155058302,403,salt,functionalization+concentration,0.8248171937476079,0.13858507824177768
classification,descriptor24_buffer_classifier_mlp,descriptor24,MLP,all,43,o-salt__p-molecular_weight+concentration,0.6861660120251495,403,salt,molecular_weight+concentration,0.8248171937476079,0.13865118172245838
classification,descriptor24_buffer_classifier_mlp,descriptor24,MLP,all,43,o-salt__p-functionalization+molecular_weight+concentration,0.6858989230015594,403,salt,functionalization+molecular_weight+concentration,0.8248171937476079,0.13891827074604846
classification,descriptor24_buffer_classifier_mlp,descriptor24,MLP,all,43,o-buffer__p-empty,0.824779541136217,403,buffer,empty,0.8248171937476079,3.7652611390881496e-05
classification,descriptor24_buffer_classifier_mlp,descriptor24,MLP,all,43,o-buffer__p-functionalization,0.7202680963730789,403,buffer,functionalization,0.8248171937476079,0.104549097374529
classification,descriptor24_buffer_classifier_mlp,descriptor24,MLP,all,43,o-buffer__p-molecular_weight,0.7993169150790169,403,buffer,molecular_weight,0.8248171937476079,0.025500278668590948
classification,descriptor24_buffer_classifier_mlp,descriptor24,MLP,all,43,o-buffer__p-concentration,0.7370944035886124,403,buffer,concentration,0.8248171937476079,0.08772279015899542
classification,descriptor24_buffer_classifier_mlp,descriptor24,MLP,all,43,o-buffer__p-functionalization+molecular_weight,0.7207543884821105,403,buffer,functionalization+molecular_weight,0.8248171937476079,0.10406280526549738
classification,descriptor24_buffer_classifier_mlp,descriptor24,MLP,all,43,o-buffer__p-functionalization+concentration,0.7093015850361352,403,buffer,functionalization+concentration,0.8248171937476079,0.1155156087114727
classification,descriptor24_buffer_classifier_mlp,descriptor24,MLP,all,43,o-buffer__p-molecular_weight+concentration,0.7133742641158664,403,buffer,molecular_weight+concentration,0.8248171937476079,0.11144292963174152
classification,descriptor24_buffer_classifier_mlp,descriptor24,MLP,all,43,o-buffer__p-functionalization+molecular_weight+concentration,0.6787209026377228,403,buffer,functionalization+molecular_weight+concentration,0.8248171937476079,0.1460962911098851
classification,descriptor24_buffer_classifier_mlp,descriptor24,MLP,all,43,o-additive+salt__p-empty,0.5613421159442266,403,additive+salt,empty,0.8248171937476079,0.2634750778033813
classification,descriptor24_buffer_classifier_mlp,descriptor24,MLP,all,43,o-additive+salt__p-functionalization,0.4922239737258827,403,additive+salt,functionalization,0.8248171937476079,0.33259322002172514
classification,descriptor24_buffer_classifier_mlp,descriptor24,MLP,all,43,o-additive+salt__p-molecular_weight,0.5358053070284052,403,additive+salt,molecular_weight,0.8248171937476079,0.28901188671920264
classification,descriptor24_buffer_classifier_mlp,descriptor24,MLP,all,43,o-additive+salt__p-concentration,0.4201130485943556,403,additive+salt,concentration,0.8248171937476079,0.40470414515325226
classification,descriptor24_buffer_classifier_mlp,descriptor24,MLP,all,43,o-additive+salt__p-functionalization+molecular_weight,0.4862198313353289,403,additive+salt,functionalization+molecular_weight,0.8248171937476079,0.33859736241227895
classification,descriptor24_buffer_classifier_mlp,descriptor24,MLP,all,43,o-additive+salt__p-functionalization+concentration,0.4225142177367936,403,additive+salt,functionalization+concentration,0.8248171937476079,0.4023029760108143
classification,descriptor24_buffer_classifier_mlp,descriptor24,MLP,all,43,o-additive+salt__p-molecular_weight+concentration,0.36797258032957514,403,additive+salt,molecular_weight+concentration,0.8248171937476079,0.45684461341803273
classification,descriptor24_buffer_classifier_mlp,descriptor24,MLP,all,43,o-additive+salt__p-functionalization+molecular_weight+concentration,0.3935023190343721,403,additive+salt,functionalization+molecular_weight+concentration,0.8248171937476079,0.43131487471323576
classification,descriptor24_buffer_classifier_mlp,descriptor24,MLP,all,43,o-additive+buffer__p-empty,0.6002259840710514,403,additive+buffer,empty,0.8248171937476079,0.22459120967655644
classification,descriptor24_buffer_classifier_mlp,descriptor24,MLP,all,43,o-additive+buffer__p-functionalization,0.5510954344655785,403,additive+buffer,functionalization,0.8248171937476079,0.27372175928202935
classification,descriptor24_buffer_classifier_mlp,descriptor24,MLP,all,43,o-additive+buffer__p-molecular_weight,0.5943839216858083,403,additive+buffer,molecular_weight,0.8248171937476079,0.23043327206179953
classification,descriptor24_buffer_classifier_mlp,descriptor24,MLP,all,43,o-additive+buffer__p-concentration,0.490545131802272,403,additive+buffer,concentration,0.8248171937476079,0.3342720619453359
classification,descriptor24_buffer_classifier_mlp,descriptor24,MLP,all,43,o-additive+buffer__p-functionalization+molecular_weight,0.5372595557226789,403,additive+buffer,functionalization+molecular_weight,0.8248171937476079,0.28755763802492895
classification,descriptor24_buffer_classifier_mlp,descriptor24,MLP,all,43,o-additive+buffer__p-functionalization+concentration,0.4741038953328676,403,additive+buffer,functionalization+concentration,0.8248171937476079,0.35071329841474025
classification,descriptor24_buffer_classifier_mlp,descriptor24,MLP,all,43,o-additive+buffer__p-molecular_weight+concentration,0.473233610406587,403,additive+buffer,molecular_weight+concentration,0.8248171937476079,0.35158358334102086
classification,descriptor24_buffer_classifier_mlp,descriptor24,MLP,all,43,o-additive+buffer__p-functionalization+molecular_weight+concentration,0.45201565266199034,403,additive+buffer,functionalization+molecular_weight+concentration,0.8248171937476079,0.3728015410856175
classification,descriptor24_buffer_classifier_mlp,descriptor24,MLP,all,43,o-salt+buffer__p-empty,0.7564182967769347,403,salt+buffer,empty,0.8248171937476079,0.06839889697067314
classification,descriptor24_buffer_classifier_mlp,descriptor24,MLP,all,43,o-salt+buffer__p-functionalization,0.6654229858654903,403,salt+buffer,functionalization,0.8248171937476079,0.15939420788211756
classification,descriptor24_buffer_classifier_mlp,descriptor24,MLP,all,43,o-salt+buffer__p-molecular_weight,0.6819088316889637,403,salt+buffer,molecular_weight,0.8248171937476079,0.1429083620586442
classification,descriptor24_buffer_classifier_mlp,descriptor24,MLP,all,43,o-salt+buffer__p-concentration,0.6680930903236856,403,salt+buffer,concentration,0.8248171937476079,0.1567241034239223
classification,descriptor24_buffer_classifier_mlp,descriptor24,MLP,all,43,o-salt+buffer__p-functionalization+molecular_weight,0.6684819098970699,403,salt+buffer,functionalization+molecular_weight,0.8248171937476079,0.15633528385053796
classification,descriptor24_buffer_classifier_mlp,descriptor24,MLP,all,43,o-salt+buffer__p-functionalization+concentration,0.6426326013011825,403,salt+buffer,functionalization+concentration,0.8248171937476079,0.18218459244642538
classification,descriptor24_buffer_classifier_mlp,descriptor24,MLP,all,43,o-salt+buffer__p-molecular_weight+concentration,0.6674512364651967,403,salt+buffer,molecular_weight+concentration,0.8248171937476079,0.1573659572824112
classification,descriptor24_buffer_classifier_mlp,descriptor24,MLP,all,43,o-salt+buffer__p-functionalization+molecular_weight+concentration,0.6586810270538425,403,salt+buffer,functionalization+molecular_weight+concentration,0.8248171937476079,0.1661361666937654
classification,descriptor24_buffer_classifier_mlp,descriptor24,MLP,all,43,o-additive+salt+buffer__p-empty,0.5605262472140662,403,additive+salt+buffer,empty,0.8248171937476079,0.2642909465335417
classification,descriptor24_buffer_classifier_mlp,descriptor24,MLP,all,43,o-additive+salt+buffer__p-functionalization,0.4786252770560864,403,additive+salt+buffer,functionalization,0.8248171937476079,0.3461919166915215
classification,descriptor24_buffer_classifier_mlp,descriptor24,MLP,all,43,o-additive+salt+buffer__p-molecular_weight,0.5217466411656989,403,additive+salt+buffer,molecular_weight,0.8248171937476079,0.30307055258190896
classification,descriptor24_buffer_classifier_mlp,descriptor24,MLP,all,43,o-additive+salt+buffer__p-concentration,0.3773297711822909,403,additive+salt+buffer,concentration,0.8248171937476079,0.447487422565317
classification,descriptor24_buffer_classifier_mlp,descriptor24,MLP,all,43,o-additive+salt+buffer__p-functionalization+molecular_weight,0.45572124771518985,403,additive+salt+buffer,functionalization+molecular_weight,0.8248171937476079,0.369095946032418
classification,descriptor24_buffer_classifier_mlp,descriptor24,MLP,all,43,o-additive+salt+buffer__p-functionalization+concentration,0.36607338726558347,403,additive+salt+buffer,functionalization+concentration,0.8248171937476079,0.4587438064820244
classification,descriptor24_buffer_classifier_mlp,descriptor24,MLP,all,43,o-additive+salt+buffer__p-molecular_weight+concentration,0.35868445548700784,403,additive+salt+buffer,molecular_weight+concentration,0.8248171937476079,0.46613273826060003
classification,descriptor24_buffer_classifier_mlp,descriptor24,MLP,all,43,o-additive+salt+buffer__p-functionalization+molecular_weight+concentration,0.3995513233184212,403,additive+salt+buffer,functionalization+molecular_weight+concentration,0.8248171937476079,0.4252658704291867
classification,descriptor24_buffer_classifier_mlp,descriptor24,MLP,all,44,o-empty__p-empty,0.8248609513924037,403,empty,empty,0.8248609513924037,0.0
classification,descriptor24_buffer_classifier_mlp,descriptor24,MLP,all,44,o-empty__p-functionalization,0.7334544732157936,403,empty,functionalization,0.8248609513924037,0.09140647817661007
classification,descriptor24_buffer_classifier_mlp,descriptor24,MLP,all,44,o-empty__p-molecular_weight,0.7431088519004787,403,empty,molecular_weight,0.8248609513924037,0.08175209949192497
classification,descriptor24_buffer_classifier_mlp,descriptor24,MLP,all,44,o-empty__p-concentration,0.7230058341983754,403,empty,concentration,0.8248609513924037,0.10185511719402829
classification,descriptor24_buffer_classifier_mlp,descriptor24,MLP,all,44,o-empty__p-functionalization+molecular_weight,0.7305610190821997,403,empty,functionalization+molecular_weight,0.8248609513924037,0.09429993231020395
classification,descriptor24_buffer_classifier_mlp,descriptor24,MLP,all,44,o-empty__p-functionalization+concentration,0.7132629057040497,403,empty,functionalization+concentration,0.8248609513924037,0.11159804568835396
classification,descriptor24_buffer_classifier_mlp,descriptor24,MLP,all,44,o-empty__p-molecular_weight+concentration,0.6907992768726041,403,empty,molecular_weight+concentration,0.8248609513924037,0.13406167451979956
classification,descriptor24_buffer_classifier_mlp,descriptor24,MLP,all,44,o-empty__p-functionalization+molecular_weight+concentration,0.695550776487878,403,empty,functionalization+molecular_weight+concentration,0.8248609513924037,0.12931017490452568
classification,descriptor24_buffer_classifier_mlp,descriptor24,MLP,all,44,o-additive__p-empty,0.5704859218528929,403,additive,empty,0.8248609513924037,0.25437502953951074
classification,descriptor24_buffer_classifier_mlp,descriptor24,MLP,all,44,o-additive__p-functionalization,0.5042755752872469,403,additive,functionalization,0.8248609513924037,0.3205853761051568
classification,descriptor24_buffer_classifier_mlp,descriptor24,MLP,all,44,o-additive__p-molecular_weight,0.5417527182421397,403,additive,molecular_weight,0.8248609513924037,0.283108233150264
classification,descriptor24_buffer_classifier_mlp,descriptor24,MLP,all,44,o-additive__p-concentration,0.469027809100031,403,additive,concentration,0.8248609513924037,0.3558331422923727
classification,descriptor24_buffer_classifier_mlp,descriptor24,MLP,all,44,o-additive__p-functionalization+molecular_weight,0.4849681928989497,403,additive,functionalization+molecular_weight,0.8248609513924037,0.33989275849345396
classification,descriptor24_buffer_classifier_mlp,descriptor24,MLP,all,44,o-additive__p-functionalization+concentration,0.4702607798103314,403,additive,functionalization+concentration,0.8248609513924037,0.3546001715820723
classification,descriptor24_buffer_classifier_mlp,descriptor24,MLP,all,44,o-additive__p-molecular_weight+concentration,0.45149720722841175,403,additive,molecular_weight+concentration,0.8248609513924037,0.37336374416399193
classification,descriptor24_buffer_classifier_mlp,descriptor24,MLP,all,44,o-additive__p-functionalization+molecular_weight+concentration,0.43240862960350634,403,additive,functionalization+molecular_weight+concentration,0.8248609513924037,0.39245232178889733
classification,descriptor24_buffer_classifier_mlp,descriptor24,MLP,all,44,o-salt__p-empty,0.7967297812562792,403,salt,empty,0.8248609513924037,0.028131170136124428
classification,descriptor24_buffer_classifier_mlp,descriptor24,MLP,all,44,o-salt__p-functionalization,0.7066398049973392,403,salt,functionalization,0.8248609513924037,0.11822114639506442
classification,descriptor24_buffer_classifier_mlp,descriptor24,MLP,all,44,o-salt__p-molecular_weight,0.7242864227127532,403,salt,molecular_weight,0.8248609513924037,0.10057452867965044
classification,descriptor24_buffer_classifier_mlp,descriptor24,MLP,all,44,o-salt__p-concentration,0.6946024992006605,403,salt,concentration,0.8248609513924037,0.13025845219174315
classification,descriptor24_buffer_classifier_mlp,descriptor24,MLP,all,44,o-salt__p-functionalization+molecular_weight,0.707237210003324,403,salt,functionalization+molecular_weight,0.8248609513924037,0.11762374138907972
classification,descriptor24_buffer_classifier_mlp,descriptor24,MLP,all,44,o-salt__p-functionalization+concentration,0.6880385686194275,403,salt,functionalization+concentration,0.8248609513924037,0.1368223827729762
classification,descriptor24_buffer_classifier_mlp,descriptor24,MLP,all,44,o-salt__p-molecular_weight+concentration,0.6890334229204965,403,salt,molecular_weight+concentration,0.8248609513924037,0.13582752847190716
classification,descriptor24_buffer_classifier_mlp,descriptor24,MLP,all,44,o-salt__p-functionalization+molecular_weight+concentration,0.6835532336779787,403,salt,functionalization+molecular_weight+concentration,0.8248609513924037,0.14130771771442496
classification,descriptor24_buffer_classifier_mlp,descriptor24,MLP,all,44,o-buffer__p-empty,0.8213432331921886,403,buffer,empty,0.8248609513924037,0.0035177182002150698
classification,descriptor24_buffer_classifier_mlp,descriptor24,MLP,all,44,o-buffer__p-functionalization,0.7183080942614816,403,buffer,functionalization,0.8248609513924037,0.10655285713092211
classification,descriptor24_buffer_classifier_mlp,descriptor24,MLP,all,44,o-buffer__p-molecular_weight,0.7362582278438897,403,buffer,molecular_weight,0.8248609513924037,0.08860272354851395
classification,descriptor24_buffer_classifier_mlp,descriptor24,MLP,all,44,o-buffer__p-concentration,0.7296316451915108,403,buffer,concentration,0.8248609513924037,0.09522930620089287
classification,descriptor24_buffer_classifier_mlp,descriptor24,MLP,all,44,o-buffer__p-functionalization+molecular_weight,0.7182977512649756,403,buffer,functionalization+molecular_weight,0.8248609513924037,0.10656320012742804
classification,descriptor24_buffer_classifier_mlp,descriptor24,MLP,all,44,o-buffer__p-functionalization+concentration,0.7013939301499554,403,buffer,functionalization+concentration,0.8248609513924037,0.12346702124244824
classification,descriptor24_buffer_classifier_mlp,descriptor24,MLP,all,44,o-buffer__p-molecular_weight+concentration,0.7068858144789743,403,buffer,molecular_weight+concentration,0.8248609513924037,0.11797513691342942
classification,descriptor24_buffer_classifier_mlp,descriptor24,MLP,all,44,o-buffer__p-functionalization+molecular_weight+concentration,0.6826273330291676,403,buffer,functionalization+molecular_weight+concentration,0.8248609513924037,0.14223361836323611
classification,descriptor24_buffer_classifier_mlp,descriptor24,MLP,all,44,o-additive+salt__p-empty,0.5136218882725656,403,additive+salt,empty,0.8248609513924037,0.31123906311983807
classification,descriptor24_buffer_classifier_mlp,descriptor24,MLP,all,44,o-additive+salt__p-functionalization,0.45487651124011885,403,additive+salt,functionalization,0.8248609513924037,0.3699844401522848
classification,descriptor24_buffer_classifier_mlp,descriptor24,MLP,all,44,o-additive+salt__p-molecular_weight,0.4765746284489116,403,additive+salt,molecular_weight,0.8248609513924037,0.3482863229434921
classification,descriptor24_buffer_classifier_mlp,descriptor24,MLP,all,44,o-additive+salt__p-concentration,0.4007140497886649,403,additive+salt,concentration,0.8248609513924037,0.42414690160373875
classification,descriptor24_buffer_classifier_mlp,descriptor24,MLP,all,44,o-additive+salt__p-functionalization+molecular_weight,0.4435931564307644,403,additive+salt,functionalization+molecular_weight,0.8248609513924037,0.38126779496163926
classification,descriptor24_buffer_classifier_mlp,descriptor24,MLP,all,44,o-additive+salt__p-functionalization+concentration,0.38470769951137884,403,additive+salt,functionalization+concentration,0.8248609513924037,0.44015325188102483
classification,descriptor24_buffer_classifier_mlp,descriptor24,MLP,all,44,o-additive+salt__p-molecular_weight+concentration,0.3972750626597486,403,additive+salt,molecular_weight+concentration,0.8248609513924037,0.4275858887326551
classification,descriptor24_buffer_classifier_mlp,descriptor24,MLP,all,44,o-additive+salt__p-functionalization+molecular_weight+concentration,0.3758382650751141,403,additive+salt,functionalization+molecular_weight+concentration,0.8248609513924037,0.4490226863172896
classification,descriptor24_buffer_classifier_mlp,descriptor24,MLP,all,44,o-additive+buffer__p-empty,0.5704410057372226,403,additive+buffer,empty,0.8248609513924037,0.2544199456551811
classification,descriptor24_buffer_classifier_mlp,descriptor24,MLP,all,44,o-additive+buffer__p-functionalization,0.5036139267289882,403,additive+buffer,functionalization,0.8248609513924037,0.3212470246634155
classification,descriptor24_buffer_classifier_mlp,descriptor24,MLP,all,44,o-additive+buffer__p-molecular_weight,0.51710442663318,403,additive+buffer,molecular_weight,0.8248609513924037,0.30775652475922366
classification,descriptor24_buffer_classifier_mlp,descriptor24,MLP,all,44,o-additive+buffer__p-concentration,0.4628842844403047,403,additive+buffer,concentration,0.8248609513924037,0.36197666695209896
classification,descriptor24_buffer_classifier_mlp,descriptor24,MLP,all,44,o-additive+buffer__p-functionalization+molecular_weight,0.5000594073238379,403,additive+buffer,functionalization+molecular_weight,0.8248609513924037,0.32480154406856576
classification,descriptor24_buffer_classifier_mlp,descriptor24,MLP,all,44,o-additive+buffer__p-functionalization+concentration,0.46677464480761593,403,additive+buffer,functionalization+concentration,0.8248609513924037,0.35808630658478774
classification,descriptor24_buffer_classifier_mlp,descriptor24,MLP,all,44,o-additive+buffer__p-molecular_weight+concentration,0.452343979606633,403,additive+buffer,molecular_weight+concentration,0.8248609513924037,0.3725169717857707
classification,descriptor24_buffer_classifier_mlp,descriptor24,MLP,all,44,o-additive+buffer__p-functionalization+molecular_weight+concentration,0.4357851145645863,403,additive+buffer,functionalization+molecular_weight+concentration,0.8248609513924037,0.3890758368278174
classification,descriptor24_buffer_classifier_mlp,descriptor24,MLP,all,44,o-salt+buffer__p-empty,0.7829867778692963,403,salt+buffer,empty,0.8248609513924037,0.041874173523107405
classification,descriptor24_buffer_classifier_mlp,descriptor24,MLP,all,44,o-salt+buffer__p-functionalization,0.6772715937512708,403,salt+buffer,functionalization,0.8248609513924037,0.1475893576411329
classification,descriptor24_buffer_classifier_mlp,descriptor24,MLP,all,44,o-salt+buffer__p-molecular_weight,0.726708731876588,403,salt+buffer,molecular_weight,0.8248609513924037,0.09815221951581565
classification,descriptor24_buffer_classifier_mlp,descriptor24,MLP,all,44,o-salt+buffer__p-concentration,0.6855806360347146,403,salt+buffer,concentration,0.8248609513924037,0.13928031535768903
classification,descriptor24_buffer_classifier_mlp,descriptor24,MLP,all,44,o-salt+buffer__p-functionalization+molecular_weight,0.6878047972582101,403,salt+buffer,functionalization+molecular_weight,0.8248609513924037,0.1370561541341936
classification,descriptor24_buffer_classifier_mlp,descriptor24,MLP,all,44,o-salt+buffer__p-functionalization+concentration,0.672901515711255,403,salt+buffer,functionalization+concentration,0.8248609513924037,0.15195943568114867
classification,descriptor24_buffer_classifier_mlp,descriptor24,MLP,all,44,o-salt+buffer__p-molecular_weight+concentration,0.6728574149853066,403,salt+buffer,molecular_weight+concentration,0.8248609513924037,0.15200353640709707
classification,descriptor24_buffer_classifier_mlp,descriptor24,MLP,all,44,o-salt+buffer__p-functionalization+molecular_weight+concentration,0.6643986762326051,403,salt+buffer,functionalization+molecular_weight+concentration,0.8248609513924037,0.1604622751597986
classification,descriptor24_buffer_classifier_mlp,descriptor24,MLP,all,44,o-additive+salt+buffer__p-empty,0.5039053862619868,403,additive+salt+buffer,empty,0.8248609513924037,0.3209555651304169
classification,descriptor24_buffer_classifier_mlp,descriptor24,MLP,all,44,o-additive+salt+buffer__p-functionalization,0.41363832298607606,403,additive+salt+buffer,functionalization,0.8248609513924037,0.4112226284063276
classification,descriptor24_buffer_classifier_mlp,descriptor24,MLP,all,44,o-additive+salt+buffer__p-molecular_weight,0.4554725381004712,403,additive+salt+buffer,molecular_weight,0.8248609513924037,0.36938841329193245
classification,descriptor24_buffer_classifier_mlp,descriptor24,MLP,all,44,o-additive+salt+buffer__p-concentration,0.3619381549452555,403,additive+salt+buffer,concentration,0.8248609513924037,0.4629227964471482
classification,descriptor24_buffer_classifier_mlp,descriptor24,MLP,all,44,o-additive+salt+buffer__p-functionalization+molecular_weight,0.3888677038752581,403,additive+salt+buffer,functionalization+molecular_weight,0.8248609513924037,0.4359932475171456
classification,descriptor24_buffer_classifier_mlp,descriptor24,MLP,all,44,o-additive+salt+buffer__p-functionalization+concentration,0.357537733293112,403,additive+salt+buffer,functionalization+concentration,0.8248609513924037,0.46732321809929167
classification,descriptor24_buffer_classifier_mlp,descriptor24,MLP,all,44,o-additive+salt+buffer__p-molecular_weight+concentration,0.3722199507702266,403,additive+salt+buffer,molecular_weight+concentration,0.8248609513924037,0.45264100062217705
classification,descriptor24_buffer_classifier_mlp,descriptor24,MLP,all,44,o-additive+salt+buffer__p-functionalization+molecular_weight+concentration,0.33677914124056174,403,additive+salt+buffer,functionalization+molecular_weight+concentration,0.8248609513924037,0.48808181015184193
classification,descriptor24_buffer_classifier_mlp,descriptor24,MLP,all,45,o-empty__p-empty,0.8248367368495156,403,empty,empty,0.8248367368495156,0.0
classification,descriptor24_buffer_classifier_mlp,descriptor24,MLP,all,45,o-empty__p-functionalization,0.7481881020834413,403,empty,functionalization,0.8248367368495156,0.07664863476607431
classification,descriptor24_buffer_classifier_mlp,descriptor24,MLP,all,45,o-empty__p-molecular_weight,0.8001484050279013,403,empty,molecular_weight,0.8248367368495156,0.02468833182161434
classification,descriptor24_buffer_classifier_mlp,descriptor24,MLP,all,45,o-empty__p-concentration,0.7450003775356874,403,empty,concentration,0.8248367368495156,0.07983635931382826
classification,descriptor24_buffer_classifier_mlp,descriptor24,MLP,all,45,o-empty__p-functionalization+molecular_weight,0.762825432083367,403,empty,functionalization+molecular_weight,0.8248367368495156,0.06201130476614869
classification,descriptor24_buffer_classifier_mlp,descriptor24,MLP,all,45,o-empty__p-functionalization+concentration,0.7303476210370212,403,empty,functionalization+concentration,0.8248367368495156,0.09448911581249442
classification,descriptor24_buffer_classifier_mlp,descriptor24,MLP,all,45,o-empty__p-molecular_weight+concentration,0.7205412858807251,403,empty,molecular_weight+concentration,0.8248367368495156,0.10429545096879056
classification,descriptor24_buffer_classifier_mlp,descriptor24,MLP,all,45,o-empty__p-functionalization+molecular_weight+concentration,0.7044557955131298,403,empty,functionalization+molecular_weight+concentration,0.8248367368495156,0.12038094133638588
classification,descriptor24_buffer_classifier_mlp,descriptor24,MLP,all,45,o-additive__p-empty,0.5588006631102934,403,additive,empty,0.8248367368495156,0.2660360737392222
classification,descriptor24_buffer_classifier_mlp,descriptor24,MLP,all,45,o-additive__p-functionalization,0.49448151819105873,403,additive,functionalization,0.8248367368495156,0.3303552186584569
classification,descriptor24_buffer_classifier_mlp,descriptor24,MLP,all,45,o-additive__p-molecular_weight,0.5279658096597096,403,additive,molecular_weight,0.8248367368495156,0.296870927189806
classification,descriptor24_buffer_classifier_mlp,descriptor24,MLP,all,45,o-additive__p-concentration,0.4540244114693934,403,additive,concentration,0.8248367368495156,0.37081232538012227
classification,descriptor24_buffer_classifier_mlp,descriptor24,MLP,all,45,o-additive__p-functionalization+molecular_weight,0.4945114599210806,403,additive,functionalization+molecular_weight,0.8248367368495156,0.33032527692843505
classification,descriptor24_buffer_classifier_mlp,descriptor24,MLP,all,45,o-additive__p-functionalization+concentration,0.45874035101659616,403,additive,functionalization+concentration,0.8248367368495156,0.3660963858329195
classification,descriptor24_buffer_classifier_mlp,descriptor24,MLP,all,45,o-additive__p-molecular_weight+concentration,0.4552979549787178,403,additive,molecular_weight+concentration,0.8248367368495156,0.36953878187079786
classification,descriptor24_buffer_classifier_mlp,descriptor24,MLP,all,45,o-additive__p-functionalization+molecular_weight+concentration,0.45813054298322065,403,additive,functionalization+molecular_weight+concentration,0.8248367368495156,0.366706193866295
classification,descriptor24_buffer_classifier_mlp,descriptor24,MLP,all,45,o-salt__p-empty,0.7864065502306824,403,salt,empty,0.8248367368495156,0.03843018661883324
classification,descriptor24_buffer_classifier_mlp,descriptor24,MLP,all,45,o-salt__p-functionalization,0.7377846998410584,403,salt,functionalization,0.8248367368495156,0.0870520370084572
classification,descriptor24_buffer_classifier_mlp,descriptor24,MLP,all,45,o-salt__p-molecular_weight,0.763627398077754,403,salt,molecular_weight,0.8248367368495156,0.0612093387717616
classification,descriptor24_buffer_classifier_mlp,descriptor24,MLP,all,45,o-salt__p-concentration,0.707228298842832,403,salt,concentration,0.8248367368495156,0.11760843800668364
classification,descriptor24_buffer_classifier_mlp,descriptor24,MLP,all,45,o-salt__p-functionalization+molecular_weight,0.7492718112944377,403,salt,functionalization+molecular_weight,0.8248367368495156,0.07556492555507799
classification,descriptor24_buffer_classifier_mlp,descriptor24,MLP,all,45,o-salt__p-functionalization+concentration,0.7176921800039407,403,salt,functionalization+concentration,0.8248367368495156,0.10714455684557489
classification,descriptor24_buffer_classifier_mlp,descriptor24,MLP,all,45,o-salt__p-molecular_weight+concentration,0.7165588011928069,403,salt,molecular_weight+concentration,0.8248367368495156,0.10827793565670873
classification,descriptor24_buffer_classifier_mlp,descriptor24,MLP,all,45,o-salt__p-functionalization+molecular_weight+concentration,0.7177397270546094,403,salt,functionalization+molecular_weight+concentration,0.8248367368495156,0.10709700979490622
classification,descriptor24_buffer_classifier_mlp,descriptor24,MLP,all,45,o-buffer__p-empty,0.8218893420212265,403,buffer,empty,0.8248367368495156,0.002947394828289096
classification,descriptor24_buffer_classifier_mlp,descriptor24,MLP,all,45,o-buffer__p-functionalization,0.7099308529861313,403,buffer,functionalization,0.8248367368495156,0.1149058838633843
classification,descriptor24_buffer_classifier_mlp,descriptor24,MLP,all,45,o-buffer__p-molecular_weight,0.7940650463499866,403,buffer,molecular_weight,0.8248367368495156,0.030771690499528992
classification,descriptor24_buffer_classifier_mlp,descriptor24,MLP,all,45,o-buffer__p-concentration,0.7391868070164361,403,buffer,concentration,0.8248367368495156,0.08564992983307951
classification,descriptor24_buffer_classifier_mlp,descriptor24,MLP,all,45,o-buffer__p-functionalization+molecular_weight,0.7675447453495785,403,buffer,functionalization+molecular_weight,0.8248367368495156,0.057291991499937134
classification,descriptor24_buffer_classifier_mlp,descriptor24,MLP,all,45,o-buffer__p-functionalization+concentration,0.713064168671554,403,buffer,functionalization+concentration,0.8248367368495156,0.11177256817796166
classification,descriptor24_buffer_classifier_mlp,descriptor24,MLP,all,45,o-buffer__p-molecular_weight+concentration,0.6969190907891663,403,buffer,molecular_weight+concentration,0.8248367368495156,0.1279176460603494
classification,descriptor24_buffer_classifier_mlp,descriptor24,MLP,all,45,o-buffer__p-functionalization+molecular_weight+concentration,0.6886540614781149,403,buffer,functionalization+molecular_weight+concentration,0.8248367368495156,0.13618267537140072
classification,descriptor24_buffer_classifier_mlp,descriptor24,MLP,all,45,o-additive+salt__p-empty,0.49856154675324077,403,additive+salt,empty,0.8248367368495156,0.32627519009627487
classification,descriptor24_buffer_classifier_mlp,descriptor24,MLP,all,45,o-additive+salt__p-functionalization,0.44306171209432466,403,additive+salt,functionalization,0.8248367368495156,0.381775024755191
classification,descriptor24_buffer_classifier_mlp,descriptor24,MLP,all,45,o-additive+salt__p-molecular_weight,0.4689768682934492,403,additive+salt,molecular_weight,0.8248367368495156,0.35585986855606644
classification,descriptor24_buffer_classifier_mlp,descriptor24,MLP,all,45,o-additive+salt__p-concentration,0.3708603668371985,403,additive+salt,concentration,0.8248367368495156,0.45397637001231717
classification,descriptor24_buffer_classifier_mlp,descriptor24,MLP,all,45,o-additive+salt__p-functionalization+molecular_weight,0.4335727404952259,403,additive+salt,functionalization+molecular_weight,0.8248367368495156,0.39126399635428977
classification,descriptor24_buffer_classifier_mlp,descriptor24,MLP,all,45,o-additive+salt__p-functionalization+concentration,0.36460419883535033,403,additive+salt,functionalization+concentration,0.8248367368495156,0.4602325380141653
classification,descriptor24_buffer_classifier_mlp,descriptor24,MLP,all,45,o-additive+salt__p-molecular_weight+concentration,0.3722988255149592,403,additive+salt,molecular_weight+concentration,0.8248367368495156,0.45253791133455645
classification,descriptor24_buffer_classifier_mlp,descriptor24,MLP,all,45,o-additive+salt__p-functionalization+molecular_weight+concentration,0.3746812552200144,403,additive+salt,functionalization+molecular_weight+concentration,0.8248367368495156,0.45015548162950125
classification,descriptor24_buffer_classifier_mlp,descriptor24,MLP,all,45,o-additive+buffer__p-empty,0.5525352397402356,403,additive+buffer,empty,0.8248367368495156,0.2723014971092801
classification,descriptor24_buffer_classifier_mlp,descriptor24,MLP,all,45,o-additive+buffer__p-functionalization,0.4981138596954479,403,additive+buffer,functionalization,0.8248367368495156,0.3267228771540677
classification,descriptor24_buffer_classifier_mlp,descriptor24,MLP,all,45,o-additive+buffer__p-molecular_weight,0.5380049294577645,403,additive+buffer,molecular_weight,0.8248367368495156,0.2868318073917512
classification,descriptor24_buffer_classifier_mlp,descriptor24,MLP,all,45,o-additive+buffer__p-concentration,0.44074634935860957,403,additive+buffer,concentration,0.8248367368495156,0.38409038749090607
classification,descriptor24_buffer_classifier_mlp,descriptor24,MLP,all,45,o-additive+buffer__p-functionalization+molecular_weight,0.4755394324133224,403,additive+buffer,functionalization+molecular_weight,0.8248367368495156,0.3492973044361932
classification,descriptor24_buffer_classifier_mlp,descriptor24,MLP,all,45,o-additive+buffer__p-functionalization+concentration,0.44945175208719956,403,additive+buffer,functionalization+concentration,0.8248367368495156,0.3753849847623161
classification,descriptor24_buffer_classifier_mlp,descriptor24,MLP,all,45,o-additive+buffer__p-molecular_weight+concentration,0.4252705066275665,403,additive+buffer,molecular_weight+concentration,0.8248367368495156,0.39956623022194915
classification,descriptor24_buffer_classifier_mlp,descriptor24,MLP,all,45,o-additive+buffer__p-functionalization+molecular_weight+concentration,0.42246660138081155,403,additive+buffer,functionalization+molecular_weight+concentration,0.8248367368495156,0.4023701354687041
classification,descriptor24_buffer_classifier_mlp,descriptor24,MLP,all,45,o-salt+buffer__p-empty,0.7747646898377551,403,salt+buffer,empty,0.8248367368495156,0.05007204701176049
classification,descriptor24_buffer_classifier_mlp,descriptor24,MLP,all,45,o-salt+buffer__p-functionalization,0.7483754807378205,403,salt+buffer,functionalization,0.8248367368495156,0.07646125611169519
classification,descriptor24_buffer_classifier_mlp,descriptor24,MLP,all,45,o-salt+buffer__p-molecular_weight,0.7574078921991372,403,salt+buffer,molecular_weight,0.8248367368495156,0.06742884465037846
classification,descriptor24_buffer_classifier_mlp,descriptor24,MLP,all,45,o-salt+buffer__p-concentration,0.701230661157517,403,salt+buffer,concentration,0.8248367368495156,0.12360607569199866
classification,descriptor24_buffer_classifier_mlp,descriptor24,MLP,all,45,o-salt+buffer__p-functionalization+molecular_weight,0.7302029154969764,403,salt+buffer,functionalization+molecular_weight,0.8248367368495156,0.09463382135253928
classification,descriptor24_buffer_classifier_mlp,descriptor24,MLP,all,45,o-salt+buffer__p-functionalization+concentration,0.709552055666438,403,salt+buffer,functionalization+concentration,0.8248367368495156,0.11528468118307766
classification,descriptor24_buffer_classifier_mlp,descriptor24,MLP,all,45,o-salt+buffer__p-molecular_weight+concentration,0.7015342659892209,403,salt+buffer,molecular_weight+concentration,0.8248367368495156,0.12330247086029478
classification,descriptor24_buffer_classifier_mlp,descriptor24,MLP,all,45,o-salt+buffer__p-functionalization+molecular_weight+concentration,0.6974150123869256,403,salt+buffer,functionalization+molecular_weight+concentration,0.8248367368495156,0.12742172446259004
classification,descriptor24_buffer_classifier_mlp,descriptor24,MLP,all,45,o-additive+salt+buffer__p-empty,0.467540359565251,403,additive+salt+buffer,empty,0.8248367368495156,0.35729637728426467
classification,descriptor24_buffer_classifier_mlp,descriptor24,MLP,all,45,o-additive+salt+buffer__p-functionalization,0.4094762809742802,403,additive+salt+buffer,functionalization,0.8248367368495156,0.41536045587523546
classification,descriptor24_buffer_classifier_mlp,descriptor24,MLP,all,45,o-additive+salt+buffer__p-molecular_weight,0.44337625119731927,403,additive+salt+buffer,molecular_weight,0.8248367368495156,0.38146048565219637
classification,descriptor24_buffer_classifier_mlp,descriptor24,MLP,all,45,o-additive+salt+buffer__p-concentration,0.33276417624306265,403,additive+salt+buffer,concentration,0.8248367368495156,0.492072560606453
classification,descriptor24_buffer_classifier_mlp,descriptor24,MLP,all,45,o-additive+salt+buffer__p-functionalization+molecular_weight,0.41105692360214974,403,additive+salt+buffer,functionalization+molecular_weight,0.8248367368495156,0.4137798132473659
classification,descriptor24_buffer_classifier_mlp,descriptor24,MLP,all,45,o-additive+salt+buffer__p-functionalization+concentration,0.36832691052535665,403,additive+salt+buffer,functionalization+concentration,0.8248367368495156,0.456509826324159
classification,descriptor24_buffer_classifier_mlp,descriptor24,MLP,all,45,o-additive+salt+buffer__p-molecular_weight+concentration,0.3561068126358494,403,additive+salt+buffer,molecular_weight+concentration,0.8248367368495156,0.4687299242136662
classification,descriptor24_buffer_classifier_mlp,descriptor24,MLP,all,45,o-additive+salt+buffer__p-functionalization+molecular_weight+concentration,0.33740084024271055,403,additive+salt+buffer,functionalization+molecular_weight+concentration,0.8248367368495156,0.4874358966068051
classification,descriptor24_buffer_classifier_mlp,descriptor24,MLP,all,46,o-empty__p-empty,0.8247608818141566,403,empty,empty,0.8247608818141566,0.0
classification,descriptor24_buffer_classifier_mlp,descriptor24,MLP,all,46,o-empty__p-functionalization,0.7340294920568297,403,empty,functionalization,0.8247608818141566,0.09073138975732697
classification,descriptor24_buffer_classifier_mlp,descriptor24,MLP,all,46,o-empty__p-molecular_weight,0.7642304625573422,403,empty,molecular_weight,0.8247608818141566,0.06053041925681446
classification,descriptor24_buffer_classifier_mlp,descriptor24,MLP,all,46,o-empty__p-concentration,0.7249500283820494,403,empty,concentration,0.8247608818141566,0.09981085343210727
classification,descriptor24_buffer_classifier_mlp,descriptor24,MLP,all,46,o-empty__p-functionalization+molecular_weight,0.7363639199975729,403,empty,functionalization+molecular_weight,0.8247608818141566,0.08839696181658374
classification,descriptor24_buffer_classifier_mlp,descriptor24,MLP,all,46,o-empty__p-functionalization+concentration,0.7072480251654907,403,empty,functionalization+concentration,0.8247608818141566,0.11751285664866595
classification,descriptor24_buffer_classifier_mlp,descriptor24,MLP,all,46,o-empty__p-molecular_weight+concentration,0.7145447368479485,403,empty,molecular_weight+concentration,0.8247608818141566,0.11021614496620813
classification,descriptor24_buffer_classifier_mlp,descriptor24,MLP,all,46,o-empty__p-functionalization+molecular_weight+concentration,0.7021509846831052,403,empty,functionalization+molecular_weight+concentration,0.8247608818141566,0.12260989713105142
classification,descriptor24_buffer_classifier_mlp,descriptor24,MLP,all,46,o-additive__p-empty,0.5866632046573952,403,additive,empty,0.8247608818141566,0.23809767715676144
classification,descriptor24_buffer_classifier_mlp,descriptor24,MLP,all,46,o-additive__p-functionalization,0.5116707696626936,403,additive,functionalization,0.8247608818141566,0.313090112151463
classification,descriptor24_buffer_classifier_mlp,descriptor24,MLP,all,46,o-additive__p-molecular_weight,0.5550026370284304,403,additive,molecular_weight,0.8247608818141566,0.2697582447857262
classification,descriptor24_buffer_classifier_mlp,descriptor24,MLP,all,46,o-additive__p-concentration,0.4685674983375811,403,additive,concentration,0.8247608818141566,0.35619338347657553
classification,descriptor24_buffer_classifier_mlp,descriptor24,MLP,all,46,o-additive__p-functionalization+molecular_weight,0.505651663904018,403,additive,functionalization+molecular_weight,0.8247608818141566,0.3191092179101387
classification,descriptor24_buffer_classifier_mlp,descriptor24,MLP,all,46,o-additive__p-functionalization+concentration,0.47910329747065267,403,additive,functionalization+concentration,0.8247608818141566,0.34565758434350397
classification,descriptor24_buffer_classifier_mlp,descriptor24,MLP,all,46,o-additive__p-molecular_weight+concentration,0.44452038232258856,403,additive,molecular_weight+concentration,0.8247608818141566,0.3802404994915681
classification,descriptor24_buffer_classifier_mlp,descriptor24,MLP,all,46,o-additive__p-functionalization+molecular_weight+concentration,0.4622368177344193,403,additive,functionalization+molecular_weight+concentration,0.8247608818141566,0.3625240640797373
classification,descriptor24_buffer_classifier_mlp,descriptor24,MLP,all,46,o-salt__p-empty,0.7706286592483754,403,salt,empty,0.8247608818141566,0.05413222256578121
classification,descriptor24_buffer_classifier_mlp,descriptor24,MLP,all,46,o-salt__p-functionalization,0.7080735725084449,403,salt,functionalization,0.8247608818141566,0.1166873093057117
classification,descriptor24_buffer_classifier_mlp,descriptor24,MLP,all,46,o-salt__p-molecular_weight,0.7283694205338526,403,salt,molecular_weight,0.8247608818141566,0.09639146128030407
classification,descriptor24_buffer_classifier_mlp,descriptor24,MLP,all,46,o-salt__p-concentration,0.6915624527071048,403,salt,concentration,0.8247608818141566,0.13319842910705182
classification,descriptor24_buffer_classifier_mlp,descriptor24,MLP,all,46,o-salt__p-functionalization+molecular_weight,0.7073069819494721,403,salt,functionalization+molecular_weight,0.8247608818141566,0.11745389986468457
classification,descriptor24_buffer_classifier_mlp,descriptor24,MLP,all,46,o-salt__p-functionalization+concentration,0.6877157373764514,403,salt,functionalization+concentration,0.8247608818141566,0.1370451444377052
classification,descriptor24_buffer_classifier_mlp,descriptor24,MLP,all,46,o-salt__p-molecular_weight+concentration,0.6880182958010347,403,salt,molecular_weight+concentration,0.8247608818141566,0.13674258601312195
classification,descriptor24_buffer_classifier_mlp,descriptor24,MLP,all,46,o-salt__p-functionalization+molecular_weight+concentration,0.6867148821931268,403,salt,functionalization+molecular_weight+concentration,0.8247608818141566,0.1380459996210298
classification,descriptor24_buffer_classifier_mlp,descriptor24,MLP,all,46,o-buffer__p-empty,0.8239071097146783,403,buffer,empty,0.8247608818141566,0.0008537720994783449
classification,descriptor24_buffer_classifier_mlp,descriptor24,MLP,all,46,o-buffer__p-functionalization,0.7158935780968185,403,buffer,functionalization,0.8247608818141566,0.1088673037173381
classification,descriptor24_buffer_classifier_mlp,descriptor24,MLP,all,46,o-buffer__p-molecular_weight,0.7429994249238274,403,buffer,molecular_weight,0.8247608818141566,0.08176145689032921
classification,descriptor24_buffer_classifier_mlp,descriptor24,MLP,all,46,o-buffer__p-concentration,0.7123109219920898,403,buffer,concentration,0.8247608818141566,0.11244995982206685
classification,descriptor24_buffer_classifier_mlp,descriptor24,MLP,all,46,o-buffer__p-functionalization+molecular_weight,0.7119508163867954,403,buffer,functionalization+molecular_weight,0.8247608818141566,0.11281006542736127
classification,descriptor24_buffer_classifier_mlp,descriptor24,MLP,all,46,o-buffer__p-functionalization+concentration,0.6933553197565113,403,buffer,functionalization+concentration,0.8247608818141566,0.1314055620576453
classification,descriptor24_buffer_classifier_mlp,descriptor24,MLP,all,46,o-buffer__p-molecular_weight+concentration,0.7027209445186651,403,buffer,molecular_weight+concentration,0.8247608818141566,0.12203993729549156
classification,descriptor24_buffer_classifier_mlp,descriptor24,MLP,all,46,o-buffer__p-functionalization+molecular_weight+concentration,0.6632783632159456,403,buffer,functionalization+molecular_weight+concentration,0.8247608818141566,0.16148251859821106
classification,descriptor24_buffer_classifier_mlp,descriptor24,MLP,all,46,o-additive+salt__p-empty,0.4900951922385166,403,additive+salt,empty,0.8247608818141566,0.33466568957564
classification,descriptor24_buffer_classifier_mlp,descriptor24,MLP,all,46,o-additive+salt__p-functionalization,0.43602175231460627,403,additive+salt,functionalization,0.8247608818141566,0.38873912949955036
classification,descriptor24_buffer_classifier_mlp,descriptor24,MLP,all,46,o-additive+salt__p-molecular_weight,0.4815467936454104,403,additive+salt,molecular_weight,0.8247608818141566,0.3432140881687462
classification,descriptor24_buffer_classifier_mlp,descriptor24,MLP,all,46,o-additive+salt__p-concentration,0.4070172093714107,403,additive+salt,concentration,0.8247608818141566,0.4177436724427459
classification,descriptor24_buffer_classifier_mlp,descriptor24,MLP,all,46,o-additive+salt__p-functionalization+molecular_weight,0.41957974832063405,403,additive+salt,functionalization+molecular_weight,0.8247608818141566,0.4051811334935226
classification,descriptor24_buffer_classifier_mlp,descriptor24,MLP,all,46,o-additive+salt__p-functionalization+concentration,0.38343235450893187,403,additive+salt,functionalization+concentration,0.8247608818141566,0.44132852730522476
classification,descriptor24_buffer_classifier_mlp,descriptor24,MLP,all,46,o-additive+salt__p-molecular_weight+concentration,0.3948683249300086,403,additive+salt,molecular_weight+concentration,0.8247608818141566,0.429892556884148
classification,descriptor24_buffer_classifier_mlp,descriptor24,MLP,all,46,o-additive+salt__p-functionalization+molecular_weight+concentration,0.36093108761714143,403,additive+salt,functionalization+molecular_weight+concentration,0.8247608818141566,0.4638297941970152
classification,descriptor24_buffer_classifier_mlp,descriptor24,MLP,all,46,o-additive+buffer__p-empty,0.5691402256139759,403,additive+buffer,empty,0.8247608818141566,0.2556206562001807
classification,descriptor24_buffer_classifier_mlp,descriptor24,MLP,all,46,o-additive+buffer__p-functionalization,0.4892895131200371,403,additive+buffer,functionalization,0.8247608818141566,0.33547136869411953
classification,descriptor24_buffer_classifier_mlp,descriptor24,MLP,all,46,o-additive+buffer__p-molecular_weight,0.5269558948623705,403,additive+buffer,molecular_weight,0.8247608818141566,0.29780498695178614
classification,descriptor24_buffer_classifier_mlp,descriptor24,MLP,all,46,o-additive+buffer__p-concentration,0.45464648224493287,403,additive+buffer,concentration,0.8247608818141566,0.37011439956922376
classification,descriptor24_buffer_classifier_mlp,descriptor24,MLP,all,46,o-additive+buffer__p-functionalization+molecular_weight,0.4855818434023712,403,additive+buffer,functionalization+molecular_weight,0.8247608818141566,0.3391790384117854
classification,descriptor24_buffer_classifier_mlp,descriptor24,MLP,all,46,o-additive+buffer__p-functionalization+concentration,0.4574246840721748,403,additive+buffer,functionalization+concentration,0.8247608818141566,0.36733619774198184
classification,descriptor24_buffer_classifier_mlp,descriptor24,MLP,all,46,o-additive+buffer__p-molecular_weight+concentration,0.4344655550063595,403,additive+buffer,molecular_weight+concentration,0.8247608818141566,0.3902953268077971
classification,descriptor24_buffer_classifier_mlp,descriptor24,MLP,all,46,o-additive+buffer__p-functionalization+molecular_weight+concentration,0.41385547443851467,403,additive+buffer,functionalization+molecular_weight+concentration,0.8247608818141566,0.41090540737564196
classification,descriptor24_buffer_classifier_mlp,descriptor24,MLP,all,46,o-salt+buffer__p-empty,0.7662068824996068,403,salt+buffer,empty,0.8247608818141566,0.058553999314549854
classification,descriptor24_buffer_classifier_mlp,descriptor24,MLP,all,46,o-salt+buffer__p-functionalization,0.6787907753062985,403,salt+buffer,functionalization,0.8247608818141566,0.14597010650785813
classification,descriptor24_buffer_classifier_mlp,descriptor24,MLP,all,46,o-salt+buffer__p-molecular_weight,0.6985232230087656,403,salt+buffer,molecular_weight,0.8247608818141566,0.12623765880539106
classification,descriptor24_buffer_classifier_mlp,descriptor24,MLP,all,46,o-salt+buffer__p-concentration,0.6743544727440832,403,salt+buffer,concentration,0.8247608818141566,0.1504064090700734
classification,descriptor24_buffer_classifier_mlp,descriptor24,MLP,all,46,o-salt+buffer__p-functionalization+molecular_weight,0.665297187936401,403,salt+buffer,functionalization+molecular_weight,0.8247608818141566,0.1594636938777556
classification,descriptor24_buffer_classifier_mlp,descriptor24,MLP,all,46,o-salt+buffer__p-functionalization+concentration,0.6536977745841873,403,salt+buffer,functionalization+concentration,0.8247608818141566,0.1710631072299693
classification,descriptor24_buffer_classifier_mlp,descriptor24,MLP,all,46,o-salt+buffer__p-molecular_weight+concentration,0.6724715354836892,403,salt+buffer,molecular_weight+concentration,0.8247608818141566,0.15228934633046742
classification,descriptor24_buffer_classifier_mlp,descriptor24,MLP,all,46,o-salt+buffer__p-functionalization+molecular_weight+concentration,0.6668727779091033,403,salt+buffer,functionalization+molecular_weight+concentration,0.8247608818141566,0.15788810390505337
classification,descriptor24_buffer_classifier_mlp,descriptor24,MLP,all,46,o-additive+salt+buffer__p-empty,0.4829136115098587,403,additive+salt+buffer,empty,0.8247608818141566,0.34184727030429796
classification,descriptor24_buffer_classifier_mlp,descriptor24,MLP,all,46,o-additive+salt+buffer__p-functionalization,0.3841338252549823,403,additive+salt+buffer,functionalization,0.8247608818141566,0.44062705655917433
classification,descriptor24_buffer_classifier_mlp,descriptor24,MLP,all,46,o-additive+salt+buffer__p-molecular_weight,0.45002132640849146,403,additive+salt+buffer,molecular_weight,0.8247608818141566,0.37473955540566517
classification,descriptor24_buffer_classifier_mlp,descriptor24,MLP,all,46,o-additive+salt+buffer__p-concentration,0.3870905839792726,403,additive+salt+buffer,concentration,0.8247608818141566,0.43767029783488404
classification,descriptor24_buffer_classifier_mlp,descriptor24,MLP,all,46,o-additive+salt+buffer__p-functionalization+molecular_weight,0.3961797847135893,403,additive+salt+buffer,functionalization+molecular_weight,0.8247608818141566,0.42858109710056735
classification,descriptor24_buffer_classifier_mlp,descriptor24,MLP,all,46,o-additive+salt+buffer__p-functionalization+concentration,0.33140626712016025,403,additive+salt+buffer,functionalization+concentration,0.8247608818141566,0.4933546146939964
classification,descriptor24_buffer_classifier_mlp,descriptor24,MLP,all,46,o-additive+salt+buffer__p-molecular_weight+concentration,0.3624707679111842,403,additive+salt+buffer,molecular_weight+concentration,0.8247608818141566,0.4622901139029724
classification,descriptor24_buffer_classifier_mlp,descriptor24,MLP,all,46,o-additive+salt+buffer__p-functionalization+molecular_weight+concentration,0.3885763004150963,403,additive+salt+buffer,functionalization+molecular_weight+concentration,0.8247608818141566,0.43618458139906036
classification,descriptor24_buffer_classifier_mlp,descriptor24,MLP,dexma_only,42,o-empty__p-empty,0.7289463219466153,355,empty,empty,0.7289463219466153,0.0
classification,descriptor24_buffer_classifier_mlp,descriptor24,MLP,dexma_only,42,o-empty__p-functionalization,0.7199399263410408,355,empty,functionalization,0.7289463219466153,0.00900639560557459
classification,descriptor24_buffer_classifier_mlp,descriptor24,MLP,dexma_only,42,o-empty__p-molecular_weight,0.7340129889601362,355,empty,molecular_weight,0.7289463219466153,-0.005066667013520876
classification,descriptor24_buffer_classifier_mlp,descriptor24,MLP,dexma_only,42,o-empty__p-concentration,0.7032052398987771,355,empty,concentration,0.7289463219466153,0.025741082047838204
classification,descriptor24_buffer_classifier_mlp,descriptor24,MLP,dexma_only,42,o-empty__p-functionalization+molecular_weight,0.7237131274500359,355,empty,functionalization+molecular_weight,0.7289463219466153,0.005233194496579441
classification,descriptor24_buffer_classifier_mlp,descriptor24,MLP,dexma_only,42,o-empty__p-functionalization+concentration,0.7066752893228518,355,empty,functionalization+concentration,0.7289463219466153,0.02227103262376351
classification,descriptor24_buffer_classifier_mlp,descriptor24,MLP,dexma_only,42,o-empty__p-molecular_weight+concentration,0.7055089699696683,355,empty,molecular_weight+concentration,0.7289463219466153,0.023437351976947074
classification,descriptor24_buffer_classifier_mlp,descriptor24,MLP,dexma_only,42,o-empty__p-functionalization+molecular_weight+concentration,0.6894813729422316,355,empty,functionalization+molecular_weight+concentration,0.7289463219466153,0.0394649490043838
classification,descriptor24_buffer_classifier_mlp,descriptor24,MLP,dexma_only,42,o-additive__p-empty,0.5044975680784599,355,additive,empty,0.7289463219466153,0.22444875386815544
classification,descriptor24_buffer_classifier_mlp,descriptor24,MLP,dexma_only,42,o-additive__p-functionalization,0.4744339818469145,355,additive,functionalization,0.7289463219466153,0.25451234009970086
classification,descriptor24_buffer_classifier_mlp,descriptor24,MLP,dexma_only,42,o-additive__p-molecular_weight,0.4912362808659281,355,additive,molecular_weight,0.7289463219466153,0.23771004108068727
classification,descriptor24_buffer_classifier_mlp,descriptor24,MLP,dexma_only,42,o-additive__p-concentration,0.42056550021473055,355,additive,concentration,0.7289463219466153,0.3083808217318848
classification,descriptor24_buffer_classifier_mlp,descriptor24,MLP,dexma_only,42,o-additive__p-functionalization+molecular_weight,0.4542101850725372,355,additive,functionalization+molecular_weight,0.7289463219466153,0.27473613687407816
classification,descriptor24_buffer_classifier_mlp,descriptor24,MLP,dexma_only,42,o-additive__p-functionalization+concentration,0.45469970939417986,355,additive,functionalization+concentration,0.7289463219466153,0.2742466125524355
classification,descriptor24_buffer_classifier_mlp,descriptor24,MLP,dexma_only,42,o-additive__p-molecular_weight+concentration,0.4258211968334039,355,additive,molecular_weight+concentration,0.7289463219466153,0.30312512511321144
classification,descriptor24_buffer_classifier_mlp,descriptor24,MLP,dexma_only,42,o-additive__p-functionalization+molecular_weight+concentration,0.4001902764840324,355,additive,functionalization+molecular_weight+concentration,0.7289463219466153,0.32875604546258297
classification,descriptor24_buffer_classifier_mlp,descriptor24,MLP,dexma_only,42,o-salt__p-empty,0.6979766062448719,355,salt,empty,0.7289463219466153,0.03096971570174345
classification,descriptor24_buffer_classifier_mlp,descriptor24,MLP,dexma_only,42,o-salt__p-functionalization,0.6853534969378788,355,salt,functionalization,0.7289463219466153,0.04359282500873651
classification,descriptor24_buffer_classifier_mlp,descriptor24,MLP,dexma_only,42,o-salt__p-molecular_weight,0.6855793677863788,355,salt,molecular_weight,0.7289463219466153,0.043366954160236504
classification,descriptor24_buffer_classifier_mlp,descriptor24,MLP,dexma_only,42,o-salt__p-concentration,0.6757640736282066,355,salt,concentration,0.7289463219466153,0.05318224831840879
classification,descriptor24_buffer_classifier_mlp,descriptor24,MLP,dexma_only,42,o-salt__p-functionalization+molecular_weight,0.682098071442238,355,salt,functionalization+molecular_weight,0.7289463219466153,0.04684825050437735
classification,descriptor24_buffer_classifier_mlp,descriptor24,MLP,dexma_only,42,o-salt__p-functionalization+concentration,0.6708433546326082,355,salt,functionalization+concentration,0.7289463219466153,0.0581029673140071
classification,descriptor24_buffer_classifier_mlp,descriptor24,MLP,dexma_only,42,o-salt__p-molecular_weight+concentration,0.6699943194030212,355,salt,molecular_weight+concentration,0.7289463219466153,0.05895200254359412
classification,descriptor24_buffer_classifier_mlp,descriptor24,MLP,dexma_only,42,o-salt__p-functionalization+molecular_weight+concentration,0.6816317780208001,355,salt,functionalization+molecular_weight+concentration,0.7289463219466153,0.047314543925815244
classification,descriptor24_buffer_classifier_mlp,descriptor24,MLP,dexma_only,42,o-buffer__p-empty,0.731215274454738,355,buffer,empty,0.7289463219466153,-0.002268952508122646
classification,descriptor24_buffer_classifier_mlp,descriptor24,MLP,dexma_only,42,o-buffer__p-functionalization,0.7160385358501332,355,buffer,functionalization,0.7289463219466153,0.012907786096482132
classification,descriptor24_buffer_classifier_mlp,descriptor24,MLP,dexma_only,42,o-buffer__p-molecular_weight,0.7323384647204952,355,buffer,molecular_weight,0.7289463219466153,-0.0033921427738798915
classification,descriptor24_buffer_classifier_mlp,descriptor24,MLP,dexma_only,42,o-buffer__p-concentration,0.7041522036381632,355,buffer,concentration,0.7289463219466153,0.02479411830845213
classification,descriptor24_buffer_classifier_mlp,descriptor24,MLP,dexma_only,42,o-buffer__p-functionalization+molecular_weight,0.7114646610373899,355,buffer,functionalization+molecular_weight,0.7289463219466153,0.017481660909225427
classification,descriptor24_buffer_classifier_mlp,descriptor24,MLP,dexma_only,42,o-buffer__p-functionalization+concentration,0.6861883604130491,355,buffer,functionalization+concentration,0.7289463219466153,0.04275796153356626
classification,descriptor24_buffer_classifier_mlp,descriptor24,MLP,dexma_only,42,o-buffer__p-molecular_weight+concentration,0.6904958952640066,355,buffer,molecular_weight+concentration,0.7289463219466153,0.038450426682608785
classification,descriptor24_buffer_classifier_mlp,descriptor24,MLP,dexma_only,42,o-buffer__p-functionalization+molecular_weight+concentration,0.6870856192098934,355,buffer,functionalization+molecular_weight+concentration,0.7289463219466153,0.04186070273672193
classification,descriptor24_buffer_classifier_mlp,descriptor24,MLP,dexma_only,42,o-additive+salt__p-empty,0.4169240439670787,355,additive+salt,empty,0.7289463219466153,0.31202227797953663
classification,descriptor24_buffer_classifier_mlp,descriptor24,MLP,dexma_only,42,o-additive+salt__p-functionalization,0.3662977178580257,355,additive+salt,functionalization,0.7289463219466153,0.3626486040885897
classification,descriptor24_buffer_classifier_mlp,descriptor24,MLP,dexma_only,42,o-additive+salt__p-molecular_weight,0.3833756920184723,355,additive+salt,molecular_weight,0.7289463219466153,0.345570629928143
classification,descriptor24_buffer_classifier_mlp,descriptor24,MLP,dexma_only,42,o-additive+salt__p-concentration,0.35131399289600984,355,additive+salt,concentration,0.7289463219466153,0.3776323290506055
classification,descriptor24_buffer_classifier_mlp,descriptor24,MLP,dexma_only,42,o-additive+salt__p-functionalization+molecular_weight,0.3481200277566809,355,additive+salt,functionalization+molecular_weight,0.7289463219466153,0.38082629418993447
classification,descriptor24_buffer_classifier_mlp,descriptor24,MLP,dexma_only,42,o-additive+salt__p-functionalization+concentration,0.3199233904088103,355,additive+salt,functionalization+concentration,0.7289463219466153,0.40902293153780506
classification,descriptor24_buffer_classifier_mlp,descriptor24,MLP,dexma_only,42,o-additive+salt__p-molecular_weight+concentration,0.3309991601592982,355,additive+salt,molecular_weight+concentration,0.7289463219466153,0.39794716178731715
classification,descriptor24_buffer_classifier_mlp,descriptor24,MLP,dexma_only,42,o-additive+salt__p-functionalization+molecular_weight+concentration,0.3220838858638868,355,additive+salt,functionalization+molecular_weight+concentration,0.7289463219466153,0.40686243608272854
classification,descriptor24_buffer_classifier_mlp,descriptor24,MLP,dexma_only,42,o-additive+buffer__p-empty,0.4974072429028624,355,additive+buffer,empty,0.7289463219466153,0.23153907904375293
classification,descriptor24_buffer_classifier_mlp,descriptor24,MLP,dexma_only,42,o-additive+buffer__p-functionalization,0.4700569797193901,355,additive+buffer,functionalization,0.7289463219466153,0.25888934222722526
classification,descriptor24_buffer_classifier_mlp,descriptor24,MLP,dexma_only,42,o-additive+buffer__p-molecular_weight,0.49800566417444286,355,additive+buffer,molecular_weight,0.7289463219466153,0.2309406577721725
classification,descriptor24_buffer_classifier_mlp,descriptor24,MLP,dexma_only,42,o-additive+buffer__p-concentration,0.44052727567745886,355,additive+buffer,concentration,0.7289463219466153,0.2884190462691565
classification,descriptor24_buffer_classifier_mlp,descriptor24,MLP,dexma_only,42,o-additive+buffer__p-functionalization+molecular_weight,0.44707238011563794,355,additive+buffer,functionalization+molecular_weight,0.7289463219466153,0.2818739418309774
classification,descriptor24_buffer_classifier_mlp,descriptor24,MLP,dexma_only,42,o-additive+buffer__p-functionalization+concentration,0.4218613061108917,355,additive+buffer,functionalization+concentration,0.7289463219466153,0.3070850158357237
classification,descriptor24_buffer_classifier_mlp,descriptor24,MLP,dexma_only,42,o-additive+buffer__p-molecular_weight+concentration,0.4298692367081275,355,additive+buffer,molecular_weight+concentration,0.7289463219466153,0.29907708523848786
classification,descriptor24_buffer_classifier_mlp,descriptor24,MLP,dexma_only,42,o-additive+buffer__p-functionalization+molecular_weight+concentration,0.41523148084714484,355,additive+buffer,functionalization+molecular_weight+concentration,0.7289463219466153,0.3137148410994705
classification,descriptor24_buffer_classifier_mlp,descriptor24,MLP,dexma_only,42,o-salt+buffer__p-empty,0.6836837635437277,355,salt+buffer,empty,0.7289463219466153,0.04526255840288762
classification,descriptor24_buffer_classifier_mlp,descriptor24,MLP,dexma_only,42,o-salt+buffer__p-functionalization,0.6559908644197424,355,salt+buffer,functionalization,0.7289463219466153,0.07295545752687294
classification,descriptor24_buffer_classifier_mlp,descriptor24,MLP,dexma_only,42,o-salt+buffer__p-molecular_weight,0.6674399023706377,355,salt+buffer,molecular_weight,0.7289463219466153,0.06150641957597769
classification,descriptor24_buffer_classifier_mlp,descriptor24,MLP,dexma_only,42,o-salt+buffer__p-concentration,0.6651877183147051,355,salt+buffer,concentration,0.7289463219466153,0.06375860363191022
classification,descriptor24_buffer_classifier_mlp,descriptor24,MLP,dexma_only,42,o-salt+buffer__p-functionalization+molecular_weight,0.666274410874424,355,salt+buffer,functionalization+molecular_weight,0.7289463219466153,0.06267191107219139
classification,descriptor24_buffer_classifier_mlp,descriptor24,MLP,dexma_only,42,o-salt+buffer__p-functionalization+concentration,0.679182294397693,355,salt+buffer,functionalization+concentration,0.7289463219466153,0.049764027548922396
classification,descriptor24_buffer_classifier_mlp,descriptor24,MLP,dexma_only,42,o-salt+buffer__p-molecular_weight+concentration,0.6556111802256914,355,salt+buffer,molecular_weight+concentration,0.7289463219466153,0.07333514172092392
classification,descriptor24_buffer_classifier_mlp,descriptor24,MLP,dexma_only,42,o-salt+buffer__p-functionalization+molecular_weight+concentration,0.6528345358223956,355,salt+buffer,functionalization+molecular_weight+concentration,0.7289463219466153,0.07611178612421976
classification,descriptor24_buffer_classifier_mlp,descriptor24,MLP,dexma_only,42,o-additive+salt+buffer__p-empty,0.40823775102750376,355,additive+salt+buffer,empty,0.7289463219466153,0.3207085709191116
classification,descriptor24_buffer_classifier_mlp,descriptor24,MLP,dexma_only,42,o-additive+salt+buffer__p-functionalization,0.3648462035002202,355,additive+salt+buffer,functionalization,0.7289463219466153,0.36410011844639517
classification,descriptor24_buffer_classifier_mlp,descriptor24,MLP,dexma_only,42,o-additive+salt+buffer__p-molecular_weight,0.3875795813380968,355,additive+salt+buffer,molecular_weight,0.7289463219466153,0.34136674060851857
classification,descriptor24_buffer_classifier_mlp,descriptor24,MLP,dexma_only,42,o-additive+salt+buffer__p-concentration,0.34447886352784973,355,additive+salt+buffer,concentration,0.7289463219466153,0.3844674584187656
classification,descriptor24_buffer_classifier_mlp,descriptor24,MLP,dexma_only,42,o-additive+salt+buffer__p-functionalization+molecular_weight,0.36234429054242495,355,additive+salt+buffer,functionalization+molecular_weight,0.7289463219466153,0.3666020314041904
classification,descriptor24_buffer_classifier_mlp,descriptor24,MLP,dexma_only,42,o-additive+salt+buffer__p-functionalization+concentration,0.35914423073989865,355,additive+salt+buffer,functionalization+concentration,0.7289463219466153,0.3698020912067167
classification,descriptor24_buffer_classifier_mlp,descriptor24,MLP,dexma_only,42,o-additive+salt+buffer__p-molecular_weight+concentration,0.34656694717771513,355,additive+salt+buffer,molecular_weight+concentration,0.7289463219466153,0.3823793747689002
classification,descriptor24_buffer_classifier_mlp,descriptor24,MLP,dexma_only,42,o-additive+salt+buffer__p-functionalization+molecular_weight+concentration,0.3087712384445792,355,additive+salt+buffer,functionalization+molecular_weight+concentration,0.7289463219466153,0.42017508350203614
classification,descriptor24_buffer_classifier_mlp,descriptor24,MLP,dexma_only,43,o-empty__p-empty,0.7290245909626104,355,empty,empty,0.7290245909626104,0.0
classification,descriptor24_buffer_classifier_mlp,descriptor24,MLP,dexma_only,43,o-empty__p-functionalization,0.7208550507382597,355,empty,functionalization,0.7290245909626104,0.00816954022435068
classification,descriptor24_buffer_classifier_mlp,descriptor24,MLP,dexma_only,43,o-empty__p-molecular_weight,0.731227633759902,355,empty,molecular_weight,0.7290245909626104,-0.0022030427972915545
classification,descriptor24_buffer_classifier_mlp,descriptor24,MLP,dexma_only,43,o-empty__p-concentration,0.7010977764862975,355,empty,concentration,0.7290245909626104,0.027926814476312956
classification,descriptor24_buffer_classifier_mlp,descriptor24,MLP,dexma_only,43,o-empty__p-functionalization+molecular_weight,0.7175598091460307,355,empty,functionalization+molecular_weight,0.7290245909626104,0.011464781816579728
classification,descriptor24_buffer_classifier_mlp,descriptor24,MLP,dexma_only,43,o-empty__p-functionalization+concentration,0.6841270132335762,355,empty,functionalization+concentration,0.7290245909626104,0.044897577729034244
classification,descriptor24_buffer_classifier_mlp,descriptor24,MLP,dexma_only,43,o-empty__p-molecular_weight+concentration,0.6730620279749499,355,empty,molecular_weight+concentration,0.7290245909626104,0.05596256298766056
classification,descriptor24_buffer_classifier_mlp,descriptor24,MLP,dexma_only,43,o-empty__p-functionalization+molecular_weight+concentration,0.6923350769704923,355,empty,functionalization+molecular_weight+concentration,0.7290245909626104,0.03668951399211806
classification,descriptor24_buffer_classifier_mlp,descriptor24,MLP,dexma_only,43,o-additive__p-empty,0.517721863392939,355,additive,empty,0.7290245909626104,0.2113027275696714
classification,descriptor24_buffer_classifier_mlp,descriptor24,MLP,dexma_only,43,o-additive__p-functionalization,0.5139531518536187,355,additive,functionalization,0.7290245909626104,0.21507143910899174
classification,descriptor24_buffer_classifier_mlp,descriptor24,MLP,dexma_only,43,o-additive__p-molecular_weight,0.5227816912460957,355,additive,molecular_weight,0.7290245909626104,0.20624289971651466
classification,descriptor24_buffer_classifier_mlp,descriptor24,MLP,dexma_only,43,o-additive__p-concentration,0.45832950078960716,355,additive,concentration,0.7290245909626104,0.27069509017300325
classification,descriptor24_buffer_classifier_mlp,descriptor24,MLP,dexma_only,43,o-additive__p-functionalization+molecular_weight,0.49301285438664044,355,additive,functionalization+molecular_weight,0.7290245909626104,0.23601173657596997
classification,descriptor24_buffer_classifier_mlp,descriptor24,MLP,dexma_only,43,o-additive__p-functionalization+concentration,0.44410228131150375,355,additive,functionalization+concentration,0.7290245909626104,0.28492230965110665
classification,descriptor24_buffer_classifier_mlp,descriptor24,MLP,dexma_only,43,o-additive__p-molecular_weight+concentration,0.4222224532661435,355,additive,molecular_weight+concentration,0.7290245909626104,0.3068021376964669
classification,descriptor24_buffer_classifier_mlp,descriptor24,MLP,dexma_only,43,o-additive__p-functionalization+molecular_weight+concentration,0.4209290144495494,355,additive,functionalization+molecular_weight+concentration,0.7290245909626104,0.308095576513061
classification,descriptor24_buffer_classifier_mlp,descriptor24,MLP,dexma_only,43,o-salt__p-empty,0.6806919432650435,355,salt,empty,0.7290245909626104,0.048332647697566955
classification,descriptor24_buffer_classifier_mlp,descriptor24,MLP,dexma_only,43,o-salt__p-functionalization,0.6785700856912475,355,salt,functionalization,0.7290245909626104,0.05045450527136286
classification,descriptor24_buffer_classifier_mlp,descriptor24,MLP,dexma_only,43,o-salt__p-molecular_weight,0.6769750166078542,355,salt,molecular_weight,0.7290245909626104,0.05204957435475621
classification,descriptor24_buffer_classifier_mlp,descriptor24,MLP,dexma_only,43,o-salt__p-concentration,0.6572516763997673,355,salt,concentration,0.7290245909626104,0.07177291456284307
classification,descriptor24_buffer_classifier_mlp,descriptor24,MLP,dexma_only,43,o-salt__p-functionalization+molecular_weight,0.6787402130671298,355,salt,functionalization+molecular_weight,0.7290245909626104,0.05028437789548057
classification,descriptor24_buffer_classifier_mlp,descriptor24,MLP,dexma_only,43,o-salt__p-functionalization+concentration,0.6629042530363901,355,salt,functionalization+concentration,0.7290245909626104,0.0661203379262203
classification,descriptor24_buffer_classifier_mlp,descriptor24,MLP,dexma_only,43,o-salt__p-molecular_weight+concentration,0.6574992880352212,355,salt,molecular_weight+concentration,0.7290245909626104,0.07152530292738923
classification,descriptor24_buffer_classifier_mlp,descriptor24,MLP,dexma_only,43,o-salt__p-functionalization+molecular_weight+concentration,0.6602868777650022,355,salt,functionalization+molecular_weight+concentration,0.7290245909626104,0.06873771319760824
classification,descriptor24_buffer_classifier_mlp,descriptor24,MLP,dexma_only,43,o-buffer__p-empty,0.7304859503487168,355,buffer,empty,0.7290245909626104,-0.0014613593861063645
classification,descriptor24_buffer_classifier_mlp,descriptor24,MLP,dexma_only,43,o-buffer__p-functionalization,0.7170821091231897,355,buffer,functionalization,0.7290245909626104,0.011942481839420704
classification,descriptor24_buffer_classifier_mlp,descriptor24,MLP,dexma_only,43,o-buffer__p-molecular_weight,0.7302984574607402,355,buffer,molecular_weight,0.7290245909626104,-0.001273866498129772
classification,descriptor24_buffer_classifier_mlp,descriptor24,MLP,dexma_only,43,o-buffer__p-concentration,0.6976500310077305,355,buffer,concentration,0.7290245909626104,0.03137455995487992
classification,descriptor24_buffer_classifier_mlp,descriptor24,MLP,dexma_only,43,o-buffer__p-functionalization+molecular_weight,0.7247689227076317,355,buffer,functionalization+molecular_weight,0.7290245909626104,0.004255668254978695
classification,descriptor24_buffer_classifier_mlp,descriptor24,MLP,dexma_only,43,o-buffer__p-functionalization+concentration,0.6993408177703699,355,buffer,functionalization+concentration,0.7290245909626104,0.02968377319224047
classification,descriptor24_buffer_classifier_mlp,descriptor24,MLP,dexma_only,43,o-buffer__p-molecular_weight+concentration,0.6904166475188727,355,buffer,molecular_weight+concentration,0.7290245909626104,0.03860794344373775
classification,descriptor24_buffer_classifier_mlp,descriptor24,MLP,dexma_only,43,o-buffer__p-functionalization+molecular_weight+concentration,0.6755741993684335,355,buffer,functionalization+molecular_weight+concentration,0.7290245909626104,0.05345039159417686
classification,descriptor24_buffer_classifier_mlp,descriptor24,MLP,dexma_only,43,o-additive+salt__p-empty,0.4874273227215528,355,additive+salt,empty,0.7290245909626104,0.2415972682410576
classification,descriptor24_buffer_classifier_mlp,descriptor24,MLP,dexma_only,43,o-additive+salt__p-functionalization,0.45369781850338003,355,additive+salt,functionalization,0.7290245909626104,0.2753267724592304
classification,descriptor24_buffer_classifier_mlp,descriptor24,MLP,dexma_only,43,o-additive+salt__p-molecular_weight,0.47186567562207327,355,additive+salt,molecular_weight,0.7290245909626104,0.25715891534053714
classification,descriptor24_buffer_classifier_mlp,descriptor24,MLP,dexma_only,43,o-additive+salt__p-concentration,0.38460556348832164,355,additive+salt,concentration,0.7290245909626104,0.34441902747428876
classification,descriptor24_buffer_classifier_mlp,descriptor24,MLP,dexma_only,43,o-additive+salt__p-functionalization+molecular_weight,0.4524719312181442,355,additive+salt,functionalization+molecular_weight,0.7290245909626104,0.2765526597444662
classification,descriptor24_buffer_classifier_mlp,descriptor24,MLP,dexma_only,43,o-additive+salt__p-functionalization+concentration,0.39119269295799186,355,additive+salt,functionalization+concentration,0.7290245909626104,0.33783189800461855
classification,descriptor24_buffer_classifier_mlp,descriptor24,MLP,dexma_only,43,o-additive+salt__p-molecular_weight+concentration,0.32329120064373773,355,additive+salt,molecular_weight+concentration,0.7290245909626104,0.4057333903188727
classification,descriptor24_buffer_classifier_mlp,descriptor24,MLP,dexma_only,43,o-additive+salt__p-functionalization+molecular_weight+concentration,0.360151826928659,355,additive+salt,functionalization+molecular_weight+concentration,0.7290245909626104,0.3688727640339514
classification,descriptor24_buffer_classifier_mlp,descriptor24,MLP,dexma_only,43,o-additive+buffer__p-empty,0.5470705221808797,355,additive+buffer,empty,0.7290245909626104,0.1819540687817307
classification,descriptor24_buffer_classifier_mlp,descriptor24,MLP,dexma_only,43,o-additive+buffer__p-functionalization,0.532021233794658,355,additive+buffer,functionalization,0.7290245909626104,0.19700335716795236
classification,descriptor24_buffer_classifier_mlp,descriptor24,MLP,dexma_only,43,o-additive+buffer__p-molecular_weight,0.5537381220692832,355,additive+buffer,molecular_weight,0.7290245909626104,0.17528646889332722
classification,descriptor24_buffer_classifier_mlp,descriptor24,MLP,dexma_only,43,o-additive+buffer__p-concentration,0.45516866186234806,355,additive+buffer,concentration,0.7290245909626104,0.27385592910026235
classification,descriptor24_buffer_classifier_mlp,descriptor24,MLP,dexma_only,43,o-additive+buffer__p-functionalization+molecular_weight,0.5201272061643085,355,additive+buffer,functionalization+molecular_weight,0.7290245909626104,0.2088973847983019
classification,descriptor24_buffer_classifier_mlp,descriptor24,MLP,dexma_only,43,o-additive+buffer__p-functionalization+concentration,0.451792900470021,355,additive+buffer,functionalization+concentration,0.7290245909626104,0.2772316904925894
classification,descriptor24_buffer_classifier_mlp,descriptor24,MLP,dexma_only,43,o-additive+buffer__p-molecular_weight+concentration,0.4439395284741862,355,additive+buffer,molecular_weight+concentration,0.7290245909626104,0.2850850624884242
classification,descriptor24_buffer_classifier_mlp,descriptor24,MLP,dexma_only,43,o-additive+buffer__p-functionalization+molecular_weight+concentration,0.4384792795153251,355,additive+buffer,functionalization+molecular_weight+concentration,0.7290245909626104,0.2905453114472853
classification,descriptor24_buffer_classifier_mlp,descriptor24,MLP,dexma_only,43,o-salt+buffer__p-empty,0.6710841972404769,355,salt+buffer,empty,0.7290245909626104,0.057940393722133554
classification,descriptor24_buffer_classifier_mlp,descriptor24,MLP,dexma_only,43,o-salt+buffer__p-functionalization,0.6662713091613657,355,salt+buffer,functionalization,0.7290245909626104,0.06275328180124473
classification,descriptor24_buffer_classifier_mlp,descriptor24,MLP,dexma_only,43,o-salt+buffer__p-molecular_weight,0.6677550256172178,355,salt+buffer,molecular_weight,0.7290245909626104,0.06126956534539263
classification,descriptor24_buffer_classifier_mlp,descriptor24,MLP,dexma_only,43,o-salt+buffer__p-concentration,0.6541193931278978,355,salt+buffer,concentration,0.7290245909626104,0.07490519783471261
classification,descriptor24_buffer_classifier_mlp,descriptor24,MLP,dexma_only,43,o-salt+buffer__p-functionalization+molecular_weight,0.6628167127935195,355,salt+buffer,functionalization+molecular_weight,0.7290245909626104,0.0662078781690909
classification,descriptor24_buffer_classifier_mlp,descriptor24,MLP,dexma_only,43,o-salt+buffer__p-functionalization+concentration,0.6375326154896384,355,salt+buffer,functionalization+concentration,0.7290245909626104,0.09149197547297205
classification,descriptor24_buffer_classifier_mlp,descriptor24,MLP,dexma_only,43,o-salt+buffer__p-molecular_weight+concentration,0.6509618161962326,355,salt+buffer,molecular_weight+concentration,0.7290245909626104,0.0780627747663778
classification,descriptor24_buffer_classifier_mlp,descriptor24,MLP,dexma_only,43,o-salt+buffer__p-functionalization+molecular_weight+concentration,0.647417927079387,355,salt+buffer,functionalization+molecular_weight+concentration,0.7290245909626104,0.08160666388322346
classification,descriptor24_buffer_classifier_mlp,descriptor24,MLP,dexma_only,43,o-additive+salt+buffer__p-empty,0.49192583184404953,355,additive+salt+buffer,empty,0.7290245909626104,0.23709875911856088
classification,descriptor24_buffer_classifier_mlp,descriptor24,MLP,dexma_only,43,o-additive+salt+buffer__p-functionalization,0.45335852521129383,355,additive+salt+buffer,functionalization,0.7290245909626104,0.2756660657513166
classification,descriptor24_buffer_classifier_mlp,descriptor24,MLP,dexma_only,43,o-additive+salt+buffer__p-molecular_weight,0.47639258589047573,355,additive+salt+buffer,molecular_weight,0.7290245909626104,0.2526320050721347
classification,descriptor24_buffer_classifier_mlp,descriptor24,MLP,dexma_only,43,o-additive+salt+buffer__p-concentration,0.34508398792150846,355,additive+salt+buffer,concentration,0.7290245909626104,0.38394060304110195
classification,descriptor24_buffer_classifier_mlp,descriptor24,MLP,dexma_only,43,o-additive+salt+buffer__p-functionalization+molecular_weight,0.4290283834495775,355,additive+salt+buffer,functionalization+molecular_weight,0.7290245909626104,0.2999962075130329
classification,descriptor24_buffer_classifier_mlp,descriptor24,MLP,dexma_only,43,o-additive+salt+buffer__p-functionalization+concentration,0.3415460686018698,355,additive+salt+buffer,functionalization+concentration,0.7290245909626104,0.3874785223607406
classification,descriptor24_buffer_classifier_mlp,descriptor24,MLP,dexma_only,43,o-additive+salt+buffer__p-molecular_weight+concentration,0.33575707514939934,355,additive+salt+buffer,molecular_weight+concentration,0.7290245909626104,0.39326751581321107
classification,descriptor24_buffer_classifier_mlp,descriptor24,MLP,dexma_only,43,o-additive+salt+buffer__p-functionalization+molecular_weight+concentration,0.37762271062428726,355,additive+salt+buffer,functionalization+molecular_weight+concentration,0.7290245909626104,0.35140188033832315
classification,descriptor24_buffer_classifier_mlp,descriptor24,MLP,dexma_only,44,o-empty__p-empty,0.7290658535623911,355,empty,empty,0.7290658535623911,0.0
classification,descriptor24_buffer_classifier_mlp,descriptor24,MLP,dexma_only,44,o-empty__p-functionalization,0.7201225236475398,355,empty,functionalization,0.7290658535623911,0.00894332991485125
classification,descriptor24_buffer_classifier_mlp,descriptor24,MLP,dexma_only,44,o-empty__p-molecular_weight,0.7236138085620873,355,empty,molecular_weight,0.7290658535623911,0.005452045000303718
classification,descriptor24_buffer_classifier_mlp,descriptor24,MLP,dexma_only,44,o-empty__p-concentration,0.6946635301771987,355,empty,concentration,0.7290658535623911,0.034402323385192335
classification,descriptor24_buffer_classifier_mlp,descriptor24,MLP,dexma_only,44,o-empty__p-functionalization+molecular_weight,0.7178428663927326,355,empty,functionalization+molecular_weight,0.7290658535623911,0.011222987169658416
classification,descriptor24_buffer_classifier_mlp,descriptor24,MLP,dexma_only,44,o-empty__p-functionalization+concentration,0.6976656850939893,355,empty,functionalization+concentration,0.7290658535623911,0.03140016846840177
classification,descriptor24_buffer_classifier_mlp,descriptor24,MLP,dexma_only,44,o-empty__p-molecular_weight+concentration,0.6708845465456466,355,empty,molecular_weight+concentration,0.7290658535623911,0.05818130701674451
classification,descriptor24_buffer_classifier_mlp,descriptor24,MLP,dexma_only,44,o-empty__p-functionalization+molecular_weight+concentration,0.6777637654188345,355,empty,functionalization+molecular_weight+concentration,0.7290658535623911,0.051302088143556523
classification,descriptor24_buffer_classifier_mlp,descriptor24,MLP,dexma_only,44,o-additive__p-empty,0.516865749939788,355,additive,empty,0.7290658535623911,0.2122001036226031
classification,descriptor24_buffer_classifier_mlp,descriptor24,MLP,dexma_only,44,o-additive__p-functionalization,0.49010071219568124,355,additive,functionalization,0.7290658535623911,0.23896514136670982
classification,descriptor24_buffer_classifier_mlp,descriptor24,MLP,dexma_only,44,o-additive__p-molecular_weight,0.511377280889302,355,additive,molecular_weight,0.7290658535623911,0.21768857267308905
classification,descriptor24_buffer_classifier_mlp,descriptor24,MLP,dexma_only,44,o-additive__p-concentration,0.44804296440799257,355,additive,concentration,0.7290658535623911,0.2810228891543985
classification,descriptor24_buffer_classifier_mlp,descriptor24,MLP,dexma_only,44,o-additive__p-functionalization+molecular_weight,0.47152091598832235,355,additive,functionalization+molecular_weight,0.7290658535623911,0.2575449375740687
classification,descriptor24_buffer_classifier_mlp,descriptor24,MLP,dexma_only,44,o-additive__p-functionalization+concentration,0.4545798095677733,355,additive,functionalization+concentration,0.7290658535623911,0.2744860439946178
classification,descriptor24_buffer_classifier_mlp,descriptor24,MLP,dexma_only,44,o-additive__p-molecular_weight+concentration,0.4323314799863077,355,additive,molecular_weight+concentration,0.7290658535623911,0.29673437357608334
classification,descriptor24_buffer_classifier_mlp,descriptor24,MLP,dexma_only,44,o-additive__p-functionalization+molecular_weight+concentration,0.40984860109375626,355,additive,functionalization+molecular_weight+concentration,0.7290658535623911,0.3192172524686348
classification,descriptor24_buffer_classifier_mlp,descriptor24,MLP,dexma_only,44,o-salt__p-empty,0.714776770131872,355,salt,empty,0.7290658535623911,0.014289083430519045
classification,descriptor24_buffer_classifier_mlp,descriptor24,MLP,dexma_only,44,o-salt__p-functionalization,0.6863557333352189,355,salt,functionalization,0.7290658535623911,0.04271012022717213
classification,descriptor24_buffer_classifier_mlp,descriptor24,MLP,dexma_only,44,o-salt__p-molecular_weight,0.6833399658907375,355,salt,molecular_weight,0.7290658535623911,0.04572588767165353
classification,descriptor24_buffer_classifier_mlp,descriptor24,MLP,dexma_only,44,o-salt__p-concentration,0.6664767586297647,355,salt,concentration,0.7290658535623911,0.06258909493262632
classification,descriptor24_buffer_classifier_mlp,descriptor24,MLP,dexma_only,44,o-salt__p-functionalization+molecular_weight,0.6884384641145906,355,salt,functionalization+molecular_weight,0.7290658535623911,0.04062738944780042
classification,descriptor24_buffer_classifier_mlp,descriptor24,MLP,dexma_only,44,o-salt__p-functionalization+concentration,0.6692249248645143,355,salt,functionalization+concentration,0.7290658535623911,0.059840928697876716
classification,descriptor24_buffer_classifier_mlp,descriptor24,MLP,dexma_only,44,o-salt__p-molecular_weight+concentration,0.6637020424264186,355,salt,molecular_weight+concentration,0.7290658535623911,0.06536381113597245
classification,descriptor24_buffer_classifier_mlp,descriptor24,MLP,dexma_only,44,o-salt__p-functionalization+molecular_weight+concentration,0.6640804389490652,355,salt,functionalization+molecular_weight+concentration,0.7290658535623911,0.06498541461332585
classification,descriptor24_buffer_classifier_mlp,descriptor24,MLP,dexma_only,44,o-buffer__p-empty,0.7283170840746502,355,buffer,empty,0.7290658535623911,0.0007487694877408302
classification,descriptor24_buffer_classifier_mlp,descriptor24,MLP,dexma_only,44,o-buffer__p-functionalization,0.7166376099115019,355,buffer,functionalization,0.7290658535623911,0.012428243650889126
classification,descriptor24_buffer_classifier_mlp,descriptor24,MLP,dexma_only,44,o-buffer__p-molecular_weight,0.7252383301297725,355,buffer,molecular_weight,0.7290658535623911,0.003827523432618607
classification,descriptor24_buffer_classifier_mlp,descriptor24,MLP,dexma_only,44,o-buffer__p-concentration,0.6983427852614285,355,buffer,concentration,0.7290658535623911,0.030723068300962608
classification,descriptor24_buffer_classifier_mlp,descriptor24,MLP,dexma_only,44,o-buffer__p-functionalization+molecular_weight,0.7162582087227732,355,buffer,functionalization+molecular_weight,0.7290658535623911,0.012807644839617827
classification,descriptor24_buffer_classifier_mlp,descriptor24,MLP,dexma_only,44,o-buffer__p-functionalization+concentration,0.6937317359080803,355,buffer,functionalization+concentration,0.7290658535623911,0.035334117654310715
classification,descriptor24_buffer_classifier_mlp,descriptor24,MLP,dexma_only,44,o-buffer__p-molecular_weight+concentration,0.684068528836742,355,buffer,molecular_weight+concentration,0.7290658535623911,0.0449973247256491
classification,descriptor24_buffer_classifier_mlp,descriptor24,MLP,dexma_only,44,o-buffer__p-functionalization+molecular_weight+concentration,0.6625614616427757,355,buffer,functionalization+molecular_weight+concentration,0.7290658535623911,0.06650439191961532
classification,descriptor24_buffer_classifier_mlp,descriptor24,MLP,dexma_only,44,o-additive+salt__p-empty,0.42609174060638005,355,additive+salt,empty,0.7290658535623911,0.302974112956011
classification,descriptor24_buffer_classifier_mlp,descriptor24,MLP,dexma_only,44,o-additive+salt__p-functionalization,0.42684430732470746,355,additive+salt,functionalization,0.7290658535623911,0.3022215462376836
classification,descriptor24_buffer_classifier_mlp,descriptor24,MLP,dexma_only,44,o-additive+salt__p-molecular_weight,0.4143063679114726,355,additive+salt,molecular_weight,0.7290658535623911,0.3147594856509185
classification,descriptor24_buffer_classifier_mlp,descriptor24,MLP,dexma_only,44,o-additive+salt__p-concentration,0.35977338474845405,355,additive+salt,concentration,0.7290658535623911,0.369292468813937
classification,descriptor24_buffer_classifier_mlp,descriptor24,MLP,dexma_only,44,o-additive+salt__p-functionalization+molecular_weight,0.4159398397522431,355,additive+salt,functionalization+molecular_weight,0.7290658535623911,0.313126013810148
classification,descriptor24_buffer_classifier_mlp,descriptor24,MLP,dexma_only,44,o-additive+salt__p-functionalization+concentration,0.3356527697990158,355,additive+salt,functionalization+concentration,0.7290658535623911,0.39341308376337525
classification,descriptor24_buffer_classifier_mlp,descriptor24,MLP,dexma_only,44,o-additive+salt__p-molecular_weight+concentration,0.35379014782434004,355,additive+salt,molecular_weight+concentration,0.7290658535623911,0.375275705738051
classification,descriptor24_buffer_classifier_mlp,descriptor24,MLP,dexma_only,44,o-additive+salt__p-functionalization+molecular_weight+concentration,0.3386478099935579,355,additive+salt,functionalization+molecular_weight+concentration,0.7290658535623911,0.39041804356883314
classification,descriptor24_buffer_classifier_mlp,descriptor24,MLP,dexma_only,44,o-additive+buffer__p-empty,0.5183441260543457,355,additive+buffer,empty,0.7290658535623911,0.2107217275080454
classification,descriptor24_buffer_classifier_mlp,descriptor24,MLP,dexma_only,44,o-additive+buffer__p-functionalization,0.5013678231742842,355,additive+buffer,functionalization,0.7290658535623911,0.22769803038810688
classification,descriptor24_buffer_classifier_mlp,descriptor24,MLP,dexma_only,44,o-additive+buffer__p-molecular_weight,0.5035810240012625,355,additive+buffer,molecular_weight,0.7290658535623911,0.22548482956112859
classification,descriptor24_buffer_classifier_mlp,descriptor24,MLP,dexma_only,44,o-additive+buffer__p-concentration,0.44424635217574443,355,additive+buffer,concentration,0.7290658535623911,0.28481950138664663
classification,descriptor24_buffer_classifier_mlp,descriptor24,MLP,dexma_only,44,o-additive+buffer__p-functionalization+molecular_weight,0.4867139785570842,355,additive+buffer,functionalization+molecular_weight,0.7290658535623911,0.24235187500530686
classification,descriptor24_buffer_classifier_mlp,descriptor24,MLP,dexma_only,44,o-additive+buffer__p-functionalization+concentration,0.45440586426414614,355,additive+buffer,functionalization+concentration,0.7290658535623911,0.2746599892982449
classification,descriptor24_buffer_classifier_mlp,descriptor24,MLP,dexma_only,44,o-additive+buffer__p-molecular_weight+concentration,0.4332147176198649,355,additive+buffer,molecular_weight+concentration,0.7290658535623911,0.29585113594252616
classification,descriptor24_buffer_classifier_mlp,descriptor24,MLP,dexma_only,44,o-additive+buffer__p-functionalization+molecular_weight+concentration,0.41862692005969576,355,additive+buffer,functionalization+molecular_weight+concentration,0.7290658535623911,0.3104389335026953
classification,descriptor24_buffer_classifier_mlp,descriptor24,MLP,dexma_only,44,o-salt+buffer__p-empty,0.6938113534684868,355,salt+buffer,empty,0.7290658535623911,0.035254500093904295
classification,descriptor24_buffer_classifier_mlp,descriptor24,MLP,dexma_only,44,o-salt+buffer__p-functionalization,0.6728495624666346,355,salt+buffer,functionalization,0.7290658535623911,0.05621629109575643
classification,descriptor24_buffer_classifier_mlp,descriptor24,MLP,dexma_only,44,o-salt+buffer__p-molecular_weight,0.6861327776796117,355,salt+buffer,molecular_weight,0.7290658535623911,0.04293307588277939
classification,descriptor24_buffer_classifier_mlp,descriptor24,MLP,dexma_only,44,o-salt+buffer__p-concentration,0.6661924079062979,355,salt+buffer,concentration,0.7290658535623911,0.06287344565609321
classification,descriptor24_buffer_classifier_mlp,descriptor24,MLP,dexma_only,44,o-salt+buffer__p-functionalization+molecular_weight,0.6710395801824331,355,salt+buffer,functionalization+molecular_weight,0.7290658535623911,0.058026273379957916
classification,descriptor24_buffer_classifier_mlp,descriptor24,MLP,dexma_only,44,o-salt+buffer__p-functionalization+concentration,0.6588729795756474,355,salt+buffer,functionalization+concentration,0.7290658535623911,0.07019287398674368
classification,descriptor24_buffer_classifier_mlp,descriptor24,MLP,dexma_only,44,o-salt+buffer__p-molecular_weight+concentration,0.6492783122254852,355,salt+buffer,molecular_weight+concentration,0.7290658535623911,0.07978754133690591
classification,descriptor24_buffer_classifier_mlp,descriptor24,MLP,dexma_only,44,o-salt+buffer__p-functionalization+molecular_weight+concentration,0.6583813527678727,355,salt+buffer,functionalization+molecular_weight+concentration,0.7290658535623911,0.07068450079451838
classification,descriptor24_buffer_classifier_mlp,descriptor24,MLP,dexma_only,44,o-additive+salt+buffer__p-empty,0.4223939663453457,355,additive+salt+buffer,empty,0.7290658535623911,0.30667188721704536
classification,descriptor24_buffer_classifier_mlp,descriptor24,MLP,dexma_only,44,o-additive+salt+buffer__p-functionalization,0.40645540676567804,355,additive+salt+buffer,functionalization,0.7290658535623911,0.322610446796713
classification,descriptor24_buffer_classifier_mlp,descriptor24,MLP,dexma_only,44,o-additive+salt+buffer__p-molecular_weight,0.4145132300203582,355,additive+salt+buffer,molecular_weight,0.7290658535623911,0.31455262354203284
classification,descriptor24_buffer_classifier_mlp,descriptor24,MLP,dexma_only,44,o-additive+salt+buffer__p-concentration,0.3358623229936954,355,additive+salt+buffer,concentration,0.7290658535623911,0.39320353056869567
classification,descriptor24_buffer_classifier_mlp,descriptor24,MLP,dexma_only,44,o-additive+salt+buffer__p-functionalization+molecular_weight,0.3819517730032249,355,additive+salt+buffer,functionalization+molecular_weight,0.7290658535623911,0.34711408055916615
classification,descriptor24_buffer_classifier_mlp,descriptor24,MLP,dexma_only,44,o-additive+salt+buffer__p-functionalization+concentration,0.34825953476601956,355,additive+salt+buffer,functionalization+concentration,0.7290658535623911,0.3808063187963715
classification,descriptor24_buffer_classifier_mlp,descriptor24,MLP,dexma_only,44,o-additive+salt+buffer__p-molecular_weight+concentration,0.3534433311227973,355,additive+salt+buffer,molecular_weight+concentration,0.7290658535623911,0.37562252243959376
classification,descriptor24_buffer_classifier_mlp,descriptor24,MLP,dexma_only,44,o-additive+salt+buffer__p-functionalization+molecular_weight+concentration,0.32503504772444564,355,additive+salt+buffer,functionalization+molecular_weight+concentration,0.7290658535623911,0.40403080583794543
classification,descriptor24_buffer_classifier_mlp,descriptor24,MLP,dexma_only,45,o-empty__p-empty,0.7291078857035196,355,empty,empty,0.7291078857035196,0.0
classification,descriptor24_buffer_classifier_mlp,descriptor24,MLP,dexma_only,45,o-empty__p-functionalization,0.7234476718572347,355,empty,functionalization,0.7291078857035196,0.0056602138462849005
classification,descriptor24_buffer_classifier_mlp,descriptor24,MLP,dexma_only,45,o-empty__p-molecular_weight,0.7291666374622777,355,empty,molecular_weight,0.7291078857035196,-5.875175875813543e-05
classification,descriptor24_buffer_classifier_mlp,descriptor24,MLP,dexma_only,45,o-empty__p-concentration,0.6987336667118444,355,empty,concentration,0.7291078857035196,0.03037421899167514
classification,descriptor24_buffer_classifier_mlp,descriptor24,MLP,dexma_only,45,o-empty__p-functionalization+molecular_weight,0.7172941014558353,355,empty,functionalization+molecular_weight,0.7291078857035196,0.011813784247684311
classification,descriptor24_buffer_classifier_mlp,descriptor24,MLP,dexma_only,45,o-empty__p-functionalization+concentration,0.6923956472523233,355,empty,functionalization+concentration,0.7291078857035196,0.03671223845119631
classification,descriptor24_buffer_classifier_mlp,descriptor24,MLP,dexma_only,45,o-empty__p-molecular_weight+concentration,0.6809961767511832,355,empty,molecular_weight+concentration,0.7291078857035196,0.04811170895233641
classification,descriptor24_buffer_classifier_mlp,descriptor24,MLP,dexma_only,45,o-empty__p-functionalization+molecular_weight+concentration,0.6740864483120478,355,empty,functionalization+molecular_weight+concentration,0.7291078857035196,0.055021437391471806
classification,descriptor24_buffer_classifier_mlp,descriptor24,MLP,dexma_only,45,o-additive__p-empty,0.5017000392032469,355,additive,empty,0.7291078857035196,0.22740784650027268
classification,descriptor24_buffer_classifier_mlp,descriptor24,MLP,dexma_only,45,o-additive__p-functionalization,0.4726932663993468,355,additive,functionalization,0.7291078857035196,0.2564146193041728
classification,descriptor24_buffer_classifier_mlp,descriptor24,MLP,dexma_only,45,o-additive__p-molecular_weight,0.4860980012191934,355,additive,molecular_weight,0.7291078857035196,0.2430098844843262
classification,descriptor24_buffer_classifier_mlp,descriptor24,MLP,dexma_only,45,o-additive__p-concentration,0.4272740242135577,355,additive,concentration,0.7291078857035196,0.3018338614899619
classification,descriptor24_buffer_classifier_mlp,descriptor24,MLP,dexma_only,45,o-additive__p-functionalization+molecular_weight,0.4741749116125144,355,additive,functionalization+molecular_weight,0.7291078857035196,0.2549329740910052
classification,descriptor24_buffer_classifier_mlp,descriptor24,MLP,dexma_only,45,o-additive__p-functionalization+concentration,0.43049541761330684,355,additive,functionalization+concentration,0.7291078857035196,0.29861246809021275
classification,descriptor24_buffer_classifier_mlp,descriptor24,MLP,dexma_only,45,o-additive__p-molecular_weight+concentration,0.42055202935232605,355,additive,molecular_weight+concentration,0.7291078857035196,0.30855585635119354
classification,descriptor24_buffer_classifier_mlp,descriptor24,MLP,dexma_only,45,o-additive__p-functionalization+molecular_weight+concentration,0.4344536238520382,355,additive,functionalization+molecular_weight+concentration,0.7291078857035196,0.2946542618514814
classification,descriptor24_buffer_classifier_mlp,descriptor24,MLP,dexma_only,45,o-salt__p-empty,0.7054330674318332,355,salt,empty,0.7291078857035196,0.023674818271686382
classification,descriptor24_buffer_classifier_mlp,descriptor24,MLP,dexma_only,45,o-salt__p-functionalization,0.6998028756368792,355,salt,functionalization,0.7291078857035196,0.029305010066640436
classification,descriptor24_buffer_classifier_mlp,descriptor24,MLP,dexma_only,45,o-salt__p-molecular_weight,0.6911451618542979,355,salt,molecular_weight,0.7291078857035196,0.037962723849221724
classification,descriptor24_buffer_classifier_mlp,descriptor24,MLP,dexma_only,45,o-salt__p-concentration,0.6639231439048803,355,salt,concentration,0.7291078857035196,0.06518474179863931
classification,descriptor24_buffer_classifier_mlp,descriptor24,MLP,dexma_only,45,o-salt__p-functionalization+molecular_weight,0.7140914397826417,355,salt,functionalization+molecular_weight,0.7291078857035196,0.015016445920877919
classification,descriptor24_buffer_classifier_mlp,descriptor24,MLP,dexma_only,45,o-salt__p-functionalization+concentration,0.6885647298932953,355,salt,functionalization+concentration,0.7291078857035196,0.040543155810224274
classification,descriptor24_buffer_classifier_mlp,descriptor24,MLP,dexma_only,45,o-salt__p-molecular_weight+concentration,0.6817652404655865,355,salt,molecular_weight+concentration,0.7291078857035196,0.04734264523793308
classification,descriptor24_buffer_classifier_mlp,descriptor24,MLP,dexma_only,45,o-salt__p-functionalization+molecular_weight+concentration,0.6807185769074641,355,salt,functionalization+molecular_weight+concentration,0.7291078857035196,0.04838930879605552
classification,descriptor24_buffer_classifier_mlp,descriptor24,MLP,dexma_only,45,o-buffer__p-empty,0.7309680722765629,355,buffer,empty,0.7291078857035196,-0.001860186573043321
classification,descriptor24_buffer_classifier_mlp,descriptor24,MLP,dexma_only,45,o-buffer__p-functionalization,0.7145510037558278,355,buffer,functionalization,0.7291078857035196,0.01455688194769178
classification,descriptor24_buffer_classifier_mlp,descriptor24,MLP,dexma_only,45,o-buffer__p-molecular_weight,0.7310371990768195,355,buffer,molecular_weight,0.7291078857035196,-0.0019293133732999346
classification,descriptor24_buffer_classifier_mlp,descriptor24,MLP,dexma_only,45,o-buffer__p-concentration,0.6924432745150739,355,buffer,concentration,0.7291078857035196,0.03666461118844566
classification,descriptor24_buffer_classifier_mlp,descriptor24,MLP,dexma_only,45,o-buffer__p-functionalization+molecular_weight,0.7172484362696554,355,buffer,functionalization+molecular_weight,0.7291078857035196,0.011859449433864189
classification,descriptor24_buffer_classifier_mlp,descriptor24,MLP,dexma_only,45,o-buffer__p-functionalization+concentration,0.6896857895458066,355,buffer,functionalization+concentration,0.7291078857035196,0.03942209615771297
classification,descriptor24_buffer_classifier_mlp,descriptor24,MLP,dexma_only,45,o-buffer__p-molecular_weight+concentration,0.6667401155359408,355,buffer,molecular_weight+concentration,0.7291078857035196,0.06236777016757877
classification,descriptor24_buffer_classifier_mlp,descriptor24,MLP,dexma_only,45,o-buffer__p-functionalization+molecular_weight+concentration,0.6777342158213228,355,buffer,functionalization+molecular_weight+concentration,0.7291078857035196,0.051373669882196826
classification,descriptor24_buffer_classifier_mlp,descriptor24,MLP,dexma_only,45,o-additive+salt__p-empty,0.4129467967531526,355,additive+salt,empty,0.7291078857035196,0.316161088950367
classification,descriptor24_buffer_classifier_mlp,descriptor24,MLP,dexma_only,45,o-additive+salt__p-functionalization,0.39422225922930987,355,additive+salt,functionalization,0.7291078857035196,0.3348856264742097
classification,descriptor24_buffer_classifier_mlp,descriptor24,MLP,dexma_only,45,o-additive+salt__p-molecular_weight,0.3963830696676077,355,additive+salt,molecular_weight,0.7291078857035196,0.33272481603591186
classification,descriptor24_buffer_classifier_mlp,descriptor24,MLP,dexma_only,45,o-additive+salt__p-concentration,0.3123006091821127,355,additive+salt,concentration,0.7291078857035196,0.41680727652140687
classification,descriptor24_buffer_classifier_mlp,descriptor24,MLP,dexma_only,45,o-additive+salt__p-functionalization+molecular_weight,0.3802141228385286,355,additive+salt,functionalization+molecular_weight,0.7291078857035196,0.34889376286499096
classification,descriptor24_buffer_classifier_mlp,descriptor24,MLP,dexma_only,45,o-additive+salt__p-functionalization+concentration,0.31164003462245704,355,additive+salt,functionalization+concentration,0.7291078857035196,0.41746785108106255
classification,descriptor24_buffer_classifier_mlp,descriptor24,MLP,dexma_only,45,o-additive+salt__p-molecular_weight+concentration,0.3200568301558508,355,additive+salt,molecular_weight+concentration,0.7291078857035196,0.4090510555476688
classification,descriptor24_buffer_classifier_mlp,descriptor24,MLP,dexma_only,45,o-additive+salt__p-functionalization+molecular_weight+concentration,0.3227795042363695,355,additive+salt,functionalization+molecular_weight+concentration,0.7291078857035196,0.4063283814671501
classification,descriptor24_buffer_classifier_mlp,descriptor24,MLP,dexma_only,45,o-additive+buffer__p-empty,0.49587858141880964,355,additive+buffer,empty,0.7291078857035196,0.23322930428470995
classification,descriptor24_buffer_classifier_mlp,descriptor24,MLP,dexma_only,45,o-additive+buffer__p-functionalization,0.49692288618923613,355,additive+buffer,functionalization,0.7291078857035196,0.23218499951428345
classification,descriptor24_buffer_classifier_mlp,descriptor24,MLP,dexma_only,45,o-additive+buffer__p-molecular_weight,0.496974492361474,355,additive+buffer,molecular_weight,0.7291078857035196,0.23213339334204558
classification,descriptor24_buffer_classifier_mlp,descriptor24,MLP,dexma_only,45,o-additive+buffer__p-concentration,0.4167559066842313,355,additive+buffer,concentration,0.7291078857035196,0.3123519790192883
classification,descriptor24_buffer_classifier_mlp,descriptor24,MLP,dexma_only,45,o-additive+buffer__p-functionalization+molecular_weight,0.4676489052887578,355,additive+buffer,functionalization+molecular_weight,0.7291078857035196,0.2614589804147618
classification,descriptor24_buffer_classifier_mlp,descriptor24,MLP,dexma_only,45,o-additive+buffer__p-functionalization+concentration,0.43573602547507473,355,additive+buffer,functionalization+concentration,0.7291078857035196,0.29337186022844486
classification,descriptor24_buffer_classifier_mlp,descriptor24,MLP,dexma_only,45,o-additive+buffer__p-molecular_weight+concentration,0.40824574191573365,355,additive+buffer,molecular_weight+concentration,0.7291078857035196,0.32086214378778594
classification,descriptor24_buffer_classifier_mlp,descriptor24,MLP,dexma_only,45,o-additive+buffer__p-functionalization+molecular_weight+concentration,0.4095284549728149,355,additive+buffer,functionalization+molecular_weight+concentration,0.7291078857035196,0.31957943073070466
classification,descriptor24_buffer_classifier_mlp,descriptor24,MLP,dexma_only,45,o-salt+buffer__p-empty,0.689130154602414,355,salt+buffer,empty,0.7291078857035196,0.039977731101105585
classification,descriptor24_buffer_classifier_mlp,descriptor24,MLP,dexma_only,45,o-salt+buffer__p-functionalization,0.7166414629733834,355,salt+buffer,functionalization,0.7291078857035196,0.012466422730136206
classification,descriptor24_buffer_classifier_mlp,descriptor24,MLP,dexma_only,45,o-salt+buffer__p-molecular_weight,0.6903120837040645,355,salt+buffer,molecular_weight,0.7291078857035196,0.03879580199945509
classification,descriptor24_buffer_classifier_mlp,descriptor24,MLP,dexma_only,45,o-salt+buffer__p-concentration,0.6665780250429556,355,salt+buffer,concentration,0.7291078857035196,0.06252986066056399
classification,descriptor24_buffer_classifier_mlp,descriptor24,MLP,dexma_only,45,o-salt+buffer__p-functionalization+molecular_weight,0.6967268700263,355,salt+buffer,functionalization+molecular_weight,0.7291078857035196,0.03238101567721963
classification,descriptor24_buffer_classifier_mlp,descriptor24,MLP,dexma_only,45,o-salt+buffer__p-functionalization+concentration,0.6816595617777387,355,salt+buffer,functionalization+concentration,0.7291078857035196,0.04744832392578091
classification,descriptor24_buffer_classifier_mlp,descriptor24,MLP,dexma_only,45,o-salt+buffer__p-molecular_weight+concentration,0.6506018459709122,355,salt+buffer,molecular_weight+concentration,0.7291078857035196,0.07850603973260739
classification,descriptor24_buffer_classifier_mlp,descriptor24,MLP,dexma_only,45,o-salt+buffer__p-functionalization+molecular_weight+concentration,0.6688345366137225,355,salt+buffer,functionalization+molecular_weight+concentration,0.7291078857035196,0.06027334908979709
classification,descriptor24_buffer_classifier_mlp,descriptor24,MLP,dexma_only,45,o-additive+salt+buffer__p-empty,0.3836810306737726,355,additive+salt+buffer,empty,0.7291078857035196,0.34542685502974696
classification,descriptor24_buffer_classifier_mlp,descriptor24,MLP,dexma_only,45,o-additive+salt+buffer__p-functionalization,0.3798049732345345,355,additive+salt+buffer,functionalization,0.7291078857035196,0.3493029124689851
classification,descriptor24_buffer_classifier_mlp,descriptor24,MLP,dexma_only,45,o-additive+salt+buffer__p-molecular_weight,0.3863904438909595,355,additive+salt+buffer,molecular_weight,0.7291078857035196,0.3427174418125601
classification,descriptor24_buffer_classifier_mlp,descriptor24,MLP,dexma_only,45,o-additive+salt+buffer__p-concentration,0.29001691522310613,355,additive+salt+buffer,concentration,0.7291078857035196,0.43909097048041346
classification,descriptor24_buffer_classifier_mlp,descriptor24,MLP,dexma_only,45,o-additive+salt+buffer__p-functionalization+molecular_weight,0.3713518827568777,355,additive+salt+buffer,functionalization+molecular_weight,0.7291078857035196,0.3577560029466419
classification,descriptor24_buffer_classifier_mlp,descriptor24,MLP,dexma_only,45,o-additive+salt+buffer__p-functionalization+concentration,0.3142392789588416,355,additive+salt+buffer,functionalization+concentration,0.7291078857035196,0.414868606744678
classification,descriptor24_buffer_classifier_mlp,descriptor24,MLP,dexma_only,45,o-additive+salt+buffer__p-molecular_weight+concentration,0.30911079992287643,355,additive+salt+buffer,molecular_weight+concentration,0.7291078857035196,0.41999708578064315
classification,descriptor24_buffer_classifier_mlp,descriptor24,MLP,dexma_only,45,o-additive+salt+buffer__p-functionalization+molecular_weight+concentration,0.29401503981972027,355,additive+salt+buffer,functionalization+molecular_weight+concentration,0.7291078857035196,0.4350928458837993
classification,descriptor24_buffer_classifier_mlp,descriptor24,MLP,dexma_only,46,o-empty__p-empty,0.729008712241629,355,empty,empty,0.729008712241629,0.0
classification,descriptor24_buffer_classifier_mlp,descriptor24,MLP,dexma_only,46,o-empty__p-functionalization,0.7197133680758111,355,empty,functionalization,0.729008712241629,0.009295344165817898
classification,descriptor24_buffer_classifier_mlp,descriptor24,MLP,dexma_only,46,o-empty__p-molecular_weight,0.7299257118305231,355,empty,molecular_weight,0.729008712241629,-0.0009169995888941296
classification,descriptor24_buffer_classifier_mlp,descriptor24,MLP,dexma_only,46,o-empty__p-concentration,0.6939542760452088,355,empty,concentration,0.729008712241629,0.035054436196420236
classification,descriptor24_buffer_classifier_mlp,descriptor24,MLP,dexma_only,46,o-empty__p-functionalization+molecular_weight,0.7200423968847687,355,empty,functionalization+molecular_weight,0.729008712241629,0.008966315356860322
classification,descriptor24_buffer_classifier_mlp,descriptor24,MLP,dexma_only,46,o-empty__p-functionalization+concentration,0.6880054875562244,355,empty,functionalization+concentration,0.729008712241629,0.04100322468540463
classification,descriptor24_buffer_classifier_mlp,descriptor24,MLP,dexma_only,46,o-empty__p-molecular_weight+concentration,0.6928600574521036,355,empty,molecular_weight+concentration,0.729008712241629,0.03614865478952545
classification,descriptor24_buffer_classifier_mlp,descriptor24,MLP,dexma_only,46,o-empty__p-functionalization+molecular_weight+concentration,0.6833205579394712,355,empty,functionalization+molecular_weight+concentration,0.729008712241629,0.04568815430215778
classification,descriptor24_buffer_classifier_mlp,descriptor24,MLP,dexma_only,46,o-additive__p-empty,0.5271972703545323,355,additive,empty,0.729008712241629,0.20181144188709665
classification,descriptor24_buffer_classifier_mlp,descriptor24,MLP,dexma_only,46,o-additive__p-functionalization,0.48578808344236835,355,additive,functionalization,0.729008712241629,0.24322062879926065
classification,descriptor24_buffer_classifier_mlp,descriptor24,MLP,dexma_only,46,o-additive__p-molecular_weight,0.5151287662741169,355,additive,molecular_weight,0.729008712241629,0.21387994596751214
classification,descriptor24_buffer_classifier_mlp,descriptor24,MLP,dexma_only,46,o-additive__p-concentration,0.4327964947079027,355,additive,concentration,0.729008712241629,0.2962122175337263
classification,descriptor24_buffer_classifier_mlp,descriptor24,MLP,dexma_only,46,o-additive__p-functionalization+molecular_weight,0.4793190795468199,355,additive,functionalization+molecular_weight,0.729008712241629,0.2496896326948091
classification,descriptor24_buffer_classifier_mlp,descriptor24,MLP,dexma_only,46,o-additive__p-functionalization+concentration,0.44884509070238005,355,additive,functionalization+concentration,0.729008712241629,0.28016362153924895
classification,descriptor24_buffer_classifier_mlp,descriptor24,MLP,dexma_only,46,o-additive__p-molecular_weight+concentration,0.42096507859402116,355,additive,molecular_weight+concentration,0.729008712241629,0.30804363364760784
classification,descriptor24_buffer_classifier_mlp,descriptor24,MLP,dexma_only,46,o-additive__p-functionalization+molecular_weight+concentration,0.4305240608752041,355,additive,functionalization+molecular_weight+concentration,0.729008712241629,0.2984846513664249
classification,descriptor24_buffer_classifier_mlp,descriptor24,MLP,dexma_only,46,o-salt__p-empty,0.688974172117503,355,salt,empty,0.729008712241629,0.040034540124125995
classification,descriptor24_buffer_classifier_mlp,descriptor24,MLP,dexma_only,46,o-salt__p-functionalization,0.6838831375186387,355,salt,functionalization,0.729008712241629,0.04512557472299028
classification,descriptor24_buffer_classifier_mlp,descriptor24,MLP,dexma_only,46,o-salt__p-molecular_weight,0.6853106080331958,355,salt,molecular_weight,0.729008712241629,0.04369810420843323
classification,descriptor24_buffer_classifier_mlp,descriptor24,MLP,dexma_only,46,o-salt__p-concentration,0.6626202548171566,355,salt,concentration,0.729008712241629,0.06638845742447241
classification,descriptor24_buffer_classifier_mlp,descriptor24,MLP,dexma_only,46,o-salt__p-functionalization+molecular_weight,0.6832925594052076,355,salt,functionalization+molecular_weight,0.729008712241629,0.045716152836421386
classification,descriptor24_buffer_classifier_mlp,descriptor24,MLP,dexma_only,46,o-salt__p-functionalization+concentration,0.6652598059669602,355,salt,functionalization+concentration,0.729008712241629,0.06374890627466878
classification,descriptor24_buffer_classifier_mlp,descriptor24,MLP,dexma_only,46,o-salt__p-molecular_weight+concentration,0.6635802615270718,355,salt,molecular_weight+concentration,0.729008712241629,0.06542845071455716
classification,descriptor24_buffer_classifier_mlp,descriptor24,MLP,dexma_only,46,o-salt__p-functionalization+molecular_weight+concentration,0.6623778548676812,355,salt,functionalization+molecular_weight+concentration,0.729008712241629,0.0666308573739478
classification,descriptor24_buffer_classifier_mlp,descriptor24,MLP,dexma_only,46,o-buffer__p-empty,0.7308587337976472,355,buffer,empty,0.729008712241629,-0.001850021556018211
classification,descriptor24_buffer_classifier_mlp,descriptor24,MLP,dexma_only,46,o-buffer__p-functionalization,0.7199176509541775,355,buffer,functionalization,0.729008712241629,0.009091061287451518
classification,descriptor24_buffer_classifier_mlp,descriptor24,MLP,dexma_only,46,o-buffer__p-molecular_weight,0.7294376091377232,355,buffer,molecular_weight,0.729008712241629,-0.00042889689609415527
classification,descriptor24_buffer_classifier_mlp,descriptor24,MLP,dexma_only,46,o-buffer__p-concentration,0.6955523573324154,355,buffer,concentration,0.729008712241629,0.033456354909213615
classification,descriptor24_buffer_classifier_mlp,descriptor24,MLP,dexma_only,46,o-buffer__p-functionalization+molecular_weight,0.7149008745514863,355,buffer,functionalization+molecular_weight,0.729008712241629,0.014107837690142677
classification,descriptor24_buffer_classifier_mlp,descriptor24,MLP,dexma_only,46,o-buffer__p-functionalization+concentration,0.689504664514957,355,buffer,functionalization+concentration,0.729008712241629,0.03950404772667204
classification,descriptor24_buffer_classifier_mlp,descriptor24,MLP,dexma_only,46,o-buffer__p-molecular_weight+concentration,0.6859748251631189,355,buffer,molecular_weight+concentration,0.729008712241629,0.04303388707851008
classification,descriptor24_buffer_classifier_mlp,descriptor24,MLP,dexma_only,46,o-buffer__p-functionalization+molecular_weight+concentration,0.6622394754458576,355,buffer,functionalization+molecular_weight+concentration,0.729008712241629,0.0667692367957714
classification,descriptor24_buffer_classifier_mlp,descriptor24,MLP,dexma_only,46,o-additive+salt__p-empty,0.4096558745116569,355,additive+salt,empty,0.729008712241629,0.3193528377299721
classification,descriptor24_buffer_classifier_mlp,descriptor24,MLP,dexma_only,46,o-additive+salt__p-functionalization,0.38854877194246096,355,additive+salt,functionalization,0.729008712241629,0.34045994029916804
classification,descriptor24_buffer_classifier_mlp,descriptor24,MLP,dexma_only,46,o-additive+salt__p-molecular_weight,0.4137990282238397,355,additive+salt,molecular_weight,0.729008712241629,0.3152096840177893
classification,descriptor24_buffer_classifier_mlp,descriptor24,MLP,dexma_only,46,o-additive+salt__p-concentration,0.35533658085481545,355,additive+salt,concentration,0.729008712241629,0.37367213138681354
classification,descriptor24_buffer_classifier_mlp,descriptor24,MLP,dexma_only,46,o-additive+salt__p-functionalization+molecular_weight,0.36507789087223513,355,additive+salt,functionalization+molecular_weight,0.729008712241629,0.36393082136939386
classification,descriptor24_buffer_classifier_mlp,descriptor24,MLP,dexma_only,46,o-additive+salt__p-functionalization+concentration,0.33536278638640143,355,additive+salt,functionalization+concentration,0.729008712241629,0.39364592585522756
classification,descriptor24_buffer_classifier_mlp,descriptor24,MLP,dexma_only,46,o-additive+salt__p-molecular_weight+concentration,0.34138242268570207,355,additive+salt,molecular_weight+concentration,0.729008712241629,0.38762628955592693
classification,descriptor24_buffer_classifier_mlp,descriptor24,MLP,dexma_only,46,o-additive+salt__p-functionalization+molecular_weight+concentration,0.3221563161975337,355,additive+salt,functionalization+molecular_weight+concentration,0.729008712241629,0.4068523960440953
classification,descriptor24_buffer_classifier_mlp,descriptor24,MLP,dexma_only,46,o-additive+buffer__p-empty,0.5151424535942011,355,additive+buffer,empty,0.729008712241629,0.21386625864742792
classification,descriptor24_buffer_classifier_mlp,descriptor24,MLP,dexma_only,46,o-additive+buffer__p-functionalization,0.4890814856261506,355,additive+buffer,functionalization,0.729008712241629,0.23992722661547838
classification,descriptor24_buffer_classifier_mlp,descriptor24,MLP,dexma_only,46,o-additive+buffer__p-molecular_weight,0.5038507238996803,355,additive+buffer,molecular_weight,0.729008712241629,0.22515798834194867
classification,descriptor24_buffer_classifier_mlp,descriptor24,MLP,dexma_only,46,o-additive+buffer__p-concentration,0.4330797981045246,355,additive+buffer,concentration,0.729008712241629,0.29592891413710437
classification,descriptor24_buffer_classifier_mlp,descriptor24,MLP,dexma_only,46,o-additive+buffer__p-functionalization+molecular_weight,0.4765255058815343,355,additive+buffer,functionalization+molecular_weight,0.729008712241629,0.2524832063600947
classification,descriptor24_buffer_classifier_mlp,descriptor24,MLP,dexma_only,46,o-additive+buffer__p-functionalization+concentration,0.4282699491050436,355,additive+buffer,functionalization+concentration,0.729008712241629,0.3007387631365854
classification,descriptor24_buffer_classifier_mlp,descriptor24,MLP,dexma_only,46,o-additive+buffer__p-molecular_weight+concentration,0.4145919187846857,355,additive+buffer,molecular_weight+concentration,0.729008712241629,0.3144167934569433
classification,descriptor24_buffer_classifier_mlp,descriptor24,MLP,dexma_only,46,o-additive+buffer__p-functionalization+molecular_weight+concentration,0.4025789273320985,355,additive+buffer,functionalization+molecular_weight+concentration,0.729008712241629,0.3264297849095305
classification,descriptor24_buffer_classifier_mlp,descriptor24,MLP,dexma_only,46,o-salt+buffer__p-empty,0.6850777707443835,355,salt+buffer,empty,0.729008712241629,0.043930941497245524
classification,descriptor24_buffer_classifier_mlp,descriptor24,MLP,dexma_only,46,o-salt+buffer__p-functionalization,0.6637428207534496,355,salt+buffer,functionalization,0.729008712241629,0.0652658914881794
classification,descriptor24_buffer_classifier_mlp,descriptor24,MLP,dexma_only,46,o-salt+buffer__p-molecular_weight,0.6611953410434488,355,salt+buffer,molecular_weight,0.729008712241629,0.0678133711981802
classification,descriptor24_buffer_classifier_mlp,descriptor24,MLP,dexma_only,46,o-salt+buffer__p-concentration,0.6454812417219036,355,salt+buffer,concentration,0.729008712241629,0.08352747051972542
classification,descriptor24_buffer_classifier_mlp,descriptor24,MLP,dexma_only,46,o-salt+buffer__p-functionalization+molecular_weight,0.6625651159592015,355,salt+buffer,functionalization+molecular_weight,0.729008712241629,0.06644359628242746
classification,descriptor24_buffer_classifier_mlp,descriptor24,MLP,dexma_only,46,o-salt+buffer__p-functionalization+concentration,0.6503593469918435,355,salt+buffer,functionalization+concentration,0.729008712241629,0.0786493652497855
classification,descriptor24_buffer_classifier_mlp,descriptor24,MLP,dexma_only,46,o-salt+buffer__p-molecular_weight+concentration,0.6417394866703077,355,salt+buffer,molecular_weight+concentration,0.729008712241629,0.08726922557132133
classification,descriptor24_buffer_classifier_mlp,descriptor24,MLP,dexma_only,46,o-salt+buffer__p-functionalization+molecular_weight+concentration,0.6490178357811206,355,salt+buffer,functionalization+molecular_weight+concentration,0.729008712241629,0.0799908764605084
classification,descriptor24_buffer_classifier_mlp,descriptor24,MLP,dexma_only,46,o-additive+salt+buffer__p-empty,0.4090706647268851,355,additive+salt+buffer,empty,0.729008712241629,0.3199380475147439
classification,descriptor24_buffer_classifier_mlp,descriptor24,MLP,dexma_only,46,o-additive+salt+buffer__p-functionalization,0.36304044228303095,355,additive+salt+buffer,functionalization,0.729008712241629,0.36596826995859805
classification,descriptor24_buffer_classifier_mlp,descriptor24,MLP,dexma_only,46,o-additive+salt+buffer__p-molecular_weight,0.3917484578042668,355,additive+salt+buffer,molecular_weight,0.729008712241629,0.3372602544373622
classification,descriptor24_buffer_classifier_mlp,descriptor24,MLP,dexma_only,46,o-additive+salt+buffer__p-concentration,0.3336113142418954,355,additive+salt+buffer,concentration,0.729008712241629,0.3953973979997336
classification,descriptor24_buffer_classifier_mlp,descriptor24,MLP,dexma_only,46,o-additive+salt+buffer__p-functionalization+molecular_weight,0.3745934950514391,355,additive+salt+buffer,functionalization+molecular_weight,0.729008712241629,0.3544152171901899
classification,descriptor24_buffer_classifier_mlp,descriptor24,MLP,dexma_only,46,o-additive+salt+buffer__p-functionalization+concentration,0.31282611218049244,355,additive+salt+buffer,functionalization+concentration,0.729008712241629,0.41618260006113655
classification,descriptor24_buffer_classifier_mlp,descriptor24,MLP,dexma_only,46,o-additive+salt+buffer__p-molecular_weight+concentration,0.3353009808197262,355,additive+salt+buffer,molecular_weight+concentration,0.729008712241629,0.3937077314219028
classification,descriptor24_buffer_classifier_mlp,descriptor24,MLP,dexma_only,46,o-additive+salt+buffer__p-functionalization+molecular_weight+concentration,0.3590841555383398,355,additive+salt+buffer,functionalization+molecular_weight+concentration,0.729008712241629,0.3699245567032892
classification,two_slot_pca38_buffer_classifier_xgboost,two_slot38,XGBoost,all,42,o-empty__p-empty,0.8247393937014352,403,empty,empty,0.8247393937014352,0.0
classification,two_slot_pca38_buffer_classifier_xgboost,two_slot38,XGBoost,all,42,o-empty__p-functionalization,0.7117593521150033,403,empty,functionalization,0.8247393937014352,0.11298004158643193
classification,two_slot_pca38_buffer_classifier_xgboost,two_slot38,XGBoost,all,42,o-empty__p-molecular_weight,0.7435354109277231,403,empty,molecular_weight,0.8247393937014352,0.0812039827737121
classification,two_slot_pca38_buffer_classifier_xgboost,two_slot38,XGBoost,all,42,o-empty__p-concentration,0.6713487429928003,403,empty,concentration,0.8247393937014352,0.1533906507086349
classification,two_slot_pca38_buffer_classifier_xgboost,two_slot38,XGBoost,all,42,o-empty__p-functionalization+molecular_weight,0.7209418855218904,403,empty,functionalization+molecular_weight,0.8247393937014352,0.1037975081795448
classification,two_slot_pca38_buffer_classifier_xgboost,two_slot38,XGBoost,all,42,o-empty__p-functionalization+concentration,0.6646510899731216,403,empty,functionalization+concentration,0.8247393937014352,0.16008830372831362
classification,two_slot_pca38_buffer_classifier_xgboost,two_slot38,XGBoost,all,42,o-empty__p-molecular_weight+concentration,0.6862022534297365,403,empty,molecular_weight+concentration,0.8247393937014352,0.13853714027169872
classification,two_slot_pca38_buffer_classifier_xgboost,two_slot38,XGBoost,all,42,o-empty__p-functionalization+molecular_weight+concentration,0.6782100669834991,403,empty,functionalization+molecular_weight+concentration,0.8247393937014352,0.14652932671793617
classification,two_slot_pca38_buffer_classifier_xgboost,two_slot38,XGBoost,all,42,o-additive__p-empty,0.5247512388930207,403,additive,empty,0.8247393937014352,0.29998815480841456
classification,two_slot_pca38_buffer_classifier_xgboost,two_slot38,XGBoost,all,42,o-additive__p-functionalization,0.4078859703141539,403,additive,functionalization,0.8247393937014352,0.4168534233872813
classification,two_slot_pca38_buffer_classifier_xgboost,two_slot38,XGBoost,all,42,o-additive__p-molecular_weight,0.4492248311889404,403,additive,molecular_weight,0.8247393937014352,0.3755145625124948
classification,two_slot_pca38_buffer_classifier_xgboost,two_slot38,XGBoost,all,42,o-additive__p-concentration,0.3916746614853487,403,additive,concentration,0.8247393937014352,0.43306473221608655
classification,two_slot_pca38_buffer_classifier_xgboost,two_slot38,XGBoost,all,42,o-additive__p-functionalization+molecular_weight,0.4277871916616507,403,additive,functionalization+molecular_weight,0.8247393937014352,0.39695220203978454
classification,two_slot_pca38_buffer_classifier_xgboost,two_slot38,XGBoost,all,42,o-additive__p-functionalization+concentration,0.371815319917509,403,additive,functionalization+concentration,0.8247393937014352,0.45292407378392624
classification,two_slot_pca38_buffer_classifier_xgboost,two_slot38,XGBoost,all,42,o-additive__p-molecular_weight+concentration,0.3882011530703861,403,additive,molecular_weight+concentration,0.8247393937014352,0.4365382406310491
classification,two_slot_pca38_buffer_classifier_xgboost,two_slot38,XGBoost,all,42,o-additive__p-functionalization+molecular_weight+concentration,0.3656109842834207,403,additive,functionalization+molecular_weight+concentration,0.8247393937014352,0.4591284094180145
classification,two_slot_pca38_buffer_classifier_xgboost,two_slot38,XGBoost,all,42,o-salt__p-empty,0.8056326083788874,403,salt,empty,0.8247393937014352,0.019106785322547837
classification,two_slot_pca38_buffer_classifier_xgboost,two_slot38,XGBoost,all,42,o-salt__p-functionalization,0.7185593509375534,403,salt,functionalization,0.8247393937014352,0.10618004276388182
classification,two_slot_pca38_buffer_classifier_xgboost,two_slot38,XGBoost,all,42,o-salt__p-molecular_weight,0.7406480979330776,403,salt,molecular_weight,0.8247393937014352,0.08409129576835761
classification,two_slot_pca38_buffer_classifier_xgboost,two_slot38,XGBoost,all,42,o-salt__p-concentration,0.6816355231974797,403,salt,concentration,0.8247393937014352,0.14310387050395557
classification,two_slot_pca38_buffer_classifier_xgboost,two_slot38,XGBoost,all,42,o-salt__p-functionalization+molecular_weight,0.7314162513319495,403,salt,functionalization+molecular_weight,0.8247393937014352,0.09332314236948569
classification,two_slot_pca38_buffer_classifier_xgboost,two_slot38,XGBoost,all,42,o-salt__p-functionalization+concentration,0.6811006588293053,403,salt,functionalization+concentration,0.8247393937014352,0.14363873487212997
classification,two_slot_pca38_buffer_classifier_xgboost,two_slot38,XGBoost,all,42,o-salt__p-molecular_weight+concentration,0.696565813113628,403,salt,molecular_weight+concentration,0.8247393937014352,0.12817358058780726
classification,two_slot_pca38_buffer_classifier_xgboost,two_slot38,XGBoost,all,42,o-salt__p-functionalization+molecular_weight+concentration,0.6926425646466391,403,salt,functionalization+molecular_weight+concentration,0.8247393937014352,0.13209682905479614
classification,two_slot_pca38_buffer_classifier_xgboost,two_slot38,XGBoost,all,42,o-buffer__p-empty,0.8209050619255999,403,buffer,empty,0.8247393937014352,0.0038343317758353646
classification,two_slot_pca38_buffer_classifier_xgboost,two_slot38,XGBoost,all,42,o-buffer__p-functionalization,0.7101620855225331,403,buffer,functionalization,0.8247393937014352,0.1145773081789021
classification,two_slot_pca38_buffer_classifier_xgboost,two_slot38,XGBoost,all,42,o-buffer__p-molecular_weight,0.7381042525027741,403,buffer,molecular_weight,0.8247393937014352,0.08663514119866111
classification,two_slot_pca38_buffer_classifier_xgboost,two_slot38,XGBoost,all,42,o-buffer__p-concentration,0.6739706069428765,403,buffer,concentration,0.8247393937014352,0.15076878675855876
classification,two_slot_pca38_buffer_classifier_xgboost,two_slot38,XGBoost,all,42,o-buffer__p-functionalization+molecular_weight,0.700818813265959,403,buffer,functionalization+molecular_weight,0.8247393937014352,0.12392058043547627
classification,two_slot_pca38_buffer_classifier_xgboost,two_slot38,XGBoost,all,42,o-buffer__p-functionalization+concentration,0.6334821955317064,403,buffer,functionalization+concentration,0.8247393937014352,0.19125719816972886
classification,two_slot_pca38_buffer_classifier_xgboost,two_slot38,XGBoost,all,42,o-buffer__p-molecular_weight+concentration,0.6624897022397298,403,buffer,molecular_weight+concentration,0.8247393937014352,0.16224969146170543
classification,two_slot_pca38_buffer_classifier_xgboost,two_slot38,XGBoost,all,42,o-buffer__p-functionalization+molecular_weight+concentration,0.6534909520783377,403,buffer,functionalization+molecular_weight+concentration,0.8247393937014352,0.1712484416230975
classification,two_slot_pca38_buffer_classifier_xgboost,two_slot38,XGBoost,all,42,o-additive+salt__p-empty,0.45710275431851144,403,additive+salt,empty,0.8247393937014352,0.3676366393829238
classification,two_slot_pca38_buffer_classifier_xgboost,two_slot38,XGBoost,all,42,o-additive+salt__p-functionalization,0.35266280610594225,403,additive+salt,functionalization,0.8247393937014352,0.472076587595493
classification,two_slot_pca38_buffer_classifier_xgboost,two_slot38,XGBoost,all,42,o-additive+salt__p-molecular_weight,0.35752052050008865,403,additive+salt,molecular_weight,0.8247393937014352,0.4672188732013466
classification,two_slot_pca38_buffer_classifier_xgboost,two_slot38,XGBoost,all,42,o-additive+salt__p-concentration,0.3303026619625155,403,additive+salt,concentration,0.8247393937014352,0.4944367317389197
classification,two_slot_pca38_buffer_classifier_xgboost,two_slot38,XGBoost,all,42,o-additive+salt__p-functionalization+molecular_weight,0.3535543758597708,403,additive+salt,functionalization+molecular_weight,0.8247393937014352,0.47118501784166444
classification,two_slot_pca38_buffer_classifier_xgboost,two_slot38,XGBoost,all,42,o-additive+salt__p-functionalization+concentration,0.33206014919473426,403,additive+salt,functionalization+concentration,0.8247393937014352,0.492679244506701
classification,two_slot_pca38_buffer_classifier_xgboost,two_slot38,XGBoost,all,42,o-additive+salt__p-molecular_weight+concentration,0.3300772602217152,403,additive+salt,molecular_weight+concentration,0.8247393937014352,0.49466213347972005
classification,two_slot_pca38_buffer_classifier_xgboost,two_slot38,XGBoost,all,42,o-additive+salt__p-functionalization+molecular_weight+concentration,0.31616663556993496,403,additive+salt,functionalization+molecular_weight+concentration,0.8247393937014352,0.5085727581315003
classification,two_slot_pca38_buffer_classifier_xgboost,two_slot38,XGBoost,all,42,o-additive+buffer__p-empty,0.5263384075322853,403,additive+buffer,empty,0.8247393937014352,0.2984009861691499
classification,two_slot_pca38_buffer_classifier_xgboost,two_slot38,XGBoost,all,42,o-additive+buffer__p-functionalization,0.3590500104659313,403,additive+buffer,functionalization,0.8247393937014352,0.4656893832355039
classification,two_slot_pca38_buffer_classifier_xgboost,two_slot38,XGBoost,all,42,o-additive+buffer__p-molecular_weight,0.40885314498702535,403,additive+buffer,molecular_weight,0.8247393937014352,0.4158862487144099
classification,two_slot_pca38_buffer_classifier_xgboost,two_slot38,XGBoost,all,42,o-additive+buffer__p-concentration,0.34455095853016965,403,additive+buffer,concentration,0.8247393937014352,0.4801884351712656
classification,two_slot_pca38_buffer_classifier_xgboost,two_slot38,XGBoost,all,42,o-additive+buffer__p-functionalization+molecular_weight,0.38314518649462914,403,additive+buffer,functionalization+molecular_weight,0.8247393937014352,0.4415942072068061
classification,two_slot_pca38_buffer_classifier_xgboost,two_slot38,XGBoost,all,42,o-additive+buffer__p-functionalization+concentration,0.3188143610057712,403,additive+buffer,functionalization+concentration,0.8247393937014352,0.505925032695664
classification,two_slot_pca38_buffer_classifier_xgboost,two_slot38,XGBoost,all,42,o-additive+buffer__p-molecular_weight+concentration,0.34235736202001343,403,additive+buffer,molecular_weight+concentration,0.8247393937014352,0.4823820316814218
classification,two_slot_pca38_buffer_classifier_xgboost,two_slot38,XGBoost,all,42,o-additive+buffer__p-functionalization+molecular_weight+concentration,0.31566996141769904,403,additive+buffer,functionalization+molecular_weight+concentration,0.8247393937014352,0.5090694322837361
classification,two_slot_pca38_buffer_classifier_xgboost,two_slot38,XGBoost,all,42,o-salt+buffer__p-empty,0.7981241249426688,403,salt+buffer,empty,0.8247393937014352,0.02661526875876641
classification,two_slot_pca38_buffer_classifier_xgboost,two_slot38,XGBoost,all,42,o-salt+buffer__p-functionalization,0.6929230478060947,403,salt+buffer,functionalization,0.8247393937014352,0.13181634589534053
classification,two_slot_pca38_buffer_classifier_xgboost,two_slot38,XGBoost,all,42,o-salt+buffer__p-molecular_weight,0.7179176330425788,403,salt+buffer,molecular_weight,0.8247393937014352,0.1068217606588564
classification,two_slot_pca38_buffer_classifier_xgboost,two_slot38,XGBoost,all,42,o-salt+buffer__p-concentration,0.6622131165668288,403,salt+buffer,concentration,0.8247393937014352,0.16252627713460643
classification,two_slot_pca38_buffer_classifier_xgboost,two_slot38,XGBoost,all,42,o-salt+buffer__p-functionalization+molecular_weight,0.7116420509182572,403,salt+buffer,functionalization+molecular_weight,0.8247393937014352,0.11309734278317807
classification,two_slot_pca38_buffer_classifier_xgboost,two_slot38,XGBoost,all,42,o-salt+buffer__p-functionalization+concentration,0.663197095358419,403,salt+buffer,functionalization+concentration,0.8247393937014352,0.16154229834301626
classification,two_slot_pca38_buffer_classifier_xgboost,two_slot38,XGBoost,all,42,o-salt+buffer__p-molecular_weight+concentration,0.67828398168302,403,salt+buffer,molecular_weight+concentration,0.8247393937014352,0.14645541201841528
classification,two_slot_pca38_buffer_classifier_xgboost,two_slot38,XGBoost,all,42,o-salt+buffer__p-functionalization+molecular_weight+concentration,0.6736090473252757,403,salt+buffer,functionalization+molecular_weight+concentration,0.8247393937014352,0.15113034637615952
classification,two_slot_pca38_buffer_classifier_xgboost,two_slot38,XGBoost,all,42,o-additive+salt+buffer__p-empty,0.4551183740745919,403,additive+salt+buffer,empty,0.8247393937014352,0.36962101962684335
classification,two_slot_pca38_buffer_classifier_xgboost,two_slot38,XGBoost,all,42,o-additive+salt+buffer__p-functionalization,0.3138580960924363,403,additive+salt+buffer,functionalization,0.8247393937014352,0.5108812976089989
classification,two_slot_pca38_buffer_classifier_xgboost,two_slot38,XGBoost,all,42,o-additive+salt+buffer__p-molecular_weight,0.32533139261204264,403,additive+salt+buffer,molecular_weight,0.8247393937014352,0.4994080010893926
classification,two_slot_pca38_buffer_classifier_xgboost,two_slot38,XGBoost,all,42,o-additive+salt+buffer__p-concentration,0.28993782805935164,403,additive+salt+buffer,concentration,0.8247393937014352,0.5348015656420836
classification,two_slot_pca38_buffer_classifier_xgboost,two_slot38,XGBoost,all,42,o-additive+salt+buffer__p-functionalization+molecular_weight,0.3205744718339363,403,additive+salt+buffer,functionalization+molecular_weight,0.8247393937014352,0.504164921867499
classification,two_slot_pca38_buffer_classifier_xgboost,two_slot38,XGBoost,all,42,o-additive+salt+buffer__p-functionalization+concentration,0.290476951709579,403,additive+salt+buffer,functionalization+concentration,0.8247393937014352,0.5342624419918562
classification,two_slot_pca38_buffer_classifier_xgboost,two_slot38,XGBoost,all,42,o-additive+salt+buffer__p-molecular_weight+concentration,0.2887003109549076,403,additive+salt+buffer,molecular_weight+concentration,0.8247393937014352,0.5360390827465276
classification,two_slot_pca38_buffer_classifier_xgboost,two_slot38,XGBoost,all,42,o-additive+salt+buffer__p-functionalization+molecular_weight+concentration,0.2809574060837692,403,additive+salt+buffer,functionalization+molecular_weight+concentration,0.8247393937014352,0.543781987617666
classification,two_slot_pca38_buffer_classifier_xgboost,two_slot38,XGBoost,all,43,o-empty__p-empty,0.8248171937476079,403,empty,empty,0.8248171937476079,0.0
classification,two_slot_pca38_buffer_classifier_xgboost,two_slot38,XGBoost,all,43,o-empty__p-functionalization,0.7117188404519406,403,empty,functionalization,0.8248171937476079,0.11309835329566731
classification,two_slot_pca38_buffer_classifier_xgboost,two_slot38,XGBoost,all,43,o-empty__p-molecular_weight,0.7380697554360123,403,empty,molecular_weight,0.8248171937476079,0.08674743831159559
classification,two_slot_pca38_buffer_classifier_xgboost,two_slot38,XGBoost,all,43,o-empty__p-concentration,0.6693579994004742,403,empty,concentration,0.8248171937476079,0.15545919434713362
classification,two_slot_pca38_buffer_classifier_xgboost,two_slot38,XGBoost,all,43,o-empty__p-functionalization+molecular_weight,0.7183135795952666,403,empty,functionalization+molecular_weight,0.8248171937476079,0.10650361415234122
classification,two_slot_pca38_buffer_classifier_xgboost,two_slot38,XGBoost,all,43,o-empty__p-functionalization+concentration,0.6656299498167336,403,empty,functionalization+concentration,0.8248171937476079,0.15918724393087424
classification,two_slot_pca38_buffer_classifier_xgboost,two_slot38,XGBoost,all,43,o-empty__p-molecular_weight+concentration,0.6847648241171809,403,empty,molecular_weight+concentration,0.8248171937476079,0.140052369630427
classification,two_slot_pca38_buffer_classifier_xgboost,two_slot38,XGBoost,all,43,o-empty__p-functionalization+molecular_weight+concentration,0.68551330586553,403,empty,functionalization+molecular_weight+concentration,0.8248171937476079,0.13930388788207781
classification,two_slot_pca38_buffer_classifier_xgboost,two_slot38,XGBoost,all,43,o-additive__p-empty,0.5268624375058698,403,additive,empty,0.8248171937476079,0.29795475624173806
classification,two_slot_pca38_buffer_classifier_xgboost,two_slot38,XGBoost,all,43,o-additive__p-functionalization,0.42938972684744314,403,additive,functionalization,0.8248171937476079,0.3954274669001647
classification,two_slot_pca38_buffer_classifier_xgboost,two_slot38,XGBoost,all,43,o-additive__p-molecular_weight,0.4630999040356173,403,additive,molecular_weight,0.8248171937476079,0.3617172897119906
classification,two_slot_pca38_buffer_classifier_xgboost,two_slot38,XGBoost,all,43,o-additive__p-concentration,0.39320121546976944,403,additive,concentration,0.8248171937476079,0.43161597827783843
classification,two_slot_pca38_buffer_classifier_xgboost,two_slot38,XGBoost,all,43,o-additive__p-functionalization+molecular_weight,0.44013940327982365,403,additive,functionalization+molecular_weight,0.8248171937476079,0.3846777904677842
classification,two_slot_pca38_buffer_classifier_xgboost,two_slot38,XGBoost,all,43,o-additive__p-functionalization+concentration,0.3874094002619161,403,additive,functionalization+concentration,0.8248171937476079,0.43740779348569175
classification,two_slot_pca38_buffer_classifier_xgboost,two_slot38,XGBoost,all,43,o-additive__p-molecular_weight+concentration,0.3945819070385233,403,additive,molecular_weight+concentration,0.8248171937476079,0.43023528670908456
classification,two_slot_pca38_buffer_classifier_xgboost,two_slot38,XGBoost,all,43,o-additive__p-functionalization+molecular_weight+concentration,0.3738204074346283,403,additive,functionalization+molecular_weight+concentration,0.8248171937476079,0.45099678631297957
classification,two_slot_pca38_buffer_classifier_xgboost,two_slot38,XGBoost,all,43,o-salt__p-empty,0.7967040803887194,403,salt,empty,0.8248171937476079,0.028113113358888442
classification,two_slot_pca38_buffer_classifier_xgboost,two_slot38,XGBoost,all,43,o-salt__p-functionalization,0.7228347306558539,403,salt,functionalization,0.8248171937476079,0.10198246309175396
classification,two_slot_pca38_buffer_classifier_xgboost,two_slot38,XGBoost,all,43,o-salt__p-molecular_weight,0.7387343091320564,403,salt,molecular_weight,0.8248171937476079,0.08608288461555147
classification,two_slot_pca38_buffer_classifier_xgboost,two_slot38,XGBoost,all,43,o-salt__p-concentration,0.6842800130205944,403,salt,concentration,0.8248171937476079,0.1405371807270135
classification,two_slot_pca38_buffer_classifier_xgboost,two_slot38,XGBoost,all,43,o-salt__p-functionalization+molecular_weight,0.7321941142575761,403,salt,functionalization+molecular_weight,0.8248171937476079,0.09262307949003179
classification,two_slot_pca38_buffer_classifier_xgboost,two_slot38,XGBoost,all,43,o-salt__p-functionalization+concentration,0.6895506155354111,403,salt,functionalization+concentration,0.8248171937476079,0.1352665782121968
classification,two_slot_pca38_buffer_classifier_xgboost,two_slot38,XGBoost,all,43,o-salt__p-molecular_weight+concentration,0.6982396423897007,403,salt,molecular_weight+concentration,0.8248171937476079,0.12657755135790716
classification,two_slot_pca38_buffer_classifier_xgboost,two_slot38,XGBoost,all,43,o-salt__p-functionalization+molecular_weight+concentration,0.6993405574304081,403,salt,functionalization+molecular_weight+concentration,0.8248171937476079,0.12547663631719974
classification,two_slot_pca38_buffer_classifier_xgboost,two_slot38,XGBoost,all,43,o-buffer__p-empty,0.8221389497474061,403,buffer,empty,0.8248171937476079,0.0026782440002017793
classification,two_slot_pca38_buffer_classifier_xgboost,two_slot38,XGBoost,all,43,o-buffer__p-functionalization,0.7084870207635928,403,buffer,functionalization,0.8248171937476079,0.11633017298401505
classification,two_slot_pca38_buffer_classifier_xgboost,two_slot38,XGBoost,all,43,o-buffer__p-molecular_weight,0.7315677192784248,403,buffer,molecular_weight,0.8248171937476079,0.09324947446918308
classification,two_slot_pca38_buffer_classifier_xgboost,two_slot38,XGBoost,all,43,o-buffer__p-concentration,0.6738953931649612,403,buffer,concentration,0.8248171937476079,0.1509218005826467
classification,two_slot_pca38_buffer_classifier_xgboost,two_slot38,XGBoost,all,43,o-buffer__p-functionalization+molecular_weight,0.7029571725127731,403,buffer,functionalization+molecular_weight,0.8248171937476079,0.12186002123483475
classification,two_slot_pca38_buffer_classifier_xgboost,two_slot38,XGBoost,all,43,o-buffer__p-functionalization+concentration,0.6395517969914756,403,buffer,functionalization+concentration,0.8248171937476079,0.1852653967561323
classification,two_slot_pca38_buffer_classifier_xgboost,two_slot38,XGBoost,all,43,o-buffer__p-molecular_weight+concentration,0.6697998578340341,403,buffer,molecular_weight+concentration,0.8248171937476079,0.1550173359135738
classification,two_slot_pca38_buffer_classifier_xgboost,two_slot38,XGBoost,all,43,o-buffer__p-functionalization+molecular_weight+concentration,0.6656728519674274,403,buffer,functionalization+molecular_weight+concentration,0.8248171937476079,0.15914434178018044
classification,two_slot_pca38_buffer_classifier_xgboost,two_slot38,XGBoost,all,43,o-additive+salt__p-empty,0.4703846381991671,403,additive+salt,empty,0.8248171937476079,0.3544325555484408
classification,two_slot_pca38_buffer_classifier_xgboost,two_slot38,XGBoost,all,43,o-additive+salt__p-functionalization,0.37934604806853217,403,additive+salt,functionalization,0.8248171937476079,0.4454711456790757
classification,two_slot_pca38_buffer_classifier_xgboost,two_slot38,XGBoost,all,43,o-additive+salt__p-molecular_weight,0.3638520055028836,403,additive+salt,molecular_weight,0.8248171937476079,0.46096518824472427
classification,two_slot_pca38_buffer_classifier_xgboost,two_slot38,XGBoost,all,43,o-additive+salt__p-concentration,0.3350205563097836,403,additive+salt,concentration,0.8248171937476079,0.48979663743782426
classification,two_slot_pca38_buffer_classifier_xgboost,two_slot38,XGBoost,all,43,o-additive+salt__p-functionalization+molecular_weight,0.3734260979912081,403,additive+salt,functionalization+molecular_weight,0.8248171937476079,0.4513910957563998
classification,two_slot_pca38_buffer_classifier_xgboost,two_slot38,XGBoost,all,43,o-additive+salt__p-functionalization+concentration,0.34890371644535223,403,additive+salt,functionalization+concentration,0.8248171937476079,0.47591347730225564
classification,two_slot_pca38_buffer_classifier_xgboost,two_slot38,XGBoost,all,43,o-additive+salt__p-molecular_weight+concentration,0.32745152200945643,403,additive+salt,molecular_weight+concentration,0.8248171937476079,0.49736567173815144
classification,two_slot_pca38_buffer_classifier_xgboost,two_slot38,XGBoost,all,43,o-additive+salt__p-functionalization+molecular_weight+concentration,0.3260947638687279,403,additive+salt,functionalization+molecular_weight+concentration,0.8248171937476079,0.49872242987888
classification,two_slot_pca38_buffer_classifier_xgboost,two_slot38,XGBoost,all,43,o-additive+buffer__p-empty,0.5266400704253716,403,additive+buffer,empty,0.8248171937476079,0.2981771233222362
classification,two_slot_pca38_buffer_classifier_xgboost,two_slot38,XGBoost,all,43,o-additive+buffer__p-functionalization,0.38892606600167606,403,additive+buffer,functionalization,0.8248171937476079,0.4358911277459318
classification,two_slot_pca38_buffer_classifier_xgboost,two_slot38,XGBoost,all,43,o-additive+buffer__p-molecular_weight,0.42413662342170927,403,additive+buffer,molecular_weight,0.8248171937476079,0.4006805703258986
classification,two_slot_pca38_buffer_classifier_xgboost,two_slot38,XGBoost,all,43,o-additive+buffer__p-concentration,0.3480524883216372,403,additive+buffer,concentration,0.8248171937476079,0.47676470542597066
classification,two_slot_pca38_buffer_classifier_xgboost,two_slot38,XGBoost,all,43,o-additive+buffer__p-functionalization+molecular_weight,0.40187200330883477,403,additive+buffer,functionalization+molecular_weight,0.8248171937476079,0.4229451904387731
classification,two_slot_pca38_buffer_classifier_xgboost,two_slot38,XGBoost,all,43,o-additive+buffer__p-functionalization+concentration,0.3312984696562214,403,additive+buffer,functionalization+concentration,0.8248171937476079,0.4935187240913865
classification,two_slot_pca38_buffer_classifier_xgboost,two_slot38,XGBoost,all,43,o-additive+buffer__p-molecular_weight+concentration,0.3473621191366278,403,additive+buffer,molecular_weight+concentration,0.8248171937476079,0.4774550746109801
classification,two_slot_pca38_buffer_classifier_xgboost,two_slot38,XGBoost,all,43,o-additive+buffer__p-functionalization+molecular_weight+concentration,0.32181701502334387,403,additive+buffer,functionalization+molecular_weight+concentration,0.8248171937476079,0.503000178724264
classification,two_slot_pca38_buffer_classifier_xgboost,two_slot38,XGBoost,all,43,o-salt+buffer__p-empty,0.7926853623036122,403,salt+buffer,empty,0.8248171937476079,0.03213183144399567
classification,two_slot_pca38_buffer_classifier_xgboost,two_slot38,XGBoost,all,43,o-salt+buffer__p-functionalization,0.7079309252524311,403,salt+buffer,functionalization,0.8248171937476079,0.1168862684951768
classification,two_slot_pca38_buffer_classifier_xgboost,two_slot38,XGBoost,all,43,o-salt+buffer__p-molecular_weight,0.7245307486003568,403,salt+buffer,molecular_weight,0.8248171937476079,0.10028644514725105
classification,two_slot_pca38_buffer_classifier_xgboost,two_slot38,XGBoost,all,43,o-salt+buffer__p-concentration,0.6736932209755172,403,salt+buffer,concentration,0.8248171937476079,0.15112397277209066
classification,two_slot_pca38_buffer_classifier_xgboost,two_slot38,XGBoost,all,43,o-salt+buffer__p-functionalization+molecular_weight,0.7187719430882622,403,salt+buffer,functionalization+molecular_weight,0.8248171937476079,0.10604525065934567
classification,two_slot_pca38_buffer_classifier_xgboost,two_slot38,XGBoost,all,43,o-salt+buffer__p-functionalization+concentration,0.6773261957413196,403,salt+buffer,functionalization+concentration,0.8248171937476079,0.1474909980062883
classification,two_slot_pca38_buffer_classifier_xgboost,two_slot38,XGBoost,all,43,o-salt+buffer__p-molecular_weight+concentration,0.6872955648881143,403,salt+buffer,molecular_weight+concentration,0.8248171937476079,0.1375216288594936
classification,two_slot_pca38_buffer_classifier_xgboost,two_slot38,XGBoost,all,43,o-salt+buffer__p-functionalization+molecular_weight+concentration,0.6879681648301328,403,salt+buffer,functionalization+molecular_weight+concentration,0.8248171937476079,0.13684902891747508
classification,two_slot_pca38_buffer_classifier_xgboost,two_slot38,XGBoost,all,43,o-additive+salt+buffer__p-empty,0.4717771723652429,403,additive+salt+buffer,empty,0.8248171937476079,0.35304002138236495
classification,two_slot_pca38_buffer_classifier_xgboost,two_slot38,XGBoost,all,43,o-additive+salt+buffer__p-functionalization,0.3513265441249814,403,additive+salt+buffer,functionalization,0.8248171937476079,0.4734906496226265
classification,two_slot_pca38_buffer_classifier_xgboost,two_slot38,XGBoost,all,43,o-additive+salt+buffer__p-molecular_weight,0.3363066478954467,403,additive+salt+buffer,molecular_weight,0.8248171937476079,0.4885105458521612
classification,two_slot_pca38_buffer_classifier_xgboost,two_slot38,XGBoost,all,43,o-additive+salt+buffer__p-concentration,0.294685015290866,403,additive+salt+buffer,concentration,0.8248171937476079,0.5301321784567419
classification,two_slot_pca38_buffer_classifier_xgboost,two_slot38,XGBoost,all,43,o-additive+salt+buffer__p-functionalization+molecular_weight,0.3458121653689089,403,additive+salt+buffer,functionalization+molecular_weight,0.8248171937476079,0.47900502837869896
classification,two_slot_pca38_buffer_classifier_xgboost,two_slot38,XGBoost,all,43,o-additive+salt+buffer__p-functionalization+concentration,0.30695915402097057,403,additive+salt+buffer,functionalization+concentration,0.8248171937476079,0.5178580397266372
classification,two_slot_pca38_buffer_classifier_xgboost,two_slot38,XGBoost,all,43,o-additive+salt+buffer__p-molecular_weight+concentration,0.2894611299185536,403,additive+salt+buffer,molecular_weight+concentration,0.8248171937476079,0.5353560638290542
classification,two_slot_pca38_buffer_classifier_xgboost,two_slot38,XGBoost,all,43,o-additive+salt+buffer__p-functionalization+molecular_weight+concentration,0.28693411106132416,403,additive+salt+buffer,functionalization+molecular_weight+concentration,0.8248171937476079,0.5378830826862837
classification,two_slot_pca38_buffer_classifier_xgboost,two_slot38,XGBoost,all,44,o-empty__p-empty,0.8248609513924037,403,empty,empty,0.8248609513924037,0.0
classification,two_slot_pca38_buffer_classifier_xgboost,two_slot38,XGBoost,all,44,o-empty__p-functionalization,0.7209011334039175,403,empty,functionalization,0.8248609513924037,0.10395981798848619
classification,two_slot_pca38_buffer_classifier_xgboost,two_slot38,XGBoost,all,44,o-empty__p-molecular_weight,0.7349143855678046,403,empty,molecular_weight,0.8248609513924037,0.08994656582459903
classification,two_slot_pca38_buffer_classifier_xgboost,two_slot38,XGBoost,all,44,o-empty__p-concentration,0.686200719838004,403,empty,concentration,0.8248609513924037,0.13866023155439966
classification,two_slot_pca38_buffer_classifier_xgboost,two_slot38,XGBoost,all,44,o-empty__p-functionalization+molecular_weight,0.7191831774146439,403,empty,functionalization+molecular_weight,0.8248609513924037,0.10567777397775979
classification,two_slot_pca38_buffer_classifier_xgboost,two_slot38,XGBoost,all,44,o-empty__p-functionalization+concentration,0.6870832664513502,403,empty,functionalization+concentration,0.8248609513924037,0.13777768494105347
classification,two_slot_pca38_buffer_classifier_xgboost,two_slot38,XGBoost,all,44,o-empty__p-molecular_weight+concentration,0.693908331270967,403,empty,molecular_weight+concentration,0.8248609513924037,0.1309526201214367
classification,two_slot_pca38_buffer_classifier_xgboost,two_slot38,XGBoost,all,44,o-empty__p-functionalization+molecular_weight+concentration,0.6921001784275991,403,empty,functionalization+molecular_weight+concentration,0.8248609513924037,0.1327607729648046
classification,two_slot_pca38_buffer_classifier_xgboost,two_slot38,XGBoost,all,44,o-additive__p-empty,0.5388577180056447,403,additive,empty,0.8248609513924037,0.2860032333867589
classification,two_slot_pca38_buffer_classifier_xgboost,two_slot38,XGBoost,all,44,o-additive__p-functionalization,0.45085698215578546,403,additive,functionalization,0.8248609513924037,0.3740039692366182
classification,two_slot_pca38_buffer_classifier_xgboost,two_slot38,XGBoost,all,44,o-additive__p-molecular_weight,0.4785764881809005,403,additive,molecular_weight,0.8248609513924037,0.3462844632115032
classification,two_slot_pca38_buffer_classifier_xgboost,two_slot38,XGBoost,all,44,o-additive__p-concentration,0.4196050129821566,403,additive,concentration,0.8248609513924037,0.4052559384102471
classification,two_slot_pca38_buffer_classifier_xgboost,two_slot38,XGBoost,all,44,o-additive__p-functionalization+molecular_weight,0.4525825401032353,403,additive,functionalization+molecular_weight,0.8248609513924037,0.3722784112891684
classification,two_slot_pca38_buffer_classifier_xgboost,two_slot38,XGBoost,all,44,o-additive__p-functionalization+concentration,0.4176829560607384,403,additive,functionalization+concentration,0.8248609513924037,0.40717799533166527
classification,two_slot_pca38_buffer_classifier_xgboost,two_slot38,XGBoost,all,44,o-additive__p-molecular_weight+concentration,0.4210266115081069,403,additive,molecular_weight+concentration,0.8248609513924037,0.4038343398842968
classification,two_slot_pca38_buffer_classifier_xgboost,two_slot38,XGBoost,all,44,o-additive__p-functionalization+molecular_weight+concentration,0.3971474176240915,403,additive,functionalization+molecular_weight+concentration,0.8248609513924037,0.42771353376831217
classification,two_slot_pca38_buffer_classifier_xgboost,two_slot38,XGBoost,all,44,o-salt__p-empty,0.7906171309888688,403,salt,empty,0.8248609513924037,0.03424382040353491
classification,two_slot_pca38_buffer_classifier_xgboost,two_slot38,XGBoost,all,44,o-salt__p-functionalization,0.715606109382943,403,salt,functionalization,0.8248609513924037,0.10925484200946067
classification,two_slot_pca38_buffer_classifier_xgboost,two_slot38,XGBoost,all,44,o-salt__p-molecular_weight,0.7251700217786213,403,salt,molecular_weight,0.8248609513924037,0.09969092961378234
classification,two_slot_pca38_buffer_classifier_xgboost,two_slot38,XGBoost,all,44,o-salt__p-concentration,0.6762130284987256,403,salt,concentration,0.8248609513924037,0.14864792289367812
classification,two_slot_pca38_buffer_classifier_xgboost,two_slot38,XGBoost,all,44,o-salt__p-functionalization+molecular_weight,0.7187109892342682,403,salt,functionalization+molecular_weight,0.8248609513924037,0.10614996215813544
classification,two_slot_pca38_buffer_classifier_xgboost,two_slot38,XGBoost,all,44,o-salt__p-functionalization+concentration,0.6767920790885933,403,salt,functionalization+concentration,0.8248609513924037,0.14806887230381038
classification,two_slot_pca38_buffer_classifier_xgboost,two_slot38,XGBoost,all,44,o-salt__p-molecular_weight+concentration,0.6848769412197349,403,salt,molecular_weight+concentration,0.8248609513924037,0.13998401017266882
classification,two_slot_pca38_buffer_classifier_xgboost,two_slot38,XGBoost,all,44,o-salt__p-functionalization+molecular_weight+concentration,0.6819636962365259,403,salt,functionalization+molecular_weight+concentration,0.8248609513924037,0.1428972551558778
classification,two_slot_pca38_buffer_classifier_xgboost,two_slot38,XGBoost,all,44,o-buffer__p-empty,0.820552407593433,403,buffer,empty,0.8248609513924037,0.004308543798970721
classification,two_slot_pca38_buffer_classifier_xgboost,two_slot38,XGBoost,all,44,o-buffer__p-functionalization,0.7148342439928547,403,buffer,functionalization,0.8248609513924037,0.110026707399549
classification,two_slot_pca38_buffer_classifier_xgboost,two_slot38,XGBoost,all,44,o-buffer__p-molecular_weight,0.7285983813149292,403,buffer,molecular_weight,0.8248609513924037,0.09626257007747452
classification,two_slot_pca38_buffer_classifier_xgboost,two_slot38,XGBoost,all,44,o-buffer__p-concentration,0.6828145221228755,403,buffer,concentration,0.8248609513924037,0.14204642926952815
classification,two_slot_pca38_buffer_classifier_xgboost,two_slot38,XGBoost,all,44,o-buffer__p-functionalization+molecular_weight,0.6977720349694244,403,buffer,functionalization+molecular_weight,0.8248609513924037,0.12708891642297926
classification,two_slot_pca38_buffer_classifier_xgboost,two_slot38,XGBoost,all,44,o-buffer__p-functionalization+concentration,0.6533178217020196,403,buffer,functionalization+concentration,0.8248609513924037,0.1715431296903841
classification,two_slot_pca38_buffer_classifier_xgboost,two_slot38,XGBoost,all,44,o-buffer__p-molecular_weight+concentration,0.6754246219867158,403,buffer,molecular_weight+concentration,0.8248609513924037,0.14943632940568785
classification,two_slot_pca38_buffer_classifier_xgboost,two_slot38,XGBoost,all,44,o-buffer__p-functionalization+molecular_weight+concentration,0.6695423257415563,403,buffer,functionalization+molecular_weight+concentration,0.8248609513924037,0.15531862565084742
classification,two_slot_pca38_buffer_classifier_xgboost,two_slot38,XGBoost,all,44,o-additive+salt__p-empty,0.4842608171823644,403,additive+salt,empty,0.8248609513924037,0.34060013421003926
classification,two_slot_pca38_buffer_classifier_xgboost,two_slot38,XGBoost,all,44,o-additive+salt__p-functionalization,0.39422791326798173,403,additive+salt,functionalization,0.8248609513924037,0.43063303812442194
classification,two_slot_pca38_buffer_classifier_xgboost,two_slot38,XGBoost,all,44,o-additive+salt__p-molecular_weight,0.3861611059860305,403,additive+salt,molecular_weight,0.8248609513924037,0.4386998454063732
classification,two_slot_pca38_buffer_classifier_xgboost,two_slot38,XGBoost,all,44,o-additive+salt__p-concentration,0.35918579679444756,403,additive+salt,concentration,0.8248609513924037,0.4656751545979561
classification,two_slot_pca38_buffer_classifier_xgboost,two_slot38,XGBoost,all,44,o-additive+salt__p-functionalization+molecular_weight,0.3861902119240393,403,additive+salt,functionalization+molecular_weight,0.8248609513924037,0.4386707394683644
classification,two_slot_pca38_buffer_classifier_xgboost,two_slot38,XGBoost,all,44,o-additive+salt__p-functionalization+concentration,0.3683780559542376,403,additive+salt,functionalization+concentration,0.8248609513924037,0.45648289543816606
classification,two_slot_pca38_buffer_classifier_xgboost,two_slot38,XGBoost,all,44,o-additive+salt__p-molecular_weight+concentration,0.35313745529619023,403,additive+salt,molecular_weight+concentration,0.8248609513924037,0.47172349609621345
classification,two_slot_pca38_buffer_classifier_xgboost,two_slot38,XGBoost,all,44,o-additive+salt__p-functionalization+molecular_weight+concentration,0.3476198394085208,403,additive+salt,functionalization+molecular_weight+concentration,0.8248609513924037,0.47724111198388286
classification,two_slot_pca38_buffer_classifier_xgboost,two_slot38,XGBoost,all,44,o-additive+buffer__p-empty,0.5360976036535567,403,additive+buffer,empty,0.8248609513924037,0.28876334773884693
classification,two_slot_pca38_buffer_classifier_xgboost,two_slot38,XGBoost,all,44,o-additive+buffer__p-functionalization,0.40697958192225686,403,additive+buffer,functionalization,0.8248609513924037,0.4178813694701468
classification,two_slot_pca38_buffer_classifier_xgboost,two_slot38,XGBoost,all,44,o-additive+buffer__p-molecular_weight,0.43779755654933905,403,additive+buffer,molecular_weight,0.8248609513924037,0.3870633948430646
classification,two_slot_pca38_buffer_classifier_xgboost,two_slot38,XGBoost,all,44,o-additive+buffer__p-concentration,0.3783189067869743,403,additive+buffer,concentration,0.8248609513924037,0.4465420446054294
classification,two_slot_pca38_buffer_classifier_xgboost,two_slot38,XGBoost,all,44,o-additive+buffer__p-functionalization+molecular_weight,0.408934233341448,403,additive+buffer,functionalization+molecular_weight,0.8248609513924037,0.41592671805095566
classification,two_slot_pca38_buffer_classifier_xgboost,two_slot38,XGBoost,all,44,o-additive+buffer__p-functionalization+concentration,0.3670039587930242,403,additive+buffer,functionalization+concentration,0.8248609513924037,0.45785699259937945
classification,two_slot_pca38_buffer_classifier_xgboost,two_slot38,XGBoost,all,44,o-additive+buffer__p-molecular_weight+concentration,0.3767446697996182,403,additive+buffer,molecular_weight+concentration,0.8248609513924037,0.4481162815927855
classification,two_slot_pca38_buffer_classifier_xgboost,two_slot38,XGBoost,all,44,o-additive+buffer__p-functionalization+molecular_weight+concentration,0.3494084037473774,403,additive+buffer,functionalization+molecular_weight+concentration,0.8248609513924037,0.47545254764502626
classification,two_slot_pca38_buffer_classifier_xgboost,two_slot38,XGBoost,all,44,o-salt+buffer__p-empty,0.7866103672664537,403,salt+buffer,empty,0.8248609513924037,0.03825058412594995
classification,two_slot_pca38_buffer_classifier_xgboost,two_slot38,XGBoost,all,44,o-salt+buffer__p-functionalization,0.6957995737253208,403,salt+buffer,functionalization,0.8248609513924037,0.12906137766708292
classification,two_slot_pca38_buffer_classifier_xgboost,two_slot38,XGBoost,all,44,o-salt+buffer__p-molecular_weight,0.7050622340147585,403,salt+buffer,molecular_weight,0.8248609513924037,0.11979871737764514
classification,two_slot_pca38_buffer_classifier_xgboost,two_slot38,XGBoost,all,44,o-salt+buffer__p-concentration,0.6595010004495352,403,salt+buffer,concentration,0.8248609513924037,0.16535995094286848
classification,two_slot_pca38_buffer_classifier_xgboost,two_slot38,XGBoost,all,44,o-salt+buffer__p-functionalization+molecular_weight,0.7021672194890289,403,salt+buffer,functionalization+molecular_weight,0.8248609513924037,0.12269373190337474
classification,two_slot_pca38_buffer_classifier_xgboost,two_slot38,XGBoost,all,44,o-salt+buffer__p-functionalization+concentration,0.6625081651358519,403,salt+buffer,functionalization+concentration,0.8248609513924037,0.1623527862565518
classification,two_slot_pca38_buffer_classifier_xgboost,two_slot38,XGBoost,all,44,o-salt+buffer__p-molecular_weight+concentration,0.671773418472598,403,salt+buffer,molecular_weight+concentration,0.8248609513924037,0.1530875329198057
classification,two_slot_pca38_buffer_classifier_xgboost,two_slot38,XGBoost,all,44,o-salt+buffer__p-functionalization+molecular_weight+concentration,0.6689092020622461,403,salt+buffer,functionalization+molecular_weight+concentration,0.8248609513924037,0.15595174933015754
classification,two_slot_pca38_buffer_classifier_xgboost,two_slot38,XGBoost,all,44,o-additive+salt+buffer__p-empty,0.48182596400100974,403,additive+salt+buffer,empty,0.8248609513924037,0.34303498739139393
classification,two_slot_pca38_buffer_classifier_xgboost,two_slot38,XGBoost,all,44,o-additive+salt+buffer__p-functionalization,0.3629434659453053,403,additive+salt+buffer,functionalization,0.8248609513924037,0.4619174854470984
classification,two_slot_pca38_buffer_classifier_xgboost,two_slot38,XGBoost,all,44,o-additive+salt+buffer__p-molecular_weight,0.3579443811623133,403,additive+salt+buffer,molecular_weight,0.8248609513924037,0.46691657023009037
classification,two_slot_pca38_buffer_classifier_xgboost,two_slot38,XGBoost,all,44,o-additive+salt+buffer__p-concentration,0.32395943853188564,403,additive+salt+buffer,concentration,0.8248609513924037,0.5009015128605181
classification,two_slot_pca38_buffer_classifier_xgboost,two_slot38,XGBoost,all,44,o-additive+salt+buffer__p-functionalization+molecular_weight,0.3551787247837832,403,additive+salt+buffer,functionalization+molecular_weight,0.8248609513924037,0.46968222660862047
classification,two_slot_pca38_buffer_classifier_xgboost,two_slot38,XGBoost,all,44,o-additive+salt+buffer__p-functionalization+concentration,0.331740652117485,403,additive+salt+buffer,functionalization+concentration,0.8248609513924037,0.4931202992749187
classification,two_slot_pca38_buffer_classifier_xgboost,two_slot38,XGBoost,all,44,o-additive+salt+buffer__p-molecular_weight+concentration,0.31862579427470067,403,additive+salt+buffer,molecular_weight+concentration,0.8248609513924037,0.5062351571177031
classification,two_slot_pca38_buffer_classifier_xgboost,two_slot38,XGBoost,all,44,o-additive+salt+buffer__p-functionalization+molecular_weight+concentration,0.30976547718712083,403,additive+salt+buffer,functionalization+molecular_weight+concentration,0.8248609513924037,0.5150954742052829
classification,two_slot_pca38_buffer_classifier_xgboost,two_slot38,XGBoost,all,45,o-empty__p-empty,0.8248367368495156,403,empty,empty,0.8248367368495156,0.0
classification,two_slot_pca38_buffer_classifier_xgboost,two_slot38,XGBoost,all,45,o-empty__p-functionalization,0.7113625868155042,403,empty,functionalization,0.8248367368495156,0.1134741500340114
classification,two_slot_pca38_buffer_classifier_xgboost,two_slot38,XGBoost,all,45,o-empty__p-molecular_weight,0.734412422310019,403,empty,molecular_weight,0.8248367368495156,0.09042431453949662
classification,two_slot_pca38_buffer_classifier_xgboost,two_slot38,XGBoost,all,45,o-empty__p-concentration,0.6650559215278122,403,empty,concentration,0.8248367368495156,0.1597808153217034
classification,two_slot_pca38_buffer_classifier_xgboost,two_slot38,XGBoost,all,45,o-empty__p-functionalization+molecular_weight,0.7143932270878883,403,empty,functionalization+molecular_weight,0.8248367368495156,0.11044350976162731
classification,two_slot_pca38_buffer_classifier_xgboost,two_slot38,XGBoost,all,45,o-empty__p-functionalization+concentration,0.6621151552799543,403,empty,functionalization+concentration,0.8248367368495156,0.1627215815695613
classification,two_slot_pca38_buffer_classifier_xgboost,two_slot38,XGBoost,all,45,o-empty__p-molecular_weight+concentration,0.6742746378494991,403,empty,molecular_weight+concentration,0.8248367368495156,0.1505620990000165
classification,two_slot_pca38_buffer_classifier_xgboost,two_slot38,XGBoost,all,45,o-empty__p-functionalization+molecular_weight+concentration,0.6700871941543476,403,empty,functionalization+molecular_weight+concentration,0.8248367368495156,0.15474954269516805
classification,two_slot_pca38_buffer_classifier_xgboost,two_slot38,XGBoost,all,45,o-additive__p-empty,0.533208624440057,403,additive,empty,0.8248367368495156,0.29162811240945863
classification,two_slot_pca38_buffer_classifier_xgboost,two_slot38,XGBoost,all,45,o-additive__p-functionalization,0.4175449262700905,403,additive,functionalization,0.8248367368495156,0.40729181057942515
classification,two_slot_pca38_buffer_classifier_xgboost,two_slot38,XGBoost,all,45,o-additive__p-molecular_weight,0.45716612176204385,403,additive,molecular_weight,0.8248367368495156,0.3676706150874718
classification,two_slot_pca38_buffer_classifier_xgboost,two_slot38,XGBoost,all,45,o-additive__p-concentration,0.3977180156961515,403,additive,concentration,0.8248367368495156,0.42711872115336413
classification,two_slot_pca38_buffer_classifier_xgboost,two_slot38,XGBoost,all,45,o-additive__p-functionalization+molecular_weight,0.42755796719266903,403,additive,functionalization+molecular_weight,0.8248367368495156,0.3972787696568466
classification,two_slot_pca38_buffer_classifier_xgboost,two_slot38,XGBoost,all,45,o-additive__p-functionalization+concentration,0.375042559999579,403,additive,functionalization+concentration,0.8248367368495156,0.44979417684993667
classification,two_slot_pca38_buffer_classifier_xgboost,two_slot38,XGBoost,all,45,o-additive__p-molecular_weight+concentration,0.38828928220969233,403,additive,molecular_weight+concentration,0.8248367368495156,0.4365474546398233
classification,two_slot_pca38_buffer_classifier_xgboost,two_slot38,XGBoost,all,45,o-additive__p-functionalization+molecular_weight+concentration,0.3608941770939498,403,additive,functionalization+molecular_weight+concentration,0.8248367368495156,0.46394255975556586
classification,two_slot_pca38_buffer_classifier_xgboost,two_slot38,XGBoost,all,45,o-salt__p-empty,0.7937530283070575,403,salt,empty,0.8248367368495156,0.03108370854245812
classification,two_slot_pca38_buffer_classifier_xgboost,two_slot38,XGBoost,all,45,o-salt__p-functionalization,0.7064481799727607,403,salt,functionalization,0.8248367368495156,0.11838855687675498
classification,two_slot_pca38_buffer_classifier_xgboost,two_slot38,XGBoost,all,45,o-salt__p-molecular_weight,0.7221858178664936,403,salt,molecular_weight,0.8248367368495156,0.10265091898302203
classification,two_slot_pca38_buffer_classifier_xgboost,two_slot38,XGBoost,all,45,o-salt__p-concentration,0.670701750990955,403,salt,concentration,0.8248367368495156,0.15413498585856067
classification,two_slot_pca38_buffer_classifier_xgboost,two_slot38,XGBoost,all,45,o-salt__p-functionalization+molecular_weight,0.7140889085940935,403,salt,functionalization+molecular_weight,0.8248367368495156,0.11074782825542218
classification,two_slot_pca38_buffer_classifier_xgboost,two_slot38,XGBoost,all,45,o-salt__p-functionalization+concentration,0.6713943360734137,403,salt,functionalization+concentration,0.8248367368495156,0.15344240077610194
classification,two_slot_pca38_buffer_classifier_xgboost,two_slot38,XGBoost,all,45,o-salt__p-molecular_weight+concentration,0.6805127814937271,403,salt,molecular_weight+concentration,0.8248367368495156,0.14432395535578857
classification,two_slot_pca38_buffer_classifier_xgboost,two_slot38,XGBoost,all,45,o-salt__p-functionalization+molecular_weight+concentration,0.6808296388476895,403,salt,functionalization+molecular_weight+concentration,0.8248367368495156,0.1440070980018261
classification,two_slot_pca38_buffer_classifier_xgboost,two_slot38,XGBoost,all,45,o-buffer__p-empty,0.8199428635341187,403,buffer,empty,0.8248367368495156,0.004893873315396924
classification,two_slot_pca38_buffer_classifier_xgboost,two_slot38,XGBoost,all,45,o-buffer__p-functionalization,0.7060934734419522,403,buffer,functionalization,0.8248367368495156,0.11874326340756347
classification,two_slot_pca38_buffer_classifier_xgboost,two_slot38,XGBoost,all,45,o-buffer__p-molecular_weight,0.7256012892261265,403,buffer,molecular_weight,0.8248367368495156,0.0992354476233891
classification,two_slot_pca38_buffer_classifier_xgboost,two_slot38,XGBoost,all,45,o-buffer__p-concentration,0.6651308693180789,403,buffer,concentration,0.8248367368495156,0.15970586753143678
classification,two_slot_pca38_buffer_classifier_xgboost,two_slot38,XGBoost,all,45,o-buffer__p-functionalization+molecular_weight,0.6959074819974247,403,buffer,functionalization+molecular_weight,0.8248367368495156,0.12892925485209095
classification,two_slot_pca38_buffer_classifier_xgboost,two_slot38,XGBoost,all,45,o-buffer__p-functionalization+concentration,0.6316220531268589,403,buffer,functionalization+concentration,0.8248367368495156,0.1932146837226567
classification,two_slot_pca38_buffer_classifier_xgboost,two_slot38,XGBoost,all,45,o-buffer__p-molecular_weight+concentration,0.6508729228532171,403,buffer,molecular_weight+concentration,0.8248367368495156,0.17396381399629857
classification,two_slot_pca38_buffer_classifier_xgboost,two_slot38,XGBoost,all,45,o-buffer__p-functionalization+molecular_weight+concentration,0.6476037163586839,403,buffer,functionalization+molecular_weight+concentration,0.8248367368495156,0.17723302049083178
classification,two_slot_pca38_buffer_classifier_xgboost,two_slot38,XGBoost,all,45,o-additive+salt__p-empty,0.4793379371175775,403,additive+salt,empty,0.8248367368495156,0.34549879973193814
classification,two_slot_pca38_buffer_classifier_xgboost,two_slot38,XGBoost,all,45,o-additive+salt__p-functionalization,0.3610292565622627,403,additive+salt,functionalization,0.8248367368495156,0.46380748028725294
classification,two_slot_pca38_buffer_classifier_xgboost,two_slot38,XGBoost,all,45,o-additive+salt__p-molecular_weight,0.3549219798892143,403,additive+salt,molecular_weight,0.8248367368495156,0.4699147569603013
classification,two_slot_pca38_buffer_classifier_xgboost,two_slot38,XGBoost,all,45,o-additive+salt__p-concentration,0.3239621739458394,403,additive+salt,concentration,0.8248367368495156,0.5008745629036762
classification,two_slot_pca38_buffer_classifier_xgboost,two_slot38,XGBoost,all,45,o-additive+salt__p-functionalization+molecular_weight,0.3520404662261007,403,additive+salt,functionalization+molecular_weight,0.8248367368495156,0.47279627062341495
classification,two_slot_pca38_buffer_classifier_xgboost,two_slot38,XGBoost,all,45,o-additive+salt__p-functionalization+concentration,0.331430647073164,403,additive+salt,functionalization+concentration,0.8248367368495156,0.49340608977635164
classification,two_slot_pca38_buffer_classifier_xgboost,two_slot38,XGBoost,all,45,o-additive+salt__p-molecular_weight+concentration,0.32337458640513733,403,additive+salt,molecular_weight+concentration,0.8248367368495156,0.5014621504443784
classification,two_slot_pca38_buffer_classifier_xgboost,two_slot38,XGBoost,all,45,o-additive+salt__p-functionalization+molecular_weight+concentration,0.3141028245821452,403,additive+salt,functionalization+molecular_weight+concentration,0.8248367368495156,0.5107339122673704
classification,two_slot_pca38_buffer_classifier_xgboost,two_slot38,XGBoost,all,45,o-additive+buffer__p-empty,0.5306660357526763,403,additive+buffer,empty,0.8248367368495156,0.2941707010968393
classification,two_slot_pca38_buffer_classifier_xgboost,two_slot38,XGBoost,all,45,o-additive+buffer__p-functionalization,0.3782301618837746,403,additive+buffer,functionalization,0.8248367368495156,0.446606574965741
classification,two_slot_pca38_buffer_classifier_xgboost,two_slot38,XGBoost,all,45,o-additive+buffer__p-molecular_weight,0.4213763506943487,403,additive+buffer,molecular_weight,0.8248367368495156,0.40346038615516694
classification,two_slot_pca38_buffer_classifier_xgboost,two_slot38,XGBoost,all,45,o-additive+buffer__p-concentration,0.35497866899009595,403,additive+buffer,concentration,0.8248367368495156,0.4698580678594197
classification,two_slot_pca38_buffer_classifier_xgboost,two_slot38,XGBoost,all,45,o-additive+buffer__p-functionalization+molecular_weight,0.39152026472821005,403,additive+buffer,functionalization+molecular_weight,0.8248367368495156,0.4333164721213056
classification,two_slot_pca38_buffer_classifier_xgboost,two_slot38,XGBoost,all,45,o-additive+buffer__p-functionalization+concentration,0.3264995915862771,403,additive+buffer,functionalization+concentration,0.8248367368495156,0.4983371452632385
classification,two_slot_pca38_buffer_classifier_xgboost,two_slot38,XGBoost,all,45,o-additive+buffer__p-molecular_weight+concentration,0.3443009594957126,403,additive+buffer,molecular_weight+concentration,0.8248367368495156,0.48053577735380304
classification,two_slot_pca38_buffer_classifier_xgboost,two_slot38,XGBoost,all,45,o-additive+buffer__p-functionalization+molecular_weight+concentration,0.31635452724859137,403,additive+buffer,functionalization+molecular_weight+concentration,0.8248367368495156,0.5084822096009243
classification,two_slot_pca38_buffer_classifier_xgboost,two_slot38,XGBoost,all,45,o-salt+buffer__p-empty,0.7877229033167048,403,salt+buffer,empty,0.8248367368495156,0.037113833532810836
classification,two_slot_pca38_buffer_classifier_xgboost,two_slot38,XGBoost,all,45,o-salt+buffer__p-functionalization,0.6867484297347807,403,salt+buffer,functionalization,0.8248367368495156,0.13808830711473496
classification,two_slot_pca38_buffer_classifier_xgboost,two_slot38,XGBoost,all,45,o-salt+buffer__p-molecular_weight,0.702452464065618,403,salt+buffer,molecular_weight,0.8248367368495156,0.12238427278389763
classification,two_slot_pca38_buffer_classifier_xgboost,two_slot38,XGBoost,all,45,o-salt+buffer__p-concentration,0.6551094389951406,403,salt+buffer,concentration,0.8248367368495156,0.16972729785437501
classification,two_slot_pca38_buffer_classifier_xgboost,two_slot38,XGBoost,all,45,o-salt+buffer__p-functionalization+molecular_weight,0.6989858891362352,403,salt+buffer,functionalization+molecular_weight,0.8248367368495156,0.12585084771328048
classification,two_slot_pca38_buffer_classifier_xgboost,two_slot38,XGBoost,all,45,o-salt+buffer__p-functionalization+concentration,0.6575355832565034,403,salt+buffer,functionalization+concentration,0.8248367368495156,0.16730115359301223
classification,two_slot_pca38_buffer_classifier_xgboost,two_slot38,XGBoost,all,45,o-salt+buffer__p-molecular_weight+concentration,0.6664469226822229,403,salt+buffer,molecular_weight+concentration,0.8248367368495156,0.1583898141672927
classification,two_slot_pca38_buffer_classifier_xgboost,two_slot38,XGBoost,all,45,o-salt+buffer__p-functionalization+molecular_weight+concentration,0.6656774477336347,403,salt+buffer,functionalization+molecular_weight+concentration,0.8248367368495156,0.15915928911588095
classification,two_slot_pca38_buffer_classifier_xgboost,two_slot38,XGBoost,all,45,o-additive+salt+buffer__p-empty,0.47313746159163755,403,additive+salt+buffer,empty,0.8248367368495156,0.3516992752578781
classification,two_slot_pca38_buffer_classifier_xgboost,two_slot38,XGBoost,all,45,o-additive+salt+buffer__p-functionalization,0.3330474668107444,403,additive+salt+buffer,functionalization,0.8248367368495156,0.49178927003877126
classification,two_slot_pca38_buffer_classifier_xgboost,two_slot38,XGBoost,all,45,o-additive+salt+buffer__p-molecular_weight,0.3317726298506776,403,additive+salt+buffer,molecular_weight,0.8248367368495156,0.493064106998838
classification,two_slot_pca38_buffer_classifier_xgboost,two_slot38,XGBoost,all,45,o-additive+salt+buffer__p-concentration,0.29224369298625913,403,additive+salt+buffer,concentration,0.8248367368495156,0.5325930438632565
classification,two_slot_pca38_buffer_classifier_xgboost,two_slot38,XGBoost,all,45,o-additive+salt+buffer__p-functionalization+molecular_weight,0.32887114528110406,403,additive+salt+buffer,functionalization+molecular_weight,0.8248367368495156,0.4959655915684116
classification,two_slot_pca38_buffer_classifier_xgboost,two_slot38,XGBoost,all,45,o-additive+salt+buffer__p-functionalization+concentration,0.2984000269238945,403,additive+salt+buffer,functionalization+concentration,0.8248367368495156,0.5264367099256211
classification,two_slot_pca38_buffer_classifier_xgboost,two_slot38,XGBoost,all,45,o-additive+salt+buffer__p-molecular_weight+concentration,0.2896236056814322,403,additive+salt+buffer,molecular_weight+concentration,0.8248367368495156,0.5352131311680834
classification,two_slot_pca38_buffer_classifier_xgboost,two_slot38,XGBoost,all,45,o-additive+salt+buffer__p-functionalization+molecular_weight+concentration,0.2792128498084026,403,additive+salt+buffer,functionalization+molecular_weight+concentration,0.8248367368495156,0.545623887041113
classification,two_slot_pca38_buffer_classifier_xgboost,two_slot38,XGBoost,all,46,o-empty__p-empty,0.8247608818141566,403,empty,empty,0.8247608818141566,0.0
classification,two_slot_pca38_buffer_classifier_xgboost,two_slot38,XGBoost,all,46,o-empty__p-functionalization,0.7143129643451398,403,empty,functionalization,0.8247608818141566,0.11044791746901683
classification,two_slot_pca38_buffer_classifier_xgboost,two_slot38,XGBoost,all,46,o-empty__p-molecular_weight,0.7375742849805772,403,empty,molecular_weight,0.8247608818141566,0.08718659683357943
classification,two_slot_pca38_buffer_classifier_xgboost,two_slot38,XGBoost,all,46,o-empty__p-concentration,0.6723390015263729,403,empty,concentration,0.8247608818141566,0.1524218802877837
classification,two_slot_pca38_buffer_classifier_xgboost,two_slot38,XGBoost,all,46,o-empty__p-functionalization+molecular_weight,0.7178350460416763,403,empty,functionalization+molecular_weight,0.8247608818141566,0.10692583577248038
classification,two_slot_pca38_buffer_classifier_xgboost,two_slot38,XGBoost,all,46,o-empty__p-functionalization+concentration,0.6714676985072073,403,empty,functionalization+concentration,0.8247608818141566,0.1532931833069493
classification,two_slot_pca38_buffer_classifier_xgboost,two_slot38,XGBoost,all,46,o-empty__p-molecular_weight+concentration,0.6816439457423247,403,empty,molecular_weight+concentration,0.8247608818141566,0.14311693607183196
classification,two_slot_pca38_buffer_classifier_xgboost,two_slot38,XGBoost,all,46,o-empty__p-functionalization+molecular_weight+concentration,0.6869227323765952,403,empty,functionalization+molecular_weight+concentration,0.8247608818141566,0.13783814943756145
classification,two_slot_pca38_buffer_classifier_xgboost,two_slot38,XGBoost,all,46,o-additive__p-empty,0.526078810989136,403,additive,empty,0.8247608818141566,0.29868207082502063
classification,two_slot_pca38_buffer_classifier_xgboost,two_slot38,XGBoost,all,46,o-additive__p-functionalization,0.425549180932451,403,additive,functionalization,0.8247608818141566,0.39921170088170566
classification,two_slot_pca38_buffer_classifier_xgboost,two_slot38,XGBoost,all,46,o-additive__p-molecular_weight,0.46126472010541697,403,additive,molecular_weight,0.8247608818141566,0.36349616170873966
classification,two_slot_pca38_buffer_classifier_xgboost,two_slot38,XGBoost,all,46,o-additive__p-concentration,0.3998675164860926,403,additive,concentration,0.8247608818141566,0.42489336532806404
classification,two_slot_pca38_buffer_classifier_xgboost,two_slot38,XGBoost,all,46,o-additive__p-functionalization+molecular_weight,0.4368555271976811,403,additive,functionalization+molecular_weight,0.8247608818141566,0.3879053546164755
classification,two_slot_pca38_buffer_classifier_xgboost,two_slot38,XGBoost,all,46,o-additive__p-functionalization+concentration,0.38679211834374144,403,additive,functionalization+concentration,0.8247608818141566,0.4379687634704152
classification,two_slot_pca38_buffer_classifier_xgboost,two_slot38,XGBoost,all,46,o-additive__p-molecular_weight+concentration,0.4006994131860682,403,additive,molecular_weight+concentration,0.8247608818141566,0.4240614686280884
classification,two_slot_pca38_buffer_classifier_xgboost,two_slot38,XGBoost,all,46,o-additive__p-functionalization+molecular_weight+concentration,0.3765601593557992,403,additive,functionalization+molecular_weight+concentration,0.8247608818141566,0.44820072245835746
classification,two_slot_pca38_buffer_classifier_xgboost,two_slot38,XGBoost,all,46,o-salt__p-empty,0.791250038373477,403,salt,empty,0.8247608818141566,0.03351084344067967
classification,two_slot_pca38_buffer_classifier_xgboost,two_slot38,XGBoost,all,46,o-salt__p-functionalization,0.721712107082583,403,salt,functionalization,0.8247608818141566,0.10304877473157359
classification,two_slot_pca38_buffer_classifier_xgboost,two_slot38,XGBoost,all,46,o-salt__p-molecular_weight,0.7310072120016042,403,salt,molecular_weight,0.8247608818141566,0.0937536698125524
classification,two_slot_pca38_buffer_classifier_xgboost,two_slot38,XGBoost,all,46,o-salt__p-concentration,0.6857695575509495,403,salt,concentration,0.8247608818141566,0.13899132426320715
classification,two_slot_pca38_buffer_classifier_xgboost,two_slot38,XGBoost,all,46,o-salt__p-functionalization+molecular_weight,0.723747686327527,403,salt,functionalization+molecular_weight,0.8247608818141566,0.10101319548662968
classification,two_slot_pca38_buffer_classifier_xgboost,two_slot38,XGBoost,all,46,o-salt__p-functionalization+concentration,0.6861485650016063,403,salt,functionalization+concentration,0.8247608818141566,0.13861231681255037
classification,two_slot_pca38_buffer_classifier_xgboost,two_slot38,XGBoost,all,46,o-salt__p-molecular_weight+concentration,0.6888646306930636,403,salt,molecular_weight+concentration,0.8247608818141566,0.13589625112109305
classification,two_slot_pca38_buffer_classifier_xgboost,two_slot38,XGBoost,all,46,o-salt__p-functionalization+molecular_weight+concentration,0.6862105830897177,403,salt,functionalization+molecular_weight+concentration,0.8247608818141566,0.13855029872443891
classification,two_slot_pca38_buffer_classifier_xgboost,two_slot38,XGBoost,all,46,o-buffer__p-empty,0.8213180783788747,403,buffer,empty,0.8247608818141566,0.003442803435281916
classification,two_slot_pca38_buffer_classifier_xgboost,two_slot38,XGBoost,all,46,o-buffer__p-functionalization,0.7110603174077276,403,buffer,functionalization,0.8247608818141566,0.11370056440642906
classification,two_slot_pca38_buffer_classifier_xgboost,two_slot38,XGBoost,all,46,o-buffer__p-molecular_weight,0.730829456657481,403,buffer,molecular_weight,0.8247608818141566,0.09393142515667563
classification,two_slot_pca38_buffer_classifier_xgboost,two_slot38,XGBoost,all,46,o-buffer__p-concentration,0.6713248858896261,403,buffer,concentration,0.8247608818141566,0.1534359959245305
classification,two_slot_pca38_buffer_classifier_xgboost,two_slot38,XGBoost,all,46,o-buffer__p-functionalization+molecular_weight,0.7014583755657637,403,buffer,functionalization+molecular_weight,0.8247608818141566,0.1233025062483929
classification,two_slot_pca38_buffer_classifier_xgboost,two_slot38,XGBoost,all,46,o-buffer__p-functionalization+concentration,0.6464558937233404,403,buffer,functionalization+concentration,0.8247608818141566,0.17830498809081619
classification,two_slot_pca38_buffer_classifier_xgboost,two_slot38,XGBoost,all,46,o-buffer__p-molecular_weight+concentration,0.6629290212493761,403,buffer,molecular_weight+concentration,0.8247608818141566,0.1618318605647805
classification,two_slot_pca38_buffer_classifier_xgboost,two_slot38,XGBoost,all,46,o-buffer__p-functionalization+molecular_weight+concentration,0.6620714863704,403,buffer,functionalization+molecular_weight+concentration,0.8247608818141566,0.1626893954437566
classification,two_slot_pca38_buffer_classifier_xgboost,two_slot38,XGBoost,all,46,o-additive+salt__p-empty,0.4712066471447967,403,additive+salt,empty,0.8247608818141566,0.3535542346693599
classification,two_slot_pca38_buffer_classifier_xgboost,two_slot38,XGBoost,all,46,o-additive+salt__p-functionalization,0.36007085632614627,403,additive+salt,functionalization,0.8247608818141566,0.46469002548801036
classification,two_slot_pca38_buffer_classifier_xgboost,two_slot38,XGBoost,all,46,o-additive+salt__p-molecular_weight,0.3690454209676651,403,additive+salt,molecular_weight,0.8247608818141566,0.4557154608464915
classification,two_slot_pca38_buffer_classifier_xgboost,two_slot38,XGBoost,all,46,o-additive+salt__p-concentration,0.33209985180250146,403,additive+salt,concentration,0.8247608818141566,0.4926610300116552
classification,two_slot_pca38_buffer_classifier_xgboost,two_slot38,XGBoost,all,46,o-additive+salt__p-functionalization+molecular_weight,0.3625859494789929,403,additive+salt,functionalization+molecular_weight,0.8247608818141566,0.4621749323351637
classification,two_slot_pca38_buffer_classifier_xgboost,two_slot38,XGBoost,all,46,o-additive+salt__p-functionalization+concentration,0.3368930296991659,403,additive+salt,functionalization+concentration,0.8247608818141566,0.48786785211499073
classification,two_slot_pca38_buffer_classifier_xgboost,two_slot38,XGBoost,all,46,o-additive+salt__p-molecular_weight+concentration,0.3309872654257408,403,additive+salt,molecular_weight+concentration,0.8247608818141566,0.4937736163884158
classification,two_slot_pca38_buffer_classifier_xgboost,two_slot38,XGBoost,all,46,o-additive+salt__p-functionalization+molecular_weight+concentration,0.32013436944206614,403,additive+salt,functionalization+molecular_weight+concentration,0.8247608818141566,0.5046265123720906
classification,two_slot_pca38_buffer_classifier_xgboost,two_slot38,XGBoost,all,46,o-additive+buffer__p-empty,0.5266889493719623,403,additive+buffer,empty,0.8247608818141566,0.2980719324421943
classification,two_slot_pca38_buffer_classifier_xgboost,two_slot38,XGBoost,all,46,o-additive+buffer__p-functionalization,0.37868478351401913,403,additive+buffer,functionalization,0.8247608818141566,0.4460760983001375
classification,two_slot_pca38_buffer_classifier_xgboost,two_slot38,XGBoost,all,46,o-additive+buffer__p-molecular_weight,0.4219140226736253,403,additive+buffer,molecular_weight,0.8247608818141566,0.4028468591405313
classification,two_slot_pca38_buffer_classifier_xgboost,two_slot38,XGBoost,all,46,o-additive+buffer__p-concentration,0.3510291650647105,403,additive+buffer,concentration,0.8247608818141566,0.47373171674944614
classification,two_slot_pca38_buffer_classifier_xgboost,two_slot38,XGBoost,all,46,o-additive+buffer__p-functionalization+molecular_weight,0.39344799383622103,403,additive+buffer,functionalization+molecular_weight,0.8247608818141566,0.4313128879779356
classification,two_slot_pca38_buffer_classifier_xgboost,two_slot38,XGBoost,all,46,o-additive+buffer__p-functionalization+concentration,0.3294183546614318,403,additive+buffer,functionalization+concentration,0.8247608818141566,0.4953425271527248
classification,two_slot_pca38_buffer_classifier_xgboost,two_slot38,XGBoost,all,46,o-additive+buffer__p-molecular_weight+concentration,0.3497346796279203,403,additive+buffer,molecular_weight+concentration,0.8247608818141566,0.4750262021862363
classification,two_slot_pca38_buffer_classifier_xgboost,two_slot38,XGBoost,all,46,o-additive+buffer__p-functionalization+molecular_weight+concentration,0.3178017821030605,403,additive+buffer,functionalization+molecular_weight+concentration,0.8247608818141566,0.5069590997110962
classification,two_slot_pca38_buffer_classifier_xgboost,two_slot38,XGBoost,all,46,o-salt+buffer__p-empty,0.7856476300769989,403,salt+buffer,empty,0.8247608818141566,0.03911325173715774
classification,two_slot_pca38_buffer_classifier_xgboost,two_slot38,XGBoost,all,46,o-salt+buffer__p-functionalization,0.6992520464467524,403,salt+buffer,functionalization,0.8247608818141566,0.1255088353674042
classification,two_slot_pca38_buffer_classifier_xgboost,two_slot38,XGBoost,all,46,o-salt+buffer__p-molecular_weight,0.7092374056370004,403,salt+buffer,molecular_weight,0.8247608818141566,0.11552347617715619
classification,two_slot_pca38_buffer_classifier_xgboost,two_slot38,XGBoost,all,46,o-salt+buffer__p-concentration,0.6695789329040356,403,salt+buffer,concentration,0.8247608818141566,0.15518194891012105
classification,two_slot_pca38_buffer_classifier_xgboost,two_slot38,XGBoost,all,46,o-salt+buffer__p-functionalization+molecular_weight,0.7069876141548641,403,salt+buffer,functionalization+molecular_weight,0.8247608818141566,0.11777326765929252
classification,two_slot_pca38_buffer_classifier_xgboost,two_slot38,XGBoost,all,46,o-salt+buffer__p-functionalization+concentration,0.6701350689025797,403,salt+buffer,functionalization+concentration,0.8247608818141566,0.15462581291157695
classification,two_slot_pca38_buffer_classifier_xgboost,two_slot38,XGBoost,all,46,o-salt+buffer__p-molecular_weight+concentration,0.6738835327721262,403,salt+buffer,molecular_weight+concentration,0.8247608818141566,0.15087734904203043
classification,two_slot_pca38_buffer_classifier_xgboost,two_slot38,XGBoost,all,46,o-salt+buffer__p-functionalization+molecular_weight+concentration,0.6709157868362476,403,salt+buffer,functionalization+molecular_weight+concentration,0.8247608818141566,0.153845094977909
classification,two_slot_pca38_buffer_classifier_xgboost,two_slot38,XGBoost,all,46,o-additive+salt+buffer__p-empty,0.46848346259907914,403,additive+salt+buffer,empty,0.8247608818141566,0.3562774192150775
classification,two_slot_pca38_buffer_classifier_xgboost,two_slot38,XGBoost,all,46,o-additive+salt+buffer__p-functionalization,0.32698812451533926,403,additive+salt+buffer,functionalization,0.8247608818141566,0.49777275729881737
classification,two_slot_pca38_buffer_classifier_xgboost,two_slot38,XGBoost,all,46,o-additive+salt+buffer__p-molecular_weight,0.3389907394982935,403,additive+salt+buffer,molecular_weight,0.8247608818141566,0.48577014231586313
classification,two_slot_pca38_buffer_classifier_xgboost,two_slot38,XGBoost,all,46,o-additive+salt+buffer__p-concentration,0.293852997831108,403,additive+salt+buffer,concentration,0.8247608818141566,0.5309078839830486
classification,two_slot_pca38_buffer_classifier_xgboost,two_slot38,XGBoost,all,46,o-additive+salt+buffer__p-functionalization+molecular_weight,0.3330613453467594,403,additive+salt+buffer,functionalization+molecular_weight,0.8247608818141566,0.4916995364673972
classification,two_slot_pca38_buffer_classifier_xgboost,two_slot38,XGBoost,all,46,o-additive+salt+buffer__p-functionalization+concentration,0.2949820511236862,403,additive+salt+buffer,functionalization+concentration,0.8247608818141566,0.5297788306904705
classification,two_slot_pca38_buffer_classifier_xgboost,two_slot38,XGBoost,all,46,o-additive+salt+buffer__p-molecular_weight+concentration,0.2891522335895236,403,additive+salt+buffer,molecular_weight+concentration,0.8247608818141566,0.535608648224633
classification,two_slot_pca38_buffer_classifier_xgboost,two_slot38,XGBoost,all,46,o-additive+salt+buffer__p-functionalization+molecular_weight+concentration,0.27937659758019323,403,additive+salt+buffer,functionalization+molecular_weight+concentration,0.8247608818141566,0.5453842842339633
classification,two_slot_pca38_buffer_classifier_xgboost,two_slot38,XGBoost,dexma_only,42,o-empty__p-empty,0.7289463219466153,355,empty,empty,0.7289463219466153,0.0
classification,two_slot_pca38_buffer_classifier_xgboost,two_slot38,XGBoost,dexma_only,42,o-empty__p-functionalization,0.6936072252013873,355,empty,functionalization,0.7289463219466153,0.03533909674522806
classification,two_slot_pca38_buffer_classifier_xgboost,two_slot38,XGBoost,dexma_only,42,o-empty__p-molecular_weight,0.7296549757735031,355,empty,molecular_weight,0.7289463219466153,-0.000708653826887784
classification,two_slot_pca38_buffer_classifier_xgboost,two_slot38,XGBoost,dexma_only,42,o-empty__p-concentration,0.6477211983719495,355,empty,concentration,0.7289463219466153,0.08122512357466583
classification,two_slot_pca38_buffer_classifier_xgboost,two_slot38,XGBoost,dexma_only,42,o-empty__p-functionalization+molecular_weight,0.704022742161909,355,empty,functionalization+molecular_weight,0.7289463219466153,0.024923579784706384
classification,two_slot_pca38_buffer_classifier_xgboost,two_slot38,XGBoost,dexma_only,42,o-empty__p-functionalization+concentration,0.6401175197374489,355,empty,functionalization+concentration,0.7289463219466153,0.08882880220916645
classification,two_slot_pca38_buffer_classifier_xgboost,two_slot38,XGBoost,dexma_only,42,o-empty__p-molecular_weight+concentration,0.664564168261492,355,empty,molecular_weight+concentration,0.7289463219466153,0.06438215368512334
classification,two_slot_pca38_buffer_classifier_xgboost,two_slot38,XGBoost,dexma_only,42,o-empty__p-functionalization+molecular_weight+concentration,0.6554090252962543,355,empty,functionalization+molecular_weight+concentration,0.7289463219466153,0.07353729665036102
classification,two_slot_pca38_buffer_classifier_xgboost,two_slot38,XGBoost,dexma_only,42,o-additive__p-empty,0.46089768073019344,355,additive,empty,0.7289463219466153,0.2680486412164219
classification,two_slot_pca38_buffer_classifier_xgboost,two_slot38,XGBoost,dexma_only,42,o-additive__p-functionalization,0.36542812758677023,355,additive,functionalization,0.7289463219466153,0.3635181943598451
classification,two_slot_pca38_buffer_classifier_xgboost,two_slot38,XGBoost,dexma_only,42,o-additive__p-molecular_weight,0.4120239859574106,355,additive,molecular_weight,0.7289463219466153,0.3169223359892048
classification,two_slot_pca38_buffer_classifier_xgboost,two_slot38,XGBoost,dexma_only,42,o-additive__p-concentration,0.34439753480689017,355,additive,concentration,0.7289463219466153,0.3845487871397252
classification,two_slot_pca38_buffer_classifier_xgboost,two_slot38,XGBoost,dexma_only,42,o-additive__p-functionalization+molecular_weight,0.3865938337102793,355,additive,functionalization+molecular_weight,0.7289463219466153,0.34235248823633607
classification,two_slot_pca38_buffer_classifier_xgboost,two_slot38,XGBoost,dexma_only,42,o-additive__p-functionalization+concentration,0.31802334425600803,355,additive,functionalization+concentration,0.7289463219466153,0.4109229776906073
classification,two_slot_pca38_buffer_classifier_xgboost,two_slot38,XGBoost,dexma_only,42,o-additive__p-molecular_weight+concentration,0.3380070458280202,355,additive,molecular_weight+concentration,0.7289463219466153,0.39093927611859514
classification,two_slot_pca38_buffer_classifier_xgboost,two_slot38,XGBoost,dexma_only,42,o-additive__p-functionalization+molecular_weight+concentration,0.31229540386003385,355,additive,functionalization+molecular_weight+concentration,0.7289463219466153,0.4166509180865815
classification,two_slot_pca38_buffer_classifier_xgboost,two_slot38,XGBoost,dexma_only,42,o-salt__p-empty,0.7227420473575819,355,salt,empty,0.7289463219466153,0.006204274589033498
classification,two_slot_pca38_buffer_classifier_xgboost,two_slot38,XGBoost,dexma_only,42,o-salt__p-functionalization,0.6909019429319274,355,salt,functionalization,0.7289463219466153,0.038044379014687935
classification,two_slot_pca38_buffer_classifier_xgboost,two_slot38,XGBoost,dexma_only,42,o-salt__p-molecular_weight,0.7164104332148021,355,salt,molecular_weight,0.7289463219466153,0.012535888731813216
classification,two_slot_pca38_buffer_classifier_xgboost,two_slot38,XGBoost,dexma_only,42,o-salt__p-concentration,0.6498387648452196,355,salt,concentration,0.7289463219466153,0.07910755710139572
classification,two_slot_pca38_buffer_classifier_xgboost,two_slot38,XGBoost,dexma_only,42,o-salt__p-functionalization+molecular_weight,0.7060172182911723,355,salt,functionalization+molecular_weight,0.7289463219466153,0.022929103655443095
classification,two_slot_pca38_buffer_classifier_xgboost,two_slot38,XGBoost,dexma_only,42,o-salt__p-functionalization+concentration,0.6479106835527834,355,salt,functionalization+concentration,0.7289463219466153,0.08103563839383199
classification,two_slot_pca38_buffer_classifier_xgboost,two_slot38,XGBoost,dexma_only,42,o-salt__p-molecular_weight+concentration,0.6656146622591861,355,salt,molecular_weight+concentration,0.7289463219466153,0.06333165968742926
classification,two_slot_pca38_buffer_classifier_xgboost,two_slot38,XGBoost,dexma_only,42,o-salt__p-functionalization+molecular_weight+concentration,0.6621352833748608,355,salt,functionalization+molecular_weight+concentration,0.7289463219466153,0.06681103857175452
classification,two_slot_pca38_buffer_classifier_xgboost,two_slot38,XGBoost,dexma_only,42,o-buffer__p-empty,0.7264532625325049,355,buffer,empty,0.7289463219466153,0.002493059414110488
classification,two_slot_pca38_buffer_classifier_xgboost,two_slot38,XGBoost,dexma_only,42,o-buffer__p-functionalization,0.6948255625912899,355,buffer,functionalization,0.7289463219466153,0.034120759355325436
classification,two_slot_pca38_buffer_classifier_xgboost,two_slot38,XGBoost,dexma_only,42,o-buffer__p-molecular_weight,0.7280292061437637,355,buffer,molecular_weight,0.7289463219466153,0.0009171158028516979
classification,two_slot_pca38_buffer_classifier_xgboost,two_slot38,XGBoost,dexma_only,42,o-buffer__p-concentration,0.6537117843476102,355,buffer,concentration,0.7289463219466153,0.07523453759900511
classification,two_slot_pca38_buffer_classifier_xgboost,two_slot38,XGBoost,dexma_only,42,o-buffer__p-functionalization+molecular_weight,0.7078948891787185,355,buffer,functionalization+molecular_weight,0.7289463219466153,0.021051432767896894
classification,two_slot_pca38_buffer_classifier_xgboost,two_slot38,XGBoost,dexma_only,42,o-buffer__p-functionalization+concentration,0.6313088550103089,355,buffer,functionalization+concentration,0.7289463219466153,0.09763746693630648
classification,two_slot_pca38_buffer_classifier_xgboost,two_slot38,XGBoost,dexma_only,42,o-buffer__p-molecular_weight+concentration,0.6642452108679009,355,buffer,molecular_weight+concentration,0.7289463219466153,0.06470111107871446
classification,two_slot_pca38_buffer_classifier_xgboost,two_slot38,XGBoost,dexma_only,42,o-buffer__p-functionalization+molecular_weight+concentration,0.6541802546479487,355,buffer,functionalization+molecular_weight+concentration,0.7289463219466153,0.07476606729866664
classification,two_slot_pca38_buffer_classifier_xgboost,two_slot38,XGBoost,dexma_only,42,o-additive+salt__p-empty,0.3661706060682446,355,additive+salt,empty,0.7289463219466153,0.36277571587837076
classification,two_slot_pca38_buffer_classifier_xgboost,two_slot38,XGBoost,dexma_only,42,o-additive+salt__p-functionalization,0.31180961818803815,355,additive+salt,functionalization,0.7289463219466153,0.4171367037585772
classification,two_slot_pca38_buffer_classifier_xgboost,two_slot38,XGBoost,dexma_only,42,o-additive+salt__p-molecular_weight,0.3211615289165846,355,additive+salt,molecular_weight,0.7289463219466153,0.40778479303003073
classification,two_slot_pca38_buffer_classifier_xgboost,two_slot38,XGBoost,dexma_only,42,o-additive+salt__p-concentration,0.2832244202128124,355,additive+salt,concentration,0.7289463219466153,0.44572190173380294
classification,two_slot_pca38_buffer_classifier_xgboost,two_slot38,XGBoost,dexma_only,42,o-additive+salt__p-functionalization+molecular_weight,0.3142629459675806,355,additive+salt,functionalization+molecular_weight,0.7289463219466153,0.41468337597903476
classification,two_slot_pca38_buffer_classifier_xgboost,two_slot38,XGBoost,dexma_only,42,o-additive+salt__p-functionalization+concentration,0.28371577535869047,355,additive+salt,functionalization+concentration,0.7289463219466153,0.4452305465879249
classification,two_slot_pca38_buffer_classifier_xgboost,two_slot38,XGBoost,dexma_only,42,o-additive+salt__p-molecular_weight+concentration,0.28226510275248934,355,additive+salt,molecular_weight+concentration,0.7289463219466153,0.446681219194126
classification,two_slot_pca38_buffer_classifier_xgboost,two_slot38,XGBoost,dexma_only,42,o-additive+salt__p-functionalization+molecular_weight+concentration,0.2688187368786175,355,additive+salt,functionalization+molecular_weight+concentration,0.7289463219466153,0.46012758506799784
classification,two_slot_pca38_buffer_classifier_xgboost,two_slot38,XGBoost,dexma_only,42,o-additive+buffer__p-empty,0.4623360030906929,355,additive+buffer,empty,0.7289463219466153,0.26661031885592246
classification,two_slot_pca38_buffer_classifier_xgboost,two_slot38,XGBoost,dexma_only,42,o-additive+buffer__p-functionalization,0.35350455290712496,355,additive+buffer,functionalization,0.7289463219466153,0.3754417690394904
classification,two_slot_pca38_buffer_classifier_xgboost,two_slot38,XGBoost,dexma_only,42,o-additive+buffer__p-molecular_weight,0.41140200969387714,355,additive+buffer,molecular_weight,0.7289463219466153,0.3175443122527382
classification,two_slot_pca38_buffer_classifier_xgboost,two_slot38,XGBoost,dexma_only,42,o-additive+buffer__p-concentration,0.33436597466056783,355,additive+buffer,concentration,0.7289463219466153,0.3945803472860475
classification,two_slot_pca38_buffer_classifier_xgboost,two_slot38,XGBoost,dexma_only,42,o-additive+buffer__p-functionalization+molecular_weight,0.37920055312135287,355,additive+buffer,functionalization+molecular_weight,0.7289463219466153,0.3497457688252625
classification,two_slot_pca38_buffer_classifier_xgboost,two_slot38,XGBoost,dexma_only,42,o-additive+buffer__p-functionalization+concentration,0.3023654835841099,355,additive+buffer,functionalization+concentration,0.7289463219466153,0.42658083836250543
classification,two_slot_pca38_buffer_classifier_xgboost,two_slot38,XGBoost,dexma_only,42,o-additive+buffer__p-molecular_weight+concentration,0.32984468931477234,355,additive+buffer,molecular_weight+concentration,0.7289463219466153,0.399101632631843
classification,two_slot_pca38_buffer_classifier_xgboost,two_slot38,XGBoost,dexma_only,42,o-additive+buffer__p-functionalization+molecular_weight+concentration,0.29918832079196733,355,additive+buffer,functionalization+molecular_weight+concentration,0.7289463219466153,0.429758001154648
classification,two_slot_pca38_buffer_classifier_xgboost,two_slot38,XGBoost,dexma_only,42,o-salt+buffer__p-empty,0.7126438742499794,355,salt+buffer,empty,0.7289463219466153,0.016302447696635913
classification,two_slot_pca38_buffer_classifier_xgboost,two_slot38,XGBoost,dexma_only,42,o-salt+buffer__p-functionalization,0.6753884701264911,355,salt+buffer,functionalization,0.7289463219466153,0.05355785182012429
classification,two_slot_pca38_buffer_classifier_xgboost,two_slot38,XGBoost,dexma_only,42,o-salt+buffer__p-molecular_weight,0.7042659150990578,355,salt+buffer,molecular_weight,0.7289463219466153,0.024680406847557568
classification,two_slot_pca38_buffer_classifier_xgboost,two_slot38,XGBoost,dexma_only,42,o-salt+buffer__p-concentration,0.6408977425177911,355,salt+buffer,concentration,0.7289463219466153,0.08804857942882427
classification,two_slot_pca38_buffer_classifier_xgboost,two_slot38,XGBoost,dexma_only,42,o-salt+buffer__p-functionalization+molecular_weight,0.6959889092873063,355,salt+buffer,functionalization+molecular_weight,0.7289463219466153,0.03295741265930907
classification,two_slot_pca38_buffer_classifier_xgboost,two_slot38,XGBoost,dexma_only,42,o-salt+buffer__p-functionalization+concentration,0.6406265509130111,355,salt+buffer,functionalization+concentration,0.7289463219466153,0.08831977103360422
classification,two_slot_pca38_buffer_classifier_xgboost,two_slot38,XGBoost,dexma_only,42,o-salt+buffer__p-molecular_weight+concentration,0.6579535505213111,355,salt+buffer,molecular_weight+concentration,0.7289463219466153,0.07099277142530425
classification,two_slot_pca38_buffer_classifier_xgboost,two_slot38,XGBoost,dexma_only,42,o-salt+buffer__p-functionalization+molecular_weight+concentration,0.6529591585342885,355,salt+buffer,functionalization+molecular_weight+concentration,0.7289463219466153,0.07598716341232681
classification,two_slot_pca38_buffer_classifier_xgboost,two_slot38,XGBoost,dexma_only,42,o-additive+salt+buffer__p-empty,0.36967209399605666,355,additive+salt+buffer,empty,0.7289463219466153,0.3592742279505587
classification,two_slot_pca38_buffer_classifier_xgboost,two_slot38,XGBoost,dexma_only,42,o-additive+salt+buffer__p-functionalization,0.3033351453859715,355,additive+salt+buffer,functionalization,0.7289463219466153,0.42561117656064384
classification,two_slot_pca38_buffer_classifier_xgboost,two_slot38,XGBoost,dexma_only,42,o-additive+salt+buffer__p-molecular_weight,0.3200260966242524,355,additive+salt+buffer,molecular_weight,0.7289463219466153,0.40892022532236294
classification,two_slot_pca38_buffer_classifier_xgboost,two_slot38,XGBoost,dexma_only,42,o-additive+salt+buffer__p-concentration,0.27274001176615753,355,additive+salt+buffer,concentration,0.7289463219466153,0.4562063101804578
classification,two_slot_pca38_buffer_classifier_xgboost,two_slot38,XGBoost,dexma_only,42,o-additive+salt+buffer__p-functionalization+molecular_weight,0.3126022096732937,355,additive+salt+buffer,functionalization+molecular_weight,0.7289463219466153,0.41634411227332163
classification,two_slot_pca38_buffer_classifier_xgboost,two_slot38,XGBoost,dexma_only,42,o-additive+salt+buffer__p-functionalization+concentration,0.2706419791272449,355,additive+salt+buffer,functionalization+concentration,0.7289463219466153,0.45830434281937044
classification,two_slot_pca38_buffer_classifier_xgboost,two_slot38,XGBoost,dexma_only,42,o-additive+salt+buffer__p-molecular_weight+concentration,0.27032411618063223,355,additive+salt+buffer,molecular_weight+concentration,0.7289463219466153,0.4586222057659831
classification,two_slot_pca38_buffer_classifier_xgboost,two_slot38,XGBoost,dexma_only,42,o-additive+salt+buffer__p-functionalization+molecular_weight+concentration,0.25996750802564494,355,additive+salt+buffer,functionalization+molecular_weight+concentration,0.7289463219466153,0.4689788139209704
classification,two_slot_pca38_buffer_classifier_xgboost,two_slot38,XGBoost,dexma_only,43,o-empty__p-empty,0.7290245909626104,355,empty,empty,0.7290245909626104,0.0
classification,two_slot_pca38_buffer_classifier_xgboost,two_slot38,XGBoost,dexma_only,43,o-empty__p-functionalization,0.6962402100771263,355,empty,functionalization,0.7290245909626104,0.03278438088548408
classification,two_slot_pca38_buffer_classifier_xgboost,two_slot38,XGBoost,dexma_only,43,o-empty__p-molecular_weight,0.7261854714600176,355,empty,molecular_weight,0.7290245909626104,0.0028391195025928573
classification,two_slot_pca38_buffer_classifier_xgboost,two_slot38,XGBoost,dexma_only,43,o-empty__p-concentration,0.6481547580922405,355,empty,concentration,0.7290245909626104,0.08086983287036986
classification,two_slot_pca38_buffer_classifier_xgboost,two_slot38,XGBoost,dexma_only,43,o-empty__p-functionalization+molecular_weight,0.7037535869352761,355,empty,functionalization+molecular_weight,0.7290245909626104,0.025271004027334287
classification,two_slot_pca38_buffer_classifier_xgboost,two_slot38,XGBoost,dexma_only,43,o-empty__p-functionalization+concentration,0.6439173341924227,355,empty,functionalization+concentration,0.7290245909626104,0.08510725677018771
classification,two_slot_pca38_buffer_classifier_xgboost,two_slot38,XGBoost,dexma_only,43,o-empty__p-molecular_weight+concentration,0.6656434219701909,355,empty,molecular_weight+concentration,0.7290245909626104,0.06338116899241952
classification,two_slot_pca38_buffer_classifier_xgboost,two_slot38,XGBoost,dexma_only,43,o-empty__p-functionalization+molecular_weight+concentration,0.6664439512391216,355,empty,functionalization+molecular_weight+concentration,0.7290245909626104,0.06258063972348882
classification,two_slot_pca38_buffer_classifier_xgboost,two_slot38,XGBoost,dexma_only,43,o-additive__p-empty,0.4688833173764064,355,additive,empty,0.7290245909626104,0.260141273586204
classification,two_slot_pca38_buffer_classifier_xgboost,two_slot38,XGBoost,dexma_only,43,o-additive__p-functionalization,0.39603790763063373,355,additive,functionalization,0.7290245909626104,0.3329866833319767
classification,two_slot_pca38_buffer_classifier_xgboost,two_slot38,XGBoost,dexma_only,43,o-additive__p-molecular_weight,0.4349896188764624,355,additive,molecular_weight,0.7290245909626104,0.294034972086148
classification,two_slot_pca38_buffer_classifier_xgboost,two_slot38,XGBoost,dexma_only,43,o-additive__p-concentration,0.3493385208087553,355,additive,concentration,0.7290245909626104,0.3796860701538551
classification,two_slot_pca38_buffer_classifier_xgboost,two_slot38,XGBoost,dexma_only,43,o-additive__p-functionalization+molecular_weight,0.40863951702900236,355,additive,functionalization+molecular_weight,0.7290245909626104,0.32038507393360804
classification,two_slot_pca38_buffer_classifier_xgboost,two_slot38,XGBoost,dexma_only,43,o-additive__p-functionalization+concentration,0.3385255299210062,355,additive,functionalization+concentration,0.7290245909626104,0.3904990610416042
classification,two_slot_pca38_buffer_classifier_xgboost,two_slot38,XGBoost,dexma_only,43,o-additive__p-molecular_weight+concentration,0.3470248007127211,355,additive,molecular_weight+concentration,0.7290245909626104,0.3819997902498893
classification,two_slot_pca38_buffer_classifier_xgboost,two_slot38,XGBoost,dexma_only,43,o-additive__p-functionalization+molecular_weight+concentration,0.3244916602462186,355,additive,functionalization+molecular_weight+concentration,0.7290245909626104,0.4045329307163918
classification,two_slot_pca38_buffer_classifier_xgboost,two_slot38,XGBoost,dexma_only,43,o-salt__p-empty,0.7030060282988926,355,salt,empty,0.7290245909626104,0.026018562663717826
classification,two_slot_pca38_buffer_classifier_xgboost,two_slot38,XGBoost,dexma_only,43,o-salt__p-functionalization,0.6779191565023692,355,salt,functionalization,0.7290245909626104,0.051105434460241184
classification,two_slot_pca38_buffer_classifier_xgboost,two_slot38,XGBoost,dexma_only,43,o-salt__p-molecular_weight,0.6970699870671917,355,salt,molecular_weight,0.7290245909626104,0.03195460389541871
classification,two_slot_pca38_buffer_classifier_xgboost,two_slot38,XGBoost,dexma_only,43,o-salt__p-concentration,0.6333054671990341,355,salt,concentration,0.7290245909626104,0.09571912376357627
classification,two_slot_pca38_buffer_classifier_xgboost,two_slot38,XGBoost,dexma_only,43,o-salt__p-functionalization+molecular_weight,0.6898773324531731,355,salt,functionalization+molecular_weight,0.7290245909626104,0.039147258509437344
classification,two_slot_pca38_buffer_classifier_xgboost,two_slot38,XGBoost,dexma_only,43,o-salt__p-functionalization+concentration,0.6386829701952974,355,salt,functionalization+concentration,0.7290245909626104,0.090341620767313
classification,two_slot_pca38_buffer_classifier_xgboost,two_slot38,XGBoost,dexma_only,43,o-salt__p-molecular_weight+concentration,0.649335062782697,355,salt,molecular_weight+concentration,0.7290245909626104,0.07968952817991337
classification,two_slot_pca38_buffer_classifier_xgboost,two_slot38,XGBoost,dexma_only,43,o-salt__p-functionalization+molecular_weight+concentration,0.6506742430390957,355,salt,functionalization+molecular_weight+concentration,0.7290245909626104,0.0783503479235147
classification,two_slot_pca38_buffer_classifier_xgboost,two_slot38,XGBoost,dexma_only,43,o-buffer__p-empty,0.7284237166072332,355,buffer,empty,0.7290245909626104,0.0006008743553772566
classification,two_slot_pca38_buffer_classifier_xgboost,two_slot38,XGBoost,dexma_only,43,o-buffer__p-functionalization,0.6971326153313219,355,buffer,functionalization,0.7290245909626104,0.03189197563128854
classification,two_slot_pca38_buffer_classifier_xgboost,two_slot38,XGBoost,dexma_only,43,o-buffer__p-molecular_weight,0.7245281252649015,355,buffer,molecular_weight,0.7290245909626104,0.004496465697708896
classification,two_slot_pca38_buffer_classifier_xgboost,two_slot38,XGBoost,dexma_only,43,o-buffer__p-concentration,0.6578219636679818,355,buffer,concentration,0.7290245909626104,0.07120262729462856
classification,two_slot_pca38_buffer_classifier_xgboost,two_slot38,XGBoost,dexma_only,43,o-buffer__p-functionalization+molecular_weight,0.7111889544465552,355,buffer,functionalization+molecular_weight,0.7290245909626104,0.017835636516055242
classification,two_slot_pca38_buffer_classifier_xgboost,two_slot38,XGBoost,dexma_only,43,o-buffer__p-functionalization+concentration,0.6391896509622969,355,buffer,functionalization+concentration,0.7290245909626104,0.08983494000031356
classification,two_slot_pca38_buffer_classifier_xgboost,two_slot38,XGBoost,dexma_only,43,o-buffer__p-molecular_weight+concentration,0.6735088064514049,355,buffer,molecular_weight+concentration,0.7290245909626104,0.055515784511205535
classification,two_slot_pca38_buffer_classifier_xgboost,two_slot38,XGBoost,dexma_only,43,o-buffer__p-functionalization+molecular_weight+concentration,0.6689039333764725,355,buffer,functionalization+molecular_weight+concentration,0.7290245909626104,0.06012065758613794
classification,two_slot_pca38_buffer_classifier_xgboost,two_slot38,XGBoost,dexma_only,43,o-additive+salt__p-empty,0.379260194937243,355,additive+salt,empty,0.7290245909626104,0.3497643960253674
classification,two_slot_pca38_buffer_classifier_xgboost,two_slot38,XGBoost,dexma_only,43,o-additive+salt__p-functionalization,0.3527976948008472,355,additive+salt,functionalization,0.7290245909626104,0.3762268961617632
classification,two_slot_pca38_buffer_classifier_xgboost,two_slot38,XGBoost,dexma_only,43,o-additive+salt__p-molecular_weight,0.33883625143441837,355,additive+salt,molecular_weight,0.7290245909626104,0.39018833952819204
classification,two_slot_pca38_buffer_classifier_xgboost,two_slot38,XGBoost,dexma_only,43,o-additive+salt__p-concentration,0.29871037978618614,355,additive+salt,concentration,0.7290245909626104,0.43031421117642427
classification,two_slot_pca38_buffer_classifier_xgboost,two_slot38,XGBoost,dexma_only,43,o-additive+salt__p-functionalization+molecular_weight,0.3470193555876495,355,additive+salt,functionalization+molecular_weight,0.7290245909626104,0.3820052353749609
classification,two_slot_pca38_buffer_classifier_xgboost,two_slot38,XGBoost,dexma_only,43,o-additive+salt__p-functionalization+concentration,0.31257333424315625,355,additive+salt,functionalization+concentration,0.7290245909626104,0.41645125671945415
classification,two_slot_pca38_buffer_classifier_xgboost,two_slot38,XGBoost,dexma_only,43,o-additive+salt__p-molecular_weight+concentration,0.2911341786850464,355,additive+salt,molecular_weight+concentration,0.7290245909626104,0.43789041227756403
classification,two_slot_pca38_buffer_classifier_xgboost,two_slot38,XGBoost,dexma_only,43,o-additive+salt__p-functionalization+molecular_weight+concentration,0.28911572217973275,355,additive+salt,functionalization+molecular_weight+concentration,0.7290245909626104,0.43990886878287766
classification,two_slot_pca38_buffer_classifier_xgboost,two_slot38,XGBoost,dexma_only,43,o-additive+buffer__p-empty,0.4704123182514459,355,additive+buffer,empty,0.7290245909626104,0.2586122727111645
classification,two_slot_pca38_buffer_classifier_xgboost,two_slot38,XGBoost,dexma_only,43,o-additive+buffer__p-functionalization,0.39514659175744454,355,additive+buffer,functionalization,0.7290245909626104,0.33387799920516587
classification,two_slot_pca38_buffer_classifier_xgboost,two_slot38,XGBoost,dexma_only,43,o-additive+buffer__p-molecular_weight,0.43623490980099533,355,additive+buffer,molecular_weight,0.7290245909626104,0.2927896811616151
classification,two_slot_pca38_buffer_classifier_xgboost,two_slot38,XGBoost,dexma_only,43,o-additive+buffer__p-concentration,0.3420688865995014,355,additive+buffer,concentration,0.7290245909626104,0.386955704363109
classification,two_slot_pca38_buffer_classifier_xgboost,two_slot38,XGBoost,dexma_only,43,o-additive+buffer__p-functionalization+molecular_weight,0.4091183069452495,355,additive+buffer,functionalization+molecular_weight,0.7290245909626104,0.31990628401736093
classification,two_slot_pca38_buffer_classifier_xgboost,two_slot38,XGBoost,dexma_only,43,o-additive+buffer__p-functionalization+concentration,0.32182468281691895,355,additive+buffer,functionalization+concentration,0.7290245909626104,0.40719990814569146
classification,two_slot_pca38_buffer_classifier_xgboost,two_slot38,XGBoost,dexma_only,43,o-additive+buffer__p-molecular_weight+concentration,0.33860200549369124,355,additive+buffer,molecular_weight+concentration,0.7290245909626104,0.39042258546891917
classification,two_slot_pca38_buffer_classifier_xgboost,two_slot38,XGBoost,dexma_only,43,o-additive+buffer__p-functionalization+molecular_weight+concentration,0.3114616555754998,355,additive+buffer,functionalization+molecular_weight+concentration,0.7290245909626104,0.4175629353871106
classification,two_slot_pca38_buffer_classifier_xgboost,two_slot38,XGBoost,dexma_only,43,o-salt+buffer__p-empty,0.6961578251961069,355,salt+buffer,empty,0.7290245909626104,0.03286676576650349
classification,two_slot_pca38_buffer_classifier_xgboost,two_slot38,XGBoost,dexma_only,43,o-salt+buffer__p-functionalization,0.6733854831808579,355,salt+buffer,functionalization,0.7290245909626104,0.05563910778175252
classification,two_slot_pca38_buffer_classifier_xgboost,two_slot38,XGBoost,dexma_only,43,o-salt+buffer__p-molecular_weight,0.6929786610160169,355,salt+buffer,molecular_weight,0.7290245909626104,0.0360459299465935
classification,two_slot_pca38_buffer_classifier_xgboost,two_slot38,XGBoost,dexma_only,43,o-salt+buffer__p-concentration,0.6317853639642174,355,salt+buffer,concentration,0.7290245909626104,0.09723922699839305
classification,two_slot_pca38_buffer_classifier_xgboost,two_slot38,XGBoost,dexma_only,43,o-salt+buffer__p-functionalization+molecular_weight,0.686858952695581,355,salt+buffer,functionalization+molecular_weight,0.7290245909626104,0.04216563826702946
classification,two_slot_pca38_buffer_classifier_xgboost,two_slot38,XGBoost,dexma_only,43,o-salt+buffer__p-functionalization+concentration,0.6358923279757238,355,salt+buffer,functionalization+concentration,0.7290245909626104,0.0931322629868866
classification,two_slot_pca38_buffer_classifier_xgboost,two_slot38,XGBoost,dexma_only,43,o-salt+buffer__p-molecular_weight+concentration,0.6485477250813564,355,salt+buffer,molecular_weight+concentration,0.7290245909626104,0.08047686588125402
classification,two_slot_pca38_buffer_classifier_xgboost,two_slot38,XGBoost,dexma_only,43,o-salt+buffer__p-functionalization+molecular_weight+concentration,0.6497108719490368,355,salt+buffer,functionalization+molecular_weight+concentration,0.7290245909626104,0.07931371901357365
classification,two_slot_pca38_buffer_classifier_xgboost,two_slot38,XGBoost,dexma_only,43,o-additive+salt+buffer__p-empty,0.38613416902605596,355,additive+salt+buffer,empty,0.7290245909626104,0.34289042193655445
classification,two_slot_pca38_buffer_classifier_xgboost,two_slot38,XGBoost,dexma_only,43,o-additive+salt+buffer__p-functionalization,0.35063098612383176,355,additive+salt+buffer,functionalization,0.7290245909626104,0.37839360483877865
classification,two_slot_pca38_buffer_classifier_xgboost,two_slot38,XGBoost,dexma_only,43,o-additive+salt+buffer__p-molecular_weight,0.3384721429894212,355,additive+salt+buffer,molecular_weight,0.7290245909626104,0.3905524479731892
classification,two_slot_pca38_buffer_classifier_xgboost,two_slot38,XGBoost,dexma_only,43,o-additive+salt+buffer__p-concentration,0.2847514738950191,355,additive+salt+buffer,concentration,0.7290245909626104,0.4442731170675913
classification,two_slot_pca38_buffer_classifier_xgboost,two_slot38,XGBoost,dexma_only,43,o-additive+salt+buffer__p-functionalization+molecular_weight,0.3474985701602261,355,additive+salt+buffer,functionalization+molecular_weight,0.7290245909626104,0.3815260208023843
classification,two_slot_pca38_buffer_classifier_xgboost,two_slot38,XGBoost,dexma_only,43,o-additive+salt+buffer__p-functionalization+concentration,0.29869550397148587,355,additive+salt+buffer,functionalization+concentration,0.7290245909626104,0.43032908699112454
classification,two_slot_pca38_buffer_classifier_xgboost,two_slot38,XGBoost,dexma_only,43,o-additive+salt+buffer__p-molecular_weight+concentration,0.28168115799718824,355,additive+salt+buffer,molecular_weight+concentration,0.7290245909626104,0.44734343296542217
classification,two_slot_pca38_buffer_classifier_xgboost,two_slot38,XGBoost,dexma_only,43,o-additive+salt+buffer__p-functionalization+molecular_weight+concentration,0.27735002665072866,355,additive+salt+buffer,functionalization+molecular_weight+concentration,0.7290245909626104,0.45167456431188174
classification,two_slot_pca38_buffer_classifier_xgboost,two_slot38,XGBoost,dexma_only,44,o-empty__p-empty,0.7290658535623911,355,empty,empty,0.7290658535623911,0.0
classification,two_slot_pca38_buffer_classifier_xgboost,two_slot38,XGBoost,dexma_only,44,o-empty__p-functionalization,0.7061959011017256,355,empty,functionalization,0.7290658535623911,0.022869952460665477
classification,two_slot_pca38_buffer_classifier_xgboost,two_slot38,XGBoost,dexma_only,44,o-empty__p-molecular_weight,0.7220961384440323,355,empty,molecular_weight,0.7290658535623911,0.006969715118358755
classification,two_slot_pca38_buffer_classifier_xgboost,two_slot38,XGBoost,dexma_only,44,o-empty__p-concentration,0.6668045485426042,355,empty,concentration,0.7290658535623911,0.06226130501978688
classification,two_slot_pca38_buffer_classifier_xgboost,two_slot38,XGBoost,dexma_only,44,o-empty__p-functionalization+molecular_weight,0.7042497291105163,355,empty,functionalization+molecular_weight,0.7290658535623911,0.024816124451874755
classification,two_slot_pca38_buffer_classifier_xgboost,two_slot38,XGBoost,dexma_only,44,o-empty__p-functionalization+concentration,0.6677442664373241,355,empty,functionalization+concentration,0.7290658535623911,0.06132158712506697
classification,two_slot_pca38_buffer_classifier_xgboost,two_slot38,XGBoost,dexma_only,44,o-empty__p-molecular_weight+concentration,0.6754911112551881,355,empty,molecular_weight+concentration,0.7290658535623911,0.05357474230720294
classification,two_slot_pca38_buffer_classifier_xgboost,two_slot38,XGBoost,dexma_only,44,o-empty__p-functionalization+molecular_weight+concentration,0.6734026139220466,355,empty,functionalization+molecular_weight+concentration,0.7290658535623911,0.055663239640344475
classification,two_slot_pca38_buffer_classifier_xgboost,two_slot38,XGBoost,dexma_only,44,o-additive__p-empty,0.4832732833824615,355,additive,empty,0.7290658535623911,0.24579257017992956
classification,two_slot_pca38_buffer_classifier_xgboost,two_slot38,XGBoost,dexma_only,44,o-additive__p-functionalization,0.4209359550818744,355,additive,functionalization,0.7290658535623911,0.30812989848051664
classification,two_slot_pca38_buffer_classifier_xgboost,two_slot38,XGBoost,dexma_only,44,o-additive__p-molecular_weight,0.4525747591853617,355,additive,molecular_weight,0.7290658535623911,0.27649109437702934
classification,two_slot_pca38_buffer_classifier_xgboost,two_slot38,XGBoost,dexma_only,44,o-additive__p-concentration,0.3804996108775351,355,additive,concentration,0.7290658535623911,0.348566242684856
classification,two_slot_pca38_buffer_classifier_xgboost,two_slot38,XGBoost,dexma_only,44,o-additive__p-functionalization+molecular_weight,0.42250511366751203,355,additive,functionalization+molecular_weight,0.7290658535623911,0.30656073989487903
classification,two_slot_pca38_buffer_classifier_xgboost,two_slot38,XGBoost,dexma_only,44,o-additive__p-functionalization+concentration,0.37258142842082453,355,additive,functionalization+concentration,0.7290658535623911,0.35648442514156653
classification,two_slot_pca38_buffer_classifier_xgboost,two_slot38,XGBoost,dexma_only,44,o-additive__p-molecular_weight+concentration,0.3780123211216503,355,additive,molecular_weight+concentration,0.7290658535623911,0.3510535324407408
classification,two_slot_pca38_buffer_classifier_xgboost,two_slot38,XGBoost,dexma_only,44,o-additive__p-functionalization+molecular_weight+concentration,0.3520454736061531,355,additive,functionalization+molecular_weight+concentration,0.7290658535623911,0.37702037995623794
classification,two_slot_pca38_buffer_classifier_xgboost,two_slot38,XGBoost,dexma_only,44,o-salt__p-empty,0.706910918464183,355,salt,empty,0.7290658535623911,0.022154935098208095
classification,two_slot_pca38_buffer_classifier_xgboost,two_slot38,XGBoost,dexma_only,44,o-salt__p-functionalization,0.6909490531719843,355,salt,functionalization,0.7290658535623911,0.03811680039040677
classification,two_slot_pca38_buffer_classifier_xgboost,two_slot38,XGBoost,dexma_only,44,o-salt__p-molecular_weight,0.7020069279358274,355,salt,molecular_weight,0.7290658535623911,0.027058925626563646
classification,two_slot_pca38_buffer_classifier_xgboost,two_slot38,XGBoost,dexma_only,44,o-salt__p-concentration,0.6468625568444554,355,salt,concentration,0.7290658535623911,0.08220329671793569
classification,two_slot_pca38_buffer_classifier_xgboost,two_slot38,XGBoost,dexma_only,44,o-salt__p-functionalization+molecular_weight,0.6950873596548732,355,salt,functionalization+molecular_weight,0.7290658535623911,0.03397849390751784
classification,two_slot_pca38_buffer_classifier_xgboost,two_slot38,XGBoost,dexma_only,44,o-salt__p-functionalization+concentration,0.6472217425293683,355,salt,functionalization+concentration,0.7290658535623911,0.0818441110330228
classification,two_slot_pca38_buffer_classifier_xgboost,two_slot38,XGBoost,dexma_only,44,o-salt__p-molecular_weight+concentration,0.6568511919536084,355,salt,molecular_weight+concentration,0.7290658535623911,0.07221466160878265
classification,two_slot_pca38_buffer_classifier_xgboost,two_slot38,XGBoost,dexma_only,44,o-salt__p-functionalization+molecular_weight+concentration,0.6533105132446266,355,salt,functionalization+molecular_weight+concentration,0.7290658535623911,0.07575534031776443
classification,two_slot_pca38_buffer_classifier_xgboost,two_slot38,XGBoost,dexma_only,44,o-buffer__p-empty,0.7257114121071581,355,buffer,empty,0.7290658535623911,0.0033544414552330037
classification,two_slot_pca38_buffer_classifier_xgboost,two_slot38,XGBoost,dexma_only,44,o-buffer__p-functionalization,0.702587124698122,355,buffer,functionalization,0.7290658535623911,0.026478728864269052
classification,two_slot_pca38_buffer_classifier_xgboost,two_slot38,XGBoost,dexma_only,44,o-buffer__p-molecular_weight,0.7194064751431825,355,buffer,molecular_weight,0.7290658535623911,0.009659378419208609
classification,two_slot_pca38_buffer_classifier_xgboost,two_slot38,XGBoost,dexma_only,44,o-buffer__p-concentration,0.6659126930012703,355,buffer,concentration,0.7290658535623911,0.06315316056112075
classification,two_slot_pca38_buffer_classifier_xgboost,two_slot38,XGBoost,dexma_only,44,o-buffer__p-functionalization+molecular_weight,0.7024634374492812,355,buffer,functionalization+molecular_weight,0.7290658535623911,0.026602416113109872
classification,two_slot_pca38_buffer_classifier_xgboost,two_slot38,XGBoost,dexma_only,44,o-buffer__p-functionalization+concentration,0.6521552385802208,355,buffer,functionalization+concentration,0.7290658535623911,0.07691061498217022
classification,two_slot_pca38_buffer_classifier_xgboost,two_slot38,XGBoost,dexma_only,44,o-buffer__p-molecular_weight+concentration,0.677295360901188,355,buffer,molecular_weight+concentration,0.7290658535623911,0.05177049266120304
classification,two_slot_pca38_buffer_classifier_xgboost,two_slot38,XGBoost,dexma_only,44,o-buffer__p-functionalization+molecular_weight+concentration,0.6707513275055584,355,buffer,functionalization+molecular_weight+concentration,0.7290658535623911,0.05831452605683263
classification,two_slot_pca38_buffer_classifier_xgboost,two_slot38,XGBoost,dexma_only,44,o-additive+salt__p-empty,0.4053120461280955,355,additive+salt,empty,0.7290658535623911,0.32375380743429555
classification,two_slot_pca38_buffer_classifier_xgboost,two_slot38,XGBoost,dexma_only,44,o-additive+salt__p-functionalization,0.36983575798383483,355,additive+salt,functionalization,0.7290658535623911,0.35923009557855623
classification,two_slot_pca38_buffer_classifier_xgboost,two_slot38,XGBoost,dexma_only,44,o-additive+salt__p-molecular_weight,0.364782037250179,355,additive+salt,molecular_weight,0.7290658535623911,0.36428381631221207
classification,two_slot_pca38_buffer_classifier_xgboost,two_slot38,XGBoost,dexma_only,44,o-additive+salt__p-concentration,0.3261501939505733,355,additive+salt,concentration,0.7290658535623911,0.40291565961181774
classification,two_slot_pca38_buffer_classifier_xgboost,two_slot38,XGBoost,dexma_only,44,o-additive+salt__p-functionalization+molecular_weight,0.3619449614273469,355,additive+salt,functionalization+molecular_weight,0.7290658535623911,0.3671208921350442
classification,two_slot_pca38_buffer_classifier_xgboost,two_slot38,XGBoost,dexma_only,44,o-additive+salt__p-functionalization+concentration,0.3321012401061689,355,additive+salt,functionalization+concentration,0.7290658535623911,0.39696461345622214
classification,two_slot_pca38_buffer_classifier_xgboost,two_slot38,XGBoost,dexma_only,44,o-additive+salt__p-molecular_weight+concentration,0.31770664972980295,355,additive+salt,molecular_weight+concentration,0.7290658535623911,0.4113592038325881
classification,two_slot_pca38_buffer_classifier_xgboost,two_slot38,XGBoost,dexma_only,44,o-additive+salt__p-functionalization+molecular_weight+concentration,0.3104208820598027,355,additive+salt,functionalization+molecular_weight+concentration,0.7290658535623911,0.41864497150258834
classification,two_slot_pca38_buffer_classifier_xgboost,two_slot38,XGBoost,dexma_only,44,o-additive+buffer__p-empty,0.48164630914459666,355,additive+buffer,empty,0.7290658535623911,0.2474195444177944
classification,two_slot_pca38_buffer_classifier_xgboost,two_slot38,XGBoost,dexma_only,44,o-additive+buffer__p-functionalization,0.41223330399285624,355,additive+buffer,functionalization,0.7290658535623911,0.3168325495695348
classification,two_slot_pca38_buffer_classifier_xgboost,two_slot38,XGBoost,dexma_only,44,o-additive+buffer__p-molecular_weight,0.4479562412684771,355,additive+buffer,molecular_weight,0.7290658535623911,0.28110961229391396
classification,two_slot_pca38_buffer_classifier_xgboost,two_slot38,XGBoost,dexma_only,44,o-additive+buffer__p-concentration,0.36968208531419344,355,additive+buffer,concentration,0.7290658535623911,0.3593837682481976
classification,two_slot_pca38_buffer_classifier_xgboost,two_slot38,XGBoost,dexma_only,44,o-additive+buffer__p-functionalization+molecular_weight,0.4139284605854933,355,additive+buffer,functionalization+molecular_weight,0.7290658535623911,0.31513739297689775
classification,two_slot_pca38_buffer_classifier_xgboost,two_slot38,XGBoost,dexma_only,44,o-additive+buffer__p-functionalization+concentration,0.3548199939661657,355,additive+buffer,functionalization+concentration,0.7290658535623911,0.37424585959622536
classification,two_slot_pca38_buffer_classifier_xgboost,two_slot38,XGBoost,dexma_only,44,o-additive+buffer__p-molecular_weight+concentration,0.3678790380636651,355,additive+buffer,molecular_weight+concentration,0.7290658535623911,0.36118681549872594
classification,two_slot_pca38_buffer_classifier_xgboost,two_slot38,XGBoost,dexma_only,44,o-additive+buffer__p-functionalization+molecular_weight+concentration,0.33700778517258695,355,additive+buffer,functionalization+molecular_weight+concentration,0.7290658535623911,0.3920580683898041
classification,two_slot_pca38_buffer_classifier_xgboost,two_slot38,XGBoost,dexma_only,44,o-salt+buffer__p-empty,0.6983409352580587,355,salt+buffer,empty,0.7290658535623911,0.030724918304332327
classification,two_slot_pca38_buffer_classifier_xgboost,two_slot38,XGBoost,dexma_only,44,o-salt+buffer__p-functionalization,0.6785538790583444,355,salt+buffer,functionalization,0.7290658535623911,0.05051197450404665
classification,two_slot_pca38_buffer_classifier_xgboost,two_slot38,XGBoost,dexma_only,44,o-salt+buffer__p-molecular_weight,0.6898605418982621,355,salt+buffer,molecular_weight,0.7290658535623911,0.039205311664128994
classification,two_slot_pca38_buffer_classifier_xgboost,two_slot38,XGBoost,dexma_only,44,o-salt+buffer__p-concentration,0.6384972010498008,355,salt+buffer,concentration,0.7290658535623911,0.09056865251259028
classification,two_slot_pca38_buffer_classifier_xgboost,two_slot38,XGBoost,dexma_only,44,o-salt+buffer__p-functionalization+molecular_weight,0.685804280082082,355,salt+buffer,functionalization+molecular_weight,0.7290658535623911,0.04326157348030901
classification,two_slot_pca38_buffer_classifier_xgboost,two_slot38,XGBoost,dexma_only,44,o-salt+buffer__p-functionalization+concentration,0.6405435552020593,355,salt+buffer,functionalization+concentration,0.7290658535623911,0.08852229836033176
classification,two_slot_pca38_buffer_classifier_xgboost,two_slot38,XGBoost,dexma_only,44,o-salt+buffer__p-molecular_weight+concentration,0.652003548565306,355,salt+buffer,molecular_weight+concentration,0.7290658535623911,0.07706230499708511
classification,two_slot_pca38_buffer_classifier_xgboost,two_slot38,XGBoost,dexma_only,44,o-salt+buffer__p-functionalization+molecular_weight+concentration,0.648795715479704,355,salt+buffer,functionalization+molecular_weight+concentration,0.7290658535623911,0.08027013808268701
classification,two_slot_pca38_buffer_classifier_xgboost,two_slot38,XGBoost,dexma_only,44,o-additive+salt+buffer__p-empty,0.40713965480219766,355,additive+salt+buffer,empty,0.7290658535623911,0.3219261987601934
classification,two_slot_pca38_buffer_classifier_xgboost,two_slot38,XGBoost,dexma_only,44,o-additive+salt+buffer__p-functionalization,0.36432423016721727,355,additive+salt+buffer,functionalization,0.7290658535623911,0.3647416233951738
classification,two_slot_pca38_buffer_classifier_xgboost,two_slot38,XGBoost,dexma_only,44,o-additive+salt+buffer__p-molecular_weight,0.36173354287912957,355,additive+salt+buffer,molecular_weight,0.7290658535623911,0.3673323106832615
classification,two_slot_pca38_buffer_classifier_xgboost,two_slot38,XGBoost,dexma_only,44,o-additive+salt+buffer__p-concentration,0.31397099530034833,355,additive+salt+buffer,concentration,0.7290658535623911,0.41509485826204273
classification,two_slot_pca38_buffer_classifier_xgboost,two_slot38,XGBoost,dexma_only,44,o-additive+salt+buffer__p-functionalization+molecular_weight,0.35674711881364785,355,additive+salt+buffer,functionalization+molecular_weight,0.7290658535623911,0.3723187347487432
classification,two_slot_pca38_buffer_classifier_xgboost,two_slot38,XGBoost,dexma_only,44,o-additive+salt+buffer__p-functionalization+concentration,0.32071410155881563,355,additive+salt+buffer,functionalization+concentration,0.7290658535623911,0.40835175200357543
classification,two_slot_pca38_buffer_classifier_xgboost,two_slot38,XGBoost,dexma_only,44,o-additive+salt+buffer__p-molecular_weight+concentration,0.30898471614011386,355,additive+salt+buffer,molecular_weight+concentration,0.7290658535623911,0.4200811374222772
classification,two_slot_pca38_buffer_classifier_xgboost,two_slot38,XGBoost,dexma_only,44,o-additive+salt+buffer__p-functionalization+molecular_weight+concentration,0.2978425861394685,355,additive+salt+buffer,functionalization+molecular_weight+concentration,0.7290658535623911,0.43122326742292255
classification,two_slot_pca38_buffer_classifier_xgboost,two_slot38,XGBoost,dexma_only,45,o-empty__p-empty,0.7291078857035196,355,empty,empty,0.7291078857035196,0.0
classification,two_slot_pca38_buffer_classifier_xgboost,two_slot38,XGBoost,dexma_only,45,o-empty__p-functionalization,0.6932668075806032,355,empty,functionalization,0.7291078857035196,0.03584107812291637
classification,two_slot_pca38_buffer_classifier_xgboost,two_slot38,XGBoost,dexma_only,45,o-empty__p-molecular_weight,0.719428303825684,355,empty,molecular_weight,0.7291078857035196,0.009679581877835575
classification,two_slot_pca38_buffer_classifier_xgboost,two_slot38,XGBoost,dexma_only,45,o-empty__p-concentration,0.6407180580313944,355,empty,concentration,0.7291078857035196,0.08838982767212522
classification,two_slot_pca38_buffer_classifier_xgboost,two_slot38,XGBoost,dexma_only,45,o-empty__p-functionalization+molecular_weight,0.6966858901388648,355,empty,functionalization+molecular_weight,0.7291078857035196,0.03242199556465475
classification,two_slot_pca38_buffer_classifier_xgboost,two_slot38,XGBoost,dexma_only,45,o-empty__p-functionalization+concentration,0.6373114107865323,355,empty,functionalization+concentration,0.7291078857035196,0.09179647491698728
classification,two_slot_pca38_buffer_classifier_xgboost,two_slot38,XGBoost,dexma_only,45,o-empty__p-molecular_weight+concentration,0.6510947435571102,355,empty,molecular_weight+concentration,0.7291078857035196,0.07801314214640942
classification,two_slot_pca38_buffer_classifier_xgboost,two_slot38,XGBoost,dexma_only,45,o-empty__p-functionalization+molecular_weight+concentration,0.6462658188296161,355,empty,functionalization+molecular_weight+concentration,0.7291078857035196,0.0828420668739035
classification,two_slot_pca38_buffer_classifier_xgboost,two_slot38,XGBoost,dexma_only,45,o-additive__p-empty,0.47011207636125457,355,additive,empty,0.7291078857035196,0.258995809342265
classification,two_slot_pca38_buffer_classifier_xgboost,two_slot38,XGBoost,dexma_only,45,o-additive__p-functionalization,0.37903542860044126,355,additive,functionalization,0.7291078857035196,0.3500724571030783
classification,two_slot_pca38_buffer_classifier_xgboost,two_slot38,XGBoost,dexma_only,45,o-additive__p-molecular_weight,0.4240289919891178,355,additive,molecular_weight,0.7291078857035196,0.3050788937144018
classification,two_slot_pca38_buffer_classifier_xgboost,two_slot38,XGBoost,dexma_only,45,o-additive__p-concentration,0.3524649655887047,355,additive,concentration,0.7291078857035196,0.37664292011481487
classification,two_slot_pca38_buffer_classifier_xgboost,two_slot38,XGBoost,dexma_only,45,o-additive__p-functionalization+molecular_weight,0.3892823374885688,355,additive,functionalization+molecular_weight,0.7291078857035196,0.3398255482149508
classification,two_slot_pca38_buffer_classifier_xgboost,two_slot38,XGBoost,dexma_only,45,o-additive__p-functionalization+concentration,0.32261756655490237,355,additive,functionalization+concentration,0.7291078857035196,0.4064903191486172
classification,two_slot_pca38_buffer_classifier_xgboost,two_slot38,XGBoost,dexma_only,45,o-additive__p-molecular_weight+concentration,0.3374609166564541,355,additive,molecular_weight+concentration,0.7291078857035196,0.3916469690470655
classification,two_slot_pca38_buffer_classifier_xgboost,two_slot38,XGBoost,dexma_only,45,o-additive__p-functionalization+molecular_weight+concentration,0.30767166058667544,355,additive,functionalization+molecular_weight+concentration,0.7291078857035196,0.42143622511684414
classification,two_slot_pca38_buffer_classifier_xgboost,two_slot38,XGBoost,dexma_only,45,o-salt__p-empty,0.7040000390050342,355,salt,empty,0.7291078857035196,0.025107846698485425
classification,two_slot_pca38_buffer_classifier_xgboost,two_slot38,XGBoost,dexma_only,45,o-salt__p-functionalization,0.6741275673940629,355,salt,functionalization,0.7291078857035196,0.05498031830945671
classification,two_slot_pca38_buffer_classifier_xgboost,two_slot38,XGBoost,dexma_only,45,o-salt__p-molecular_weight,0.6920035599671749,355,salt,molecular_weight,0.7291078857035196,0.0371043257363447
classification,two_slot_pca38_buffer_classifier_xgboost,two_slot38,XGBoost,dexma_only,45,o-salt__p-concentration,0.6323726289399231,355,salt,concentration,0.7291078857035196,0.09673525676359651
classification,two_slot_pca38_buffer_classifier_xgboost,two_slot38,XGBoost,dexma_only,45,o-salt__p-functionalization+molecular_weight,0.6831903715914889,355,salt,functionalization+molecular_weight,0.7291078857035196,0.04591751411203071
classification,two_slot_pca38_buffer_classifier_xgboost,two_slot38,XGBoost,dexma_only,45,o-salt__p-functionalization+concentration,0.6324663403358993,355,salt,functionalization+concentration,0.7291078857035196,0.09664154536762026
classification,two_slot_pca38_buffer_classifier_xgboost,two_slot38,XGBoost,dexma_only,45,o-salt__p-molecular_weight+concentration,0.6425379629568366,355,salt,molecular_weight+concentration,0.7291078857035196,0.08656992274668296
classification,two_slot_pca38_buffer_classifier_xgboost,two_slot38,XGBoost,dexma_only,45,o-salt__p-functionalization+molecular_weight+concentration,0.6436989613736062,355,salt,functionalization+molecular_weight+concentration,0.7291078857035196,0.08540892432991343
classification,two_slot_pca38_buffer_classifier_xgboost,two_slot38,XGBoost,dexma_only,45,o-buffer__p-empty,0.7256989219911382,355,buffer,empty,0.7291078857035196,0.0034089637123814187
classification,two_slot_pca38_buffer_classifier_xgboost,two_slot38,XGBoost,dexma_only,45,o-buffer__p-functionalization,0.6922475650659105,355,buffer,functionalization,0.7291078857035196,0.036860320637609134
classification,two_slot_pca38_buffer_classifier_xgboost,two_slot38,XGBoost,dexma_only,45,o-buffer__p-molecular_weight,0.7156621541428275,355,buffer,molecular_weight,0.7291078857035196,0.013445731560692065
classification,two_slot_pca38_buffer_classifier_xgboost,two_slot38,XGBoost,dexma_only,45,o-buffer__p-concentration,0.645012858514423,355,buffer,concentration,0.7291078857035196,0.08409502718909656
classification,two_slot_pca38_buffer_classifier_xgboost,two_slot38,XGBoost,dexma_only,45,o-buffer__p-functionalization+molecular_weight,0.7007087674646101,355,buffer,functionalization+molecular_weight,0.7291078857035196,0.028399118238909504
classification,two_slot_pca38_buffer_classifier_xgboost,two_slot38,XGBoost,dexma_only,45,o-buffer__p-functionalization+concentration,0.6276180255163618,355,buffer,functionalization+concentration,0.7291078857035196,0.10148986018715778
classification,two_slot_pca38_buffer_classifier_xgboost,two_slot38,XGBoost,dexma_only,45,o-buffer__p-molecular_weight+concentration,0.6495087911221956,355,buffer,molecular_weight+concentration,0.7291078857035196,0.07959909458132397
classification,two_slot_pca38_buffer_classifier_xgboost,two_slot38,XGBoost,dexma_only,45,o-buffer__p-functionalization+molecular_weight+concentration,0.6453816499115286,355,buffer,functionalization+molecular_weight+concentration,0.7291078857035196,0.08372623579199101
classification,two_slot_pca38_buffer_classifier_xgboost,two_slot38,XGBoost,dexma_only,45,o-additive+salt__p-empty,0.38869532641009646,355,additive+salt,empty,0.7291078857035196,0.3404125592934231
classification,two_slot_pca38_buffer_classifier_xgboost,two_slot38,XGBoost,dexma_only,45,o-additive+salt__p-functionalization,0.32769700566309434,355,additive+salt,functionalization,0.7291078857035196,0.40141088004042524
classification,two_slot_pca38_buffer_classifier_xgboost,two_slot38,XGBoost,dexma_only,45,o-additive+salt__p-molecular_weight,0.3243114330386249,355,additive+salt,molecular_weight,0.7291078857035196,0.40479645266489467
classification,two_slot_pca38_buffer_classifier_xgboost,two_slot38,XGBoost,dexma_only,45,o-additive+salt__p-concentration,0.28284338505624784,355,additive+salt,concentration,0.7291078857035196,0.44626450064727174
classification,two_slot_pca38_buffer_classifier_xgboost,two_slot38,XGBoost,dexma_only,45,o-additive+salt__p-functionalization+molecular_weight,0.32027405692236705,355,additive+salt,functionalization+molecular_weight,0.7291078857035196,0.40883382878115254
classification,two_slot_pca38_buffer_classifier_xgboost,two_slot38,XGBoost,dexma_only,45,o-additive+salt__p-functionalization+concentration,0.28725072471110663,355,additive+salt,functionalization+concentration,0.7291078857035196,0.44185716099241296
classification,two_slot_pca38_buffer_classifier_xgboost,two_slot38,XGBoost,dexma_only,45,o-additive+salt__p-molecular_weight+concentration,0.27988413127822004,355,additive+salt,molecular_weight+concentration,0.7291078857035196,0.44922375442529955
classification,two_slot_pca38_buffer_classifier_xgboost,two_slot38,XGBoost,dexma_only,45,o-additive+salt__p-functionalization+molecular_weight+concentration,0.26766633929080197,355,additive+salt,functionalization+molecular_weight+concentration,0.7291078857035196,0.4614415464127176
classification,two_slot_pca38_buffer_classifier_xgboost,two_slot38,XGBoost,dexma_only,45,o-additive+buffer__p-empty,0.4694869185211308,355,additive+buffer,empty,0.7291078857035196,0.2596209671823888
classification,two_slot_pca38_buffer_classifier_xgboost,two_slot38,XGBoost,dexma_only,45,o-additive+buffer__p-functionalization,0.3742770332203652,355,additive+buffer,functionalization,0.7291078857035196,0.3548308524831544
classification,two_slot_pca38_buffer_classifier_xgboost,two_slot38,XGBoost,dexma_only,45,o-additive+buffer__p-molecular_weight,0.4246637476035393,355,additive+buffer,molecular_weight,0.7291078857035196,0.3044441380999803
classification,two_slot_pca38_buffer_classifier_xgboost,two_slot38,XGBoost,dexma_only,45,o-additive+buffer__p-concentration,0.34435539151698913,355,additive+buffer,concentration,0.7291078857035196,0.38475249418653046
classification,two_slot_pca38_buffer_classifier_xgboost,two_slot38,XGBoost,dexma_only,45,o-additive+buffer__p-functionalization+molecular_weight,0.38961243341291524,355,additive+buffer,functionalization+molecular_weight,0.7291078857035196,0.33949545229060435
classification,two_slot_pca38_buffer_classifier_xgboost,two_slot38,XGBoost,dexma_only,45,o-additive+buffer__p-functionalization+concentration,0.3088483065605204,355,additive+buffer,functionalization+concentration,0.7291078857035196,0.42025957914299916
classification,two_slot_pca38_buffer_classifier_xgboost,two_slot38,XGBoost,dexma_only,45,o-additive+buffer__p-molecular_weight+concentration,0.32813224999105656,355,additive+buffer,molecular_weight+concentration,0.7291078857035196,0.40097563571246303
classification,two_slot_pca38_buffer_classifier_xgboost,two_slot38,XGBoost,dexma_only,45,o-additive+buffer__p-functionalization+molecular_weight+concentration,0.2973098091296821,355,additive+buffer,functionalization+molecular_weight+concentration,0.7291078857035196,0.4317980765738375
classification,two_slot_pca38_buffer_classifier_xgboost,two_slot38,XGBoost,dexma_only,45,o-salt+buffer__p-empty,0.6945295512688888,355,salt+buffer,empty,0.7291078857035196,0.034578334434630764
classification,two_slot_pca38_buffer_classifier_xgboost,two_slot38,XGBoost,dexma_only,45,o-salt+buffer__p-functionalization,0.6632907922747736,355,salt+buffer,functionalization,0.7291078857035196,0.06581709342874598
classification,two_slot_pca38_buffer_classifier_xgboost,two_slot38,XGBoost,dexma_only,45,o-salt+buffer__p-molecular_weight,0.6808823790901499,355,salt+buffer,molecular_weight,0.7291078857035196,0.04822550661336966
classification,two_slot_pca38_buffer_classifier_xgboost,two_slot38,XGBoost,dexma_only,45,o-salt+buffer__p-concentration,0.6249963789681715,355,salt+buffer,concentration,0.7291078857035196,0.10411150673534808
classification,two_slot_pca38_buffer_classifier_xgboost,two_slot38,XGBoost,dexma_only,45,o-salt+buffer__p-functionalization+molecular_weight,0.6760186485861158,355,salt+buffer,functionalization+molecular_weight,0.7291078857035196,0.053089237117403765
classification,two_slot_pca38_buffer_classifier_xgboost,two_slot38,XGBoost,dexma_only,45,o-salt+buffer__p-functionalization+concentration,0.6273962715682363,355,salt+buffer,functionalization+concentration,0.7291078857035196,0.10171161413528329
classification,two_slot_pca38_buffer_classifier_xgboost,two_slot38,XGBoost,dexma_only,45,o-salt+buffer__p-molecular_weight+concentration,0.6372599966833462,355,salt+buffer,molecular_weight+concentration,0.7291078857035196,0.09184788902017338
classification,two_slot_pca38_buffer_classifier_xgboost,two_slot38,XGBoost,dexma_only,45,o-salt+buffer__p-functionalization+molecular_weight+concentration,0.6369137851746831,355,salt+buffer,functionalization+molecular_weight+concentration,0.7291078857035196,0.09219410052883648
classification,two_slot_pca38_buffer_classifier_xgboost,two_slot38,XGBoost,dexma_only,45,o-additive+salt+buffer__p-empty,0.3871385125183499,355,additive+salt+buffer,empty,0.7291078857035196,0.3419693731851697
classification,two_slot_pca38_buffer_classifier_xgboost,two_slot38,XGBoost,dexma_only,45,o-additive+salt+buffer__p-functionalization,0.32544305923249145,355,additive+salt+buffer,functionalization,0.7291078857035196,0.40366482647102814
classification,two_slot_pca38_buffer_classifier_xgboost,two_slot38,XGBoost,dexma_only,45,o-additive+salt+buffer__p-molecular_weight,0.32684133968034784,355,additive+salt+buffer,molecular_weight,0.7291078857035196,0.40226654602317174
classification,two_slot_pca38_buffer_classifier_xgboost,two_slot38,XGBoost,dexma_only,45,o-additive+salt+buffer__p-concentration,0.2743946318824955,355,additive+salt+buffer,concentration,0.7291078857035196,0.45471325382102407
classification,two_slot_pca38_buffer_classifier_xgboost,two_slot38,XGBoost,dexma_only,45,o-additive+salt+buffer__p-functionalization+molecular_weight,0.32137995250169316,355,additive+salt+buffer,functionalization+molecular_weight,0.7291078857035196,0.40772793320182643
classification,two_slot_pca38_buffer_classifier_xgboost,two_slot38,XGBoost,dexma_only,45,o-additive+salt+buffer__p-functionalization+concentration,0.27813355661726474,355,additive+salt+buffer,functionalization+concentration,0.7291078857035196,0.45097432908625484
classification,two_slot_pca38_buffer_classifier_xgboost,two_slot38,XGBoost,dexma_only,45,o-additive+salt+buffer__p-molecular_weight+concentration,0.2716800972930398,355,additive+salt+buffer,molecular_weight+concentration,0.7291078857035196,0.45742778841047976
classification,two_slot_pca38_buffer_classifier_xgboost,two_slot38,XGBoost,dexma_only,45,o-additive+salt+buffer__p-functionalization+molecular_weight+concentration,0.25636569743611703,355,additive+salt+buffer,functionalization+molecular_weight+concentration,0.7291078857035196,0.47274218826740255
classification,two_slot_pca38_buffer_classifier_xgboost,two_slot38,XGBoost,dexma_only,46,o-empty__p-empty,0.729008712241629,355,empty,empty,0.729008712241629,0.0
classification,two_slot_pca38_buffer_classifier_xgboost,two_slot38,XGBoost,dexma_only,46,o-empty__p-functionalization,0.6975865976863362,355,empty,functionalization,0.729008712241629,0.03142211455529276
classification,two_slot_pca38_buffer_classifier_xgboost,two_slot38,XGBoost,dexma_only,46,o-empty__p-molecular_weight,0.7240206475270886,355,empty,molecular_weight,0.729008712241629,0.004988064714540386
classification,two_slot_pca38_buffer_classifier_xgboost,two_slot38,XGBoost,dexma_only,46,o-empty__p-concentration,0.6499218490550032,355,empty,concentration,0.729008712241629,0.07908686318662583
classification,two_slot_pca38_buffer_classifier_xgboost,two_slot38,XGBoost,dexma_only,46,o-empty__p-functionalization+molecular_weight,0.7016035988097267,355,empty,functionalization+molecular_weight,0.729008712241629,0.027405113431902328
classification,two_slot_pca38_buffer_classifier_xgboost,two_slot38,XGBoost,dexma_only,46,o-empty__p-functionalization+concentration,0.6489045140223362,355,empty,functionalization+concentration,0.729008712241629,0.08010419821929282
classification,two_slot_pca38_buffer_classifier_xgboost,two_slot38,XGBoost,dexma_only,46,o-empty__p-molecular_weight+concentration,0.6604645436113273,355,empty,molecular_weight+concentration,0.729008712241629,0.06854416863030166
classification,two_slot_pca38_buffer_classifier_xgboost,two_slot38,XGBoost,dexma_only,46,o-empty__p-functionalization+molecular_weight+concentration,0.666429017723959,355,empty,functionalization+molecular_weight+concentration,0.729008712241629,0.06257969451766998
classification,two_slot_pca38_buffer_classifier_xgboost,two_slot38,XGBoost,dexma_only,46,o-additive__p-empty,0.4592672023980037,355,additive,empty,0.729008712241629,0.26974150984362527
classification,two_slot_pca38_buffer_classifier_xgboost,two_slot38,XGBoost,dexma_only,46,o-additive__p-functionalization,0.38042424800680036,355,additive,functionalization,0.729008712241629,0.34858446423482864
classification,two_slot_pca38_buffer_classifier_xgboost,two_slot38,XGBoost,dexma_only,46,o-additive__p-molecular_weight,0.4218238762436668,355,additive,molecular_weight,0.729008712241629,0.3071848359979622
classification,two_slot_pca38_buffer_classifier_xgboost,two_slot38,XGBoost,dexma_only,46,o-additive__p-concentration,0.34668386030808224,355,additive,concentration,0.729008712241629,0.38232485193354676
classification,two_slot_pca38_buffer_classifier_xgboost,two_slot38,XGBoost,dexma_only,46,o-additive__p-functionalization+molecular_weight,0.3933364681118405,355,additive,functionalization+molecular_weight,0.729008712241629,0.3356722441297885
classification,two_slot_pca38_buffer_classifier_xgboost,two_slot38,XGBoost,dexma_only,46,o-additive__p-functionalization+concentration,0.32598120789217083,355,additive,functionalization+concentration,0.729008712241629,0.40302750434945817
classification,two_slot_pca38_buffer_classifier_xgboost,two_slot38,XGBoost,dexma_only,46,o-additive__p-molecular_weight+concentration,0.34216821142685433,355,additive,molecular_weight+concentration,0.729008712241629,0.38684050081477467
classification,two_slot_pca38_buffer_classifier_xgboost,two_slot38,XGBoost,dexma_only,46,o-additive__p-functionalization+molecular_weight+concentration,0.3166166758912808,355,additive,functionalization+molecular_weight+concentration,0.729008712241629,0.4123920363503482
classification,two_slot_pca38_buffer_classifier_xgboost,two_slot38,XGBoost,dexma_only,46,o-salt__p-empty,0.706829883095512,355,salt,empty,0.729008712241629,0.02217882914611702
classification,two_slot_pca38_buffer_classifier_xgboost,two_slot38,XGBoost,dexma_only,46,o-salt__p-functionalization,0.6906582427336365,355,salt,functionalization,0.729008712241629,0.03835046950799248
classification,two_slot_pca38_buffer_classifier_xgboost,two_slot38,XGBoost,dexma_only,46,o-salt__p-molecular_weight,0.7011121264266389,355,salt,molecular_weight,0.729008712241629,0.027896585814990105
classification,two_slot_pca38_buffer_classifier_xgboost,two_slot38,XGBoost,dexma_only,46,o-salt__p-concentration,0.6504082970749046,355,salt,concentration,0.729008712241629,0.07860041516672445
classification,two_slot_pca38_buffer_classifier_xgboost,two_slot38,XGBoost,dexma_only,46,o-salt__p-functionalization+molecular_weight,0.6927166848967888,355,salt,functionalization+molecular_weight,0.729008712241629,0.03629202734484016
classification,two_slot_pca38_buffer_classifier_xgboost,two_slot38,XGBoost,dexma_only,46,o-salt__p-functionalization+concentration,0.6503550184080439,355,salt,functionalization+concentration,0.729008712241629,0.07865369383358511
classification,two_slot_pca38_buffer_classifier_xgboost,two_slot38,XGBoost,dexma_only,46,o-salt__p-molecular_weight+concentration,0.6533916522074945,355,salt,molecular_weight+concentration,0.729008712241629,0.07561706003413449
classification,two_slot_pca38_buffer_classifier_xgboost,two_slot38,XGBoost,dexma_only,46,o-salt__p-functionalization+molecular_weight+concentration,0.6509404387628889,355,salt,functionalization+molecular_weight+concentration,0.729008712241629,0.07806827347874012
classification,two_slot_pca38_buffer_classifier_xgboost,two_slot38,XGBoost,dexma_only,46,o-buffer__p-empty,0.7275246526883904,355,buffer,empty,0.729008712241629,0.0014840595532386036
classification,two_slot_pca38_buffer_classifier_xgboost,two_slot38,XGBoost,dexma_only,46,o-buffer__p-functionalization,0.6984467821917419,355,buffer,functionalization,0.729008712241629,0.030561930049887054
classification,two_slot_pca38_buffer_classifier_xgboost,two_slot38,XGBoost,dexma_only,46,o-buffer__p-molecular_weight,0.7220602087266085,355,buffer,molecular_weight,0.729008712241629,0.006948503515020521
classification,two_slot_pca38_buffer_classifier_xgboost,two_slot38,XGBoost,dexma_only,46,o-buffer__p-concentration,0.6535262197026068,355,buffer,concentration,0.729008712241629,0.07548249253902217
classification,two_slot_pca38_buffer_classifier_xgboost,two_slot38,XGBoost,dexma_only,46,o-buffer__p-functionalization+molecular_weight,0.7092914792746411,355,buffer,functionalization+molecular_weight,0.729008712241629,0.019717232966987908
classification,two_slot_pca38_buffer_classifier_xgboost,two_slot38,XGBoost,dexma_only,46,o-buffer__p-functionalization+concentration,0.6466588365648733,355,buffer,functionalization+concentration,0.729008712241629,0.08234987567675567
classification,two_slot_pca38_buffer_classifier_xgboost,two_slot38,XGBoost,dexma_only,46,o-buffer__p-molecular_weight+concentration,0.6653495226843228,355,buffer,molecular_weight+concentration,0.729008712241629,0.0636591895573062
classification,two_slot_pca38_buffer_classifier_xgboost,two_slot38,XGBoost,dexma_only,46,o-buffer__p-functionalization+molecular_weight+concentration,0.6644903202615366,355,buffer,functionalization+molecular_weight+concentration,0.729008712241629,0.06451839198009235
classification,two_slot_pca38_buffer_classifier_xgboost,two_slot38,XGBoost,dexma_only,46,o-additive+salt__p-empty,0.37231035923991007,355,additive+salt,empty,0.729008712241629,0.3566983530017189
classification,two_slot_pca38_buffer_classifier_xgboost,two_slot38,XGBoost,dexma_only,46,o-additive+salt__p-functionalization,0.32611422969425924,355,additive+salt,functionalization,0.729008712241629,0.40289448254736976
classification,two_slot_pca38_buffer_classifier_xgboost,two_slot38,XGBoost,dexma_only,46,o-additive+salt__p-molecular_weight,0.33751320177494826,355,additive+salt,molecular_weight,0.729008712241629,0.39149551046668074
classification,two_slot_pca38_buffer_classifier_xgboost,two_slot38,XGBoost,dexma_only,46,o-additive+salt__p-concentration,0.2912430089722932,355,additive+salt,concentration,0.729008712241629,0.4377657032693358
classification,two_slot_pca38_buffer_classifier_xgboost,two_slot38,XGBoost,dexma_only,46,o-additive+salt__p-functionalization+molecular_weight,0.3291925442902553,355,additive+salt,functionalization+molecular_weight,0.729008712241629,0.3998161679513737
classification,two_slot_pca38_buffer_classifier_xgboost,two_slot38,XGBoost,dexma_only,46,o-additive+salt__p-functionalization+concentration,0.29164336017446857,355,additive+salt,functionalization+concentration,0.729008712241629,0.43736535206716043
classification,two_slot_pca38_buffer_classifier_xgboost,two_slot38,XGBoost,dexma_only,46,o-additive+salt__p-molecular_weight+concentration,0.28567417097998693,355,additive+salt,molecular_weight+concentration,0.729008712241629,0.44333454126164207
classification,two_slot_pca38_buffer_classifier_xgboost,two_slot38,XGBoost,dexma_only,46,o-additive+salt__p-functionalization+molecular_weight+concentration,0.27391355450123983,355,additive+salt,functionalization+molecular_weight+concentration,0.729008712241629,0.45509515774038917
classification,two_slot_pca38_buffer_classifier_xgboost,two_slot38,XGBoost,dexma_only,46,o-additive+buffer__p-empty,0.4612518969568774,355,additive+buffer,empty,0.729008712241629,0.2677568152847516
classification,two_slot_pca38_buffer_classifier_xgboost,two_slot38,XGBoost,dexma_only,46,o-additive+buffer__p-functionalization,0.37568757605798486,355,additive+buffer,functionalization,0.729008712241629,0.35332113618364414
classification,two_slot_pca38_buffer_classifier_xgboost,two_slot38,XGBoost,dexma_only,46,o-additive+buffer__p-molecular_weight,0.4255731705279733,355,additive+buffer,molecular_weight,0.729008712241629,0.3034355417136557
classification,two_slot_pca38_buffer_classifier_xgboost,two_slot38,XGBoost,dexma_only,46,o-additive+buffer__p-concentration,0.33755635403036927,355,additive+buffer,concentration,0.729008712241629,0.39145235821125973
classification,two_slot_pca38_buffer_classifier_xgboost,two_slot38,XGBoost,dexma_only,46,o-additive+buffer__p-functionalization+molecular_weight,0.39190923215558976,355,additive+buffer,functionalization+molecular_weight,0.729008712241629,0.33709948008603924
classification,two_slot_pca38_buffer_classifier_xgboost,two_slot38,XGBoost,dexma_only,46,o-additive+buffer__p-functionalization+concentration,0.31197905384673047,355,additive+buffer,functionalization+concentration,0.729008712241629,0.41702965839489853
classification,two_slot_pca38_buffer_classifier_xgboost,two_slot38,XGBoost,dexma_only,46,o-additive+buffer__p-molecular_weight+concentration,0.33396603351975573,355,additive+buffer,molecular_weight+concentration,0.729008712241629,0.39504267872187326
classification,two_slot_pca38_buffer_classifier_xgboost,two_slot38,XGBoost,dexma_only,46,o-additive+buffer__p-functionalization+molecular_weight+concentration,0.29877451593973203,355,additive+buffer,functionalization+molecular_weight+concentration,0.729008712241629,0.43023419630189697
classification,two_slot_pca38_buffer_classifier_xgboost,two_slot38,XGBoost,dexma_only,46,o-salt+buffer__p-empty,0.6987289808955126,355,salt+buffer,empty,0.729008712241629,0.03027973134611639
classification,two_slot_pca38_buffer_classifier_xgboost,two_slot38,XGBoost,dexma_only,46,o-salt+buffer__p-functionalization,0.6803864509408197,355,salt+buffer,functionalization,0.729008712241629,0.048622261300809266
classification,two_slot_pca38_buffer_classifier_xgboost,two_slot38,XGBoost,dexma_only,46,o-salt+buffer__p-molecular_weight,0.692433847634169,355,salt+buffer,molecular_weight,0.729008712241629,0.036574864607459956
classification,two_slot_pca38_buffer_classifier_xgboost,two_slot38,XGBoost,dexma_only,46,o-salt+buffer__p-concentration,0.6470783173563928,355,salt+buffer,concentration,0.729008712241629,0.08193039488523624
classification,two_slot_pca38_buffer_classifier_xgboost,two_slot38,XGBoost,dexma_only,46,o-salt+buffer__p-functionalization+molecular_weight,0.6881201780510744,355,salt+buffer,functionalization+molecular_weight,0.729008712241629,0.040888534190554604
classification,two_slot_pca38_buffer_classifier_xgboost,two_slot38,XGBoost,dexma_only,46,o-salt+buffer__p-functionalization+concentration,0.6459221611952908,355,salt+buffer,functionalization+concentration,0.729008712241629,0.08308655104633822
classification,two_slot_pca38_buffer_classifier_xgboost,two_slot38,XGBoost,dexma_only,46,o-salt+buffer__p-molecular_weight+concentration,0.650955075513091,355,salt+buffer,molecular_weight+concentration,0.729008712241629,0.07805363672853805
classification,two_slot_pca38_buffer_classifier_xgboost,two_slot38,XGBoost,dexma_only,46,o-salt+buffer__p-functionalization+molecular_weight+concentration,0.6478829686042528,355,salt+buffer,functionalization+molecular_weight+concentration,0.729008712241629,0.08112574363737624
classification,two_slot_pca38_buffer_classifier_xgboost,two_slot38,XGBoost,dexma_only,46,o-additive+salt+buffer__p-empty,0.3738759607143038,355,additive+salt+buffer,empty,0.729008712241629,0.3551327515273252
classification,two_slot_pca38_buffer_classifier_xgboost,two_slot38,XGBoost,dexma_only,46,o-additive+salt+buffer__p-functionalization,0.3221527049109498,355,additive+salt+buffer,functionalization,0.729008712241629,0.40685600733067917
classification,two_slot_pca38_buffer_classifier_xgboost,two_slot38,XGBoost,dexma_only,46,o-additive+salt+buffer__p-molecular_weight,0.33811045403803885,355,additive+salt+buffer,molecular_weight,0.729008712241629,0.39089825820359014
classification,two_slot_pca38_buffer_classifier_xgboost,two_slot38,XGBoost,dexma_only,46,o-additive+salt+buffer__p-concentration,0.28029777672242434,355,additive+salt+buffer,concentration,0.729008712241629,0.44871093551920466
classification,two_slot_pca38_buffer_classifier_xgboost,two_slot38,XGBoost,dexma_only,46,o-additive+salt+buffer__p-functionalization+molecular_weight,0.33096904392394605,355,additive+salt+buffer,functionalization+molecular_weight,0.729008712241629,0.39803966831768295
classification,two_slot_pca38_buffer_classifier_xgboost,two_slot38,XGBoost,dexma_only,46,o-additive+salt+buffer__p-functionalization+concentration,0.28085953926266116,355,additive+salt+buffer,functionalization+concentration,0.729008712241629,0.44814917297896784
classification,two_slot_pca38_buffer_classifier_xgboost,two_slot38,XGBoost,dexma_only,46,o-additive+salt+buffer__p-molecular_weight+concentration,0.27500519822037833,355,additive+salt+buffer,molecular_weight+concentration,0.729008712241629,0.45400351402125066
classification,two_slot_pca38_buffer_classifier_xgboost,two_slot38,XGBoost,dexma_only,46,o-additive+salt+buffer__p-functionalization+molecular_weight+concentration,0.2630626031133679,355,additive+salt+buffer,functionalization+molecular_weight+concentration,0.729008712241629,0.4659461091282611
classification,two_slot_pca38_buffer_classifier_mlp,two_slot38,MLP,all,42,o-empty__p-empty,0.8247393937014352,403,empty,empty,0.8247393937014352,0.0
classification,two_slot_pca38_buffer_classifier_mlp,two_slot38,MLP,all,42,o-empty__p-functionalization,0.7473357804951594,403,empty,functionalization,0.8247393937014352,0.07740361320627587
classification,two_slot_pca38_buffer_classifier_mlp,two_slot38,MLP,all,42,o-empty__p-molecular_weight,0.7776106786211828,403,empty,molecular_weight,0.8247393937014352,0.047128715080252404
classification,two_slot_pca38_buffer_classifier_mlp,two_slot38,MLP,all,42,o-empty__p-concentration,0.766420700981274,403,empty,concentration,0.8247393937014352,0.058318692720161214
classification,two_slot_pca38_buffer_classifier_mlp,two_slot38,MLP,all,42,o-empty__p-functionalization+molecular_weight,0.7512240499410133,403,empty,functionalization+molecular_weight,0.8247393937014352,0.0735153437604219
classification,two_slot_pca38_buffer_classifier_mlp,two_slot38,MLP,all,42,o-empty__p-functionalization+concentration,0.7469608412269856,403,empty,functionalization+concentration,0.8247393937014352,0.07777855247444965
classification,two_slot_pca38_buffer_classifier_mlp,two_slot38,MLP,all,42,o-empty__p-molecular_weight+concentration,0.7589258458593616,403,empty,molecular_weight+concentration,0.8247393937014352,0.0658135478420736
classification,two_slot_pca38_buffer_classifier_mlp,two_slot38,MLP,all,42,o-empty__p-functionalization+molecular_weight+concentration,0.7320201145385578,403,empty,functionalization+molecular_weight+concentration,0.8247393937014352,0.09271927916287748
classification,two_slot_pca38_buffer_classifier_mlp,two_slot38,MLP,all,42,o-additive__p-empty,0.5749648416524804,403,additive,empty,0.8247393937014352,0.24977455204895482
classification,two_slot_pca38_buffer_classifier_mlp,two_slot38,MLP,all,42,o-additive__p-functionalization,0.49927844105724734,403,additive,functionalization,0.8247393937014352,0.3254609526441879
classification,two_slot_pca38_buffer_classifier_mlp,two_slot38,MLP,all,42,o-additive__p-molecular_weight,0.5188726072669055,403,additive,molecular_weight,0.8247393937014352,0.3058667864345297
classification,two_slot_pca38_buffer_classifier_mlp,two_slot38,MLP,all,42,o-additive__p-concentration,0.4736523145706665,403,additive,concentration,0.8247393937014352,0.35108707913076875
classification,two_slot_pca38_buffer_classifier_mlp,two_slot38,MLP,all,42,o-additive__p-functionalization+molecular_weight,0.499230945972227,403,additive,functionalization+molecular_weight,0.8247393937014352,0.32550844772920823
classification,two_slot_pca38_buffer_classifier_mlp,two_slot38,MLP,all,42,o-additive__p-functionalization+concentration,0.46651928846404445,403,additive,functionalization+concentration,0.8247393937014352,0.3582201052373908
classification,two_slot_pca38_buffer_classifier_mlp,two_slot38,MLP,all,42,o-additive__p-molecular_weight+concentration,0.4508127411378912,403,additive,molecular_weight+concentration,0.8247393937014352,0.373926652563544
classification,two_slot_pca38_buffer_classifier_mlp,two_slot38,MLP,all,42,o-additive__p-functionalization+molecular_weight+concentration,0.4530436875711244,403,additive,functionalization+molecular_weight+concentration,0.8247393937014352,0.37169570613031083
classification,two_slot_pca38_buffer_classifier_mlp,two_slot38,MLP,all,42,o-salt__p-empty,0.7908632883764148,403,salt,empty,0.8247393937014352,0.03387610532502039
classification,two_slot_pca38_buffer_classifier_mlp,two_slot38,MLP,all,42,o-salt__p-functionalization,0.7229580808198992,403,salt,functionalization,0.8247393937014352,0.10178131288153602
classification,two_slot_pca38_buffer_classifier_mlp,two_slot38,MLP,all,42,o-salt__p-molecular_weight,0.7636257424121881,403,salt,molecular_weight,0.8247393937014352,0.06111365128924717
classification,two_slot_pca38_buffer_classifier_mlp,two_slot38,MLP,all,42,o-salt__p-concentration,0.7322741830268973,403,salt,concentration,0.8247393937014352,0.09246521067453795
classification,two_slot_pca38_buffer_classifier_mlp,two_slot38,MLP,all,42,o-salt__p-functionalization+molecular_weight,0.7257581880855957,403,salt,functionalization+molecular_weight,0.8247393937014352,0.09898120561583956
classification,two_slot_pca38_buffer_classifier_mlp,two_slot38,MLP,all,42,o-salt__p-functionalization+concentration,0.7121054333683037,403,salt,functionalization+concentration,0.8247393937014352,0.11263396033313156
classification,two_slot_pca38_buffer_classifier_mlp,two_slot38,MLP,all,42,o-salt__p-molecular_weight+concentration,0.7464300726503923,403,salt,molecular_weight+concentration,0.8247393937014352,0.07830932105104293
classification,two_slot_pca38_buffer_classifier_mlp,two_slot38,MLP,all,42,o-salt__p-functionalization+molecular_weight+concentration,0.718801772292484,403,salt,functionalization+molecular_weight+concentration,0.8247393937014352,0.10593762140895124
classification,two_slot_pca38_buffer_classifier_mlp,two_slot38,MLP,all,42,o-buffer__p-empty,0.8243438546647461,403,buffer,empty,0.8247393937014352,0.0003955390366890965
classification,two_slot_pca38_buffer_classifier_mlp,two_slot38,MLP,all,42,o-buffer__p-functionalization,0.7080917936404943,403,buffer,functionalization,0.8247393937014352,0.11664760006094088
classification,two_slot_pca38_buffer_classifier_mlp,two_slot38,MLP,all,42,o-buffer__p-molecular_weight,0.7769012655601165,403,buffer,molecular_weight,0.8247393937014352,0.047838128141318714
classification,two_slot_pca38_buffer_classifier_mlp,two_slot38,MLP,all,42,o-buffer__p-concentration,0.7686129991693049,403,buffer,concentration,0.8247393937014352,0.05612639453213031
classification,two_slot_pca38_buffer_classifier_mlp,two_slot38,MLP,all,42,o-buffer__p-functionalization+molecular_weight,0.7151659225305718,403,buffer,functionalization+molecular_weight,0.8247393937014352,0.10957347117086347
classification,two_slot_pca38_buffer_classifier_mlp,two_slot38,MLP,all,42,o-buffer__p-functionalization+concentration,0.7221322833980718,403,buffer,functionalization+concentration,0.8247393937014352,0.10260711030336345
classification,two_slot_pca38_buffer_classifier_mlp,two_slot38,MLP,all,42,o-buffer__p-molecular_weight+concentration,0.7304785966518326,403,buffer,molecular_weight+concentration,0.8247393937014352,0.09426079704960266
classification,two_slot_pca38_buffer_classifier_mlp,two_slot38,MLP,all,42,o-buffer__p-functionalization+molecular_weight+concentration,0.7223367115259505,403,buffer,functionalization+molecular_weight+concentration,0.8247393937014352,0.10240268217548476
classification,two_slot_pca38_buffer_classifier_mlp,two_slot38,MLP,all,42,o-additive+salt__p-empty,0.527584964570591,403,additive+salt,empty,0.8247393937014352,0.2971544291308442
classification,two_slot_pca38_buffer_classifier_mlp,two_slot38,MLP,all,42,o-additive+salt__p-functionalization,0.45059833423523793,403,additive+salt,functionalization,0.8247393937014352,0.3741410594661973
classification,two_slot_pca38_buffer_classifier_mlp,two_slot38,MLP,all,42,o-additive+salt__p-molecular_weight,0.5497374580880993,403,additive+salt,molecular_weight,0.8247393937014352,0.27500193561333597
classification,two_slot_pca38_buffer_classifier_mlp,two_slot38,MLP,all,42,o-additive+salt__p-concentration,0.4529973186170246,403,additive+salt,concentration,0.8247393937014352,0.37174207508441065
classification,two_slot_pca38_buffer_classifier_mlp,two_slot38,MLP,all,42,o-additive+salt__p-functionalization+molecular_weight,0.4340429633984457,403,additive+salt,functionalization+molecular_weight,0.8247393937014352,0.3906964303029895
classification,two_slot_pca38_buffer_classifier_mlp,two_slot38,MLP,all,42,o-additive+salt__p-functionalization+concentration,0.4172406370293867,403,additive+salt,functionalization+concentration,0.8247393937014352,0.40749875667204855
classification,two_slot_pca38_buffer_classifier_mlp,two_slot38,MLP,all,42,o-additive+salt__p-molecular_weight+concentration,0.43213982759229347,403,additive+salt,molecular_weight+concentration,0.8247393937014352,0.39259956610914176
classification,two_slot_pca38_buffer_classifier_mlp,two_slot38,MLP,all,42,o-additive+salt__p-functionalization+molecular_weight+concentration,0.3924241443523621,403,additive+salt,functionalization+molecular_weight+concentration,0.8247393937014352,0.4323152493490731
classification,two_slot_pca38_buffer_classifier_mlp,two_slot38,MLP,all,42,o-additive+buffer__p-empty,0.5628484169744842,403,additive+buffer,empty,0.8247393937014352,0.26189097672695105
classification,two_slot_pca38_buffer_classifier_mlp,two_slot38,MLP,all,42,o-additive+buffer__p-functionalization,0.4602049439690887,403,additive+buffer,functionalization,0.8247393937014352,0.36453444973234655
classification,two_slot_pca38_buffer_classifier_mlp,two_slot38,MLP,all,42,o-additive+buffer__p-molecular_weight,0.5076800289830287,403,additive+buffer,molecular_weight,0.8247393937014352,0.31705936471840657
classification,two_slot_pca38_buffer_classifier_mlp,two_slot38,MLP,all,42,o-additive+buffer__p-concentration,0.46670429141543,403,additive+buffer,concentration,0.8247393937014352,0.3580351022860052
classification,two_slot_pca38_buffer_classifier_mlp,two_slot38,MLP,all,42,o-additive+buffer__p-functionalization+molecular_weight,0.4561020026948744,403,additive+buffer,functionalization+molecular_weight,0.8247393937014352,0.36863739100656084
classification,two_slot_pca38_buffer_classifier_mlp,two_slot38,MLP,all,42,o-additive+buffer__p-functionalization+concentration,0.4480518807064782,403,additive+buffer,functionalization+concentration,0.8247393937014352,0.376687512994957
classification,two_slot_pca38_buffer_classifier_mlp,two_slot38,MLP,all,42,o-additive+buffer__p-molecular_weight+concentration,0.45841390949686067,403,additive+buffer,molecular_weight+concentration,0.8247393937014352,0.36632548420457456
classification,two_slot_pca38_buffer_classifier_mlp,two_slot38,MLP,all,42,o-additive+buffer__p-functionalization+molecular_weight+concentration,0.4585605035937394,403,additive+buffer,functionalization+molecular_weight+concentration,0.8247393937014352,0.36617889010769583
classification,two_slot_pca38_buffer_classifier_mlp,two_slot38,MLP,all,42,o-salt+buffer__p-empty,0.7959809413738324,403,salt+buffer,empty,0.8247393937014352,0.02875845232760288
classification,two_slot_pca38_buffer_classifier_mlp,two_slot38,MLP,all,42,o-salt+buffer__p-functionalization,0.7096386464069264,403,salt+buffer,functionalization,0.8247393937014352,0.11510074729450881
classification,two_slot_pca38_buffer_classifier_mlp,two_slot38,MLP,all,42,o-salt+buffer__p-molecular_weight,0.7810015143689681,403,salt+buffer,molecular_weight,0.8247393937014352,0.04373787933246709
classification,two_slot_pca38_buffer_classifier_mlp,two_slot38,MLP,all,42,o-salt+buffer__p-concentration,0.7372502136951979,403,salt+buffer,concentration,0.8247393937014352,0.08748918000623729
classification,two_slot_pca38_buffer_classifier_mlp,two_slot38,MLP,all,42,o-salt+buffer__p-functionalization+molecular_weight,0.7015164273428558,403,salt+buffer,functionalization+molecular_weight,0.8247393937014352,0.12322296635857943
classification,two_slot_pca38_buffer_classifier_mlp,two_slot38,MLP,all,42,o-salt+buffer__p-functionalization+concentration,0.712652028783751,403,salt+buffer,functionalization+concentration,0.8247393937014352,0.11208736491768423
classification,two_slot_pca38_buffer_classifier_mlp,two_slot38,MLP,all,42,o-salt+buffer__p-molecular_weight+concentration,0.7137377821323239,403,salt+buffer,molecular_weight+concentration,0.8247393937014352,0.11100161156911137
classification,two_slot_pca38_buffer_classifier_mlp,two_slot38,MLP,all,42,o-salt+buffer__p-functionalization+molecular_weight+concentration,0.7111645048630353,403,salt+buffer,functionalization+molecular_weight+concentration,0.8247393937014352,0.11357488883839995
classification,two_slot_pca38_buffer_classifier_mlp,two_slot38,MLP,all,42,o-additive+salt+buffer__p-empty,0.581776636916814,403,additive+salt+buffer,empty,0.8247393937014352,0.2429627567846212
classification,two_slot_pca38_buffer_classifier_mlp,two_slot38,MLP,all,42,o-additive+salt+buffer__p-functionalization,0.41814592812226314,403,additive+salt+buffer,functionalization,0.8247393937014352,0.4065934655791721
classification,two_slot_pca38_buffer_classifier_mlp,two_slot38,MLP,all,42,o-additive+salt+buffer__p-molecular_weight,0.5458541721277941,403,additive+salt+buffer,molecular_weight,0.8247393937014352,0.27888522157364115
classification,two_slot_pca38_buffer_classifier_mlp,two_slot38,MLP,all,42,o-additive+salt+buffer__p-concentration,0.45133380929027905,403,additive+salt+buffer,concentration,0.8247393937014352,0.3734055844111562
classification,two_slot_pca38_buffer_classifier_mlp,two_slot38,MLP,all,42,o-additive+salt+buffer__p-functionalization+molecular_weight,0.37859651004293804,403,additive+salt+buffer,functionalization+molecular_weight,0.8247393937014352,0.4461428836584972
classification,two_slot_pca38_buffer_classifier_mlp,two_slot38,MLP,all,42,o-additive+salt+buffer__p-functionalization+concentration,0.3712114097990444,403,additive+salt+buffer,functionalization+concentration,0.8247393937014352,0.45352798390239085
classification,two_slot_pca38_buffer_classifier_mlp,two_slot38,MLP,all,42,o-additive+salt+buffer__p-molecular_weight+concentration,0.39954898276878625,403,additive+salt+buffer,molecular_weight+concentration,0.8247393937014352,0.425190410932649
classification,two_slot_pca38_buffer_classifier_mlp,two_slot38,MLP,all,42,o-additive+salt+buffer__p-functionalization+molecular_weight+concentration,0.43919109739409246,403,additive+salt+buffer,functionalization+molecular_weight+concentration,0.8247393937014352,0.3855482963073428
classification,two_slot_pca38_buffer_classifier_mlp,two_slot38,MLP,all,43,o-empty__p-empty,0.8248171937476079,403,empty,empty,0.8248171937476079,0.0
classification,two_slot_pca38_buffer_classifier_mlp,two_slot38,MLP,all,43,o-empty__p-functionalization,0.7389168431075334,403,empty,functionalization,0.8248171937476079,0.08590035064007451
classification,two_slot_pca38_buffer_classifier_mlp,two_slot38,MLP,all,43,o-empty__p-molecular_weight,0.8102598335413039,403,empty,molecular_weight,0.8248171937476079,0.014557360206303938
classification,two_slot_pca38_buffer_classifier_mlp,two_slot38,MLP,all,43,o-empty__p-concentration,0.7410052359954553,403,empty,concentration,0.8248171937476079,0.08381195775215255
classification,two_slot_pca38_buffer_classifier_mlp,two_slot38,MLP,all,43,o-empty__p-functionalization+molecular_weight,0.7355103807156356,403,empty,functionalization+molecular_weight,0.8248171937476079,0.0893068130319723
classification,two_slot_pca38_buffer_classifier_mlp,two_slot38,MLP,all,43,o-empty__p-functionalization+concentration,0.7057895465540549,403,empty,functionalization+concentration,0.8248171937476079,0.11902764719355297
classification,two_slot_pca38_buffer_classifier_mlp,two_slot38,MLP,all,43,o-empty__p-molecular_weight+concentration,0.7026335451779651,403,empty,molecular_weight+concentration,0.8248171937476079,0.12218364856964281
classification,two_slot_pca38_buffer_classifier_mlp,two_slot38,MLP,all,43,o-empty__p-functionalization+molecular_weight+concentration,0.7158707506689312,403,empty,functionalization+molecular_weight+concentration,0.8248171937476079,0.10894644307867662
classification,two_slot_pca38_buffer_classifier_mlp,two_slot38,MLP,all,43,o-additive__p-empty,0.5863238642095009,403,additive,empty,0.8248171937476079,0.23849332953810698
classification,two_slot_pca38_buffer_classifier_mlp,two_slot38,MLP,all,43,o-additive__p-functionalization,0.5291670180744523,403,additive,functionalization,0.8248171937476079,0.29565017567315555
classification,two_slot_pca38_buffer_classifier_mlp,two_slot38,MLP,all,43,o-additive__p-molecular_weight,0.5636127207307369,403,additive,molecular_weight,0.8248171937476079,0.261204473016871
classification,two_slot_pca38_buffer_classifier_mlp,two_slot38,MLP,all,43,o-additive__p-concentration,0.49164584867669325,403,additive,concentration,0.8248171937476079,0.3331713450709146
classification,two_slot_pca38_buffer_classifier_mlp,two_slot38,MLP,all,43,o-additive__p-functionalization+molecular_weight,0.5365962910445193,403,additive,functionalization+molecular_weight,0.8248171937476079,0.28822090270308853
classification,two_slot_pca38_buffer_classifier_mlp,two_slot38,MLP,all,43,o-additive__p-functionalization+concentration,0.4843644807039415,403,additive,functionalization+concentration,0.8248171937476079,0.34045271304366637
classification,two_slot_pca38_buffer_classifier_mlp,two_slot38,MLP,all,43,o-additive__p-molecular_weight+concentration,0.47476885824727705,403,additive,molecular_weight+concentration,0.8248171937476079,0.3500483355003308
classification,two_slot_pca38_buffer_classifier_mlp,two_slot38,MLP,all,43,o-additive__p-functionalization+molecular_weight+concentration,0.4559670440855442,403,additive,functionalization+molecular_weight+concentration,0.8248171937476079,0.36885014966206364
classification,two_slot_pca38_buffer_classifier_mlp,two_slot38,MLP,all,43,o-salt__p-empty,0.7674687859584632,403,salt,empty,0.8248171937476079,0.05734840778914463
classification,two_slot_pca38_buffer_classifier_mlp,two_slot38,MLP,all,43,o-salt__p-functionalization,0.7083374799252514,403,salt,functionalization,0.8248171937476079,0.11647971382235645
classification,two_slot_pca38_buffer_classifier_mlp,two_slot38,MLP,all,43,o-salt__p-molecular_weight,0.7209218490027804,403,salt,molecular_weight,0.8248171937476079,0.10389534474482742
classification,two_slot_pca38_buffer_classifier_mlp,two_slot38,MLP,all,43,o-salt__p-concentration,0.7056064544566983,403,salt,concentration,0.8248171937476079,0.11921073929090953
classification,two_slot_pca38_buffer_classifier_mlp,two_slot38,MLP,all,43,o-salt__p-functionalization+molecular_weight,0.7117939437214584,403,salt,functionalization+molecular_weight,0.8248171937476079,0.11302325002614944
classification,two_slot_pca38_buffer_classifier_mlp,two_slot38,MLP,all,43,o-salt__p-functionalization+concentration,0.692353562962774,403,salt,functionalization+concentration,0.8248171937476079,0.13246363078483392
classification,two_slot_pca38_buffer_classifier_mlp,two_slot38,MLP,all,43,o-salt__p-molecular_weight+concentration,0.6927110099412167,403,salt,molecular_weight+concentration,0.8248171937476079,0.13210618380639116
classification,two_slot_pca38_buffer_classifier_mlp,two_slot38,MLP,all,43,o-salt__p-functionalization+molecular_weight+concentration,0.689916718599197,403,salt,functionalization+molecular_weight+concentration,0.8248171937476079,0.13490047514841086
classification,two_slot_pca38_buffer_classifier_mlp,two_slot38,MLP,all,43,o-buffer__p-empty,0.824779541136217,403,buffer,empty,0.8248171937476079,3.7652611390881496e-05
classification,two_slot_pca38_buffer_classifier_mlp,two_slot38,MLP,all,43,o-buffer__p-functionalization,0.7202680963730789,403,buffer,functionalization,0.8248171937476079,0.104549097374529
classification,two_slot_pca38_buffer_classifier_mlp,two_slot38,MLP,all,43,o-buffer__p-molecular_weight,0.7993169150790169,403,buffer,molecular_weight,0.8248171937476079,0.025500278668590948
classification,two_slot_pca38_buffer_classifier_mlp,two_slot38,MLP,all,43,o-buffer__p-concentration,0.7370944035886124,403,buffer,concentration,0.8248171937476079,0.08772279015899542
classification,two_slot_pca38_buffer_classifier_mlp,two_slot38,MLP,all,43,o-buffer__p-functionalization+molecular_weight,0.7207543884821105,403,buffer,functionalization+molecular_weight,0.8248171937476079,0.10406280526549738
classification,two_slot_pca38_buffer_classifier_mlp,two_slot38,MLP,all,43,o-buffer__p-functionalization+concentration,0.7093015850361352,403,buffer,functionalization+concentration,0.8248171937476079,0.1155156087114727
classification,two_slot_pca38_buffer_classifier_mlp,two_slot38,MLP,all,43,o-buffer__p-molecular_weight+concentration,0.7133742641158664,403,buffer,molecular_weight+concentration,0.8248171937476079,0.11144292963174152
classification,two_slot_pca38_buffer_classifier_mlp,two_slot38,MLP,all,43,o-buffer__p-functionalization+molecular_weight+concentration,0.6787209026377228,403,buffer,functionalization+molecular_weight+concentration,0.8248171937476079,0.1460962911098851
classification,two_slot_pca38_buffer_classifier_mlp,two_slot38,MLP,all,43,o-additive+salt__p-empty,0.564062350181059,403,additive+salt,empty,0.8248171937476079,0.2607548435665489
classification,two_slot_pca38_buffer_classifier_mlp,two_slot38,MLP,all,43,o-additive+salt__p-functionalization,0.48800276448149343,403,additive+salt,functionalization,0.8248171937476079,0.33681442926611443
classification,two_slot_pca38_buffer_classifier_mlp,two_slot38,MLP,all,43,o-additive+salt__p-molecular_weight,0.5305745900832168,403,additive+salt,molecular_weight,0.8248171937476079,0.29424260366439103
classification,two_slot_pca38_buffer_classifier_mlp,two_slot38,MLP,all,43,o-additive+salt__p-concentration,0.4266180799648724,403,additive+salt,concentration,0.8248171937476079,0.3981991137827355
classification,two_slot_pca38_buffer_classifier_mlp,two_slot38,MLP,all,43,o-additive+salt__p-functionalization+molecular_weight,0.455511894314021,403,additive+salt,functionalization+molecular_weight,0.8248171937476079,0.36930529943358686
classification,two_slot_pca38_buffer_classifier_mlp,two_slot38,MLP,all,43,o-additive+salt__p-functionalization+concentration,0.40390565064355943,403,additive+salt,functionalization+concentration,0.8248171937476079,0.42091154310404844
classification,two_slot_pca38_buffer_classifier_mlp,two_slot38,MLP,all,43,o-additive+salt__p-molecular_weight+concentration,0.4284768097353886,403,additive+salt,molecular_weight+concentration,0.8248171937476079,0.39634038401221927
classification,two_slot_pca38_buffer_classifier_mlp,two_slot38,MLP,all,43,o-additive+salt__p-functionalization+molecular_weight+concentration,0.3699176326746132,403,additive+salt,functionalization+molecular_weight+concentration,0.8248171937476079,0.4548995610729947
classification,two_slot_pca38_buffer_classifier_mlp,two_slot38,MLP,all,43,o-additive+buffer__p-empty,0.5922938845885658,403,additive+buffer,empty,0.8248171937476079,0.23252330915904207
classification,two_slot_pca38_buffer_classifier_mlp,two_slot38,MLP,all,43,o-additive+buffer__p-functionalization,0.58073732599774,403,additive+buffer,functionalization,0.8248171937476079,0.2440798677498679
classification,two_slot_pca38_buffer_classifier_mlp,two_slot38,MLP,all,43,o-additive+buffer__p-molecular_weight,0.6429631624893631,403,additive+buffer,molecular_weight,0.8248171937476079,0.18185403125824473
classification,two_slot_pca38_buffer_classifier_mlp,two_slot38,MLP,all,43,o-additive+buffer__p-concentration,0.4768692082103049,403,additive+buffer,concentration,0.8248171937476079,0.347947985537303
classification,two_slot_pca38_buffer_classifier_mlp,two_slot38,MLP,all,43,o-additive+buffer__p-functionalization+molecular_weight,0.514454686718357,403,additive+buffer,functionalization+molecular_weight,0.8248171937476079,0.31036250702925083
classification,two_slot_pca38_buffer_classifier_mlp,two_slot38,MLP,all,43,o-additive+buffer__p-functionalization+concentration,0.49190698687549106,403,additive+buffer,functionalization+concentration,0.8248171937476079,0.3329102068721168
classification,two_slot_pca38_buffer_classifier_mlp,two_slot38,MLP,all,43,o-additive+buffer__p-molecular_weight+concentration,0.46825040839510756,403,additive+buffer,molecular_weight+concentration,0.8248171937476079,0.3565667853525003
classification,two_slot_pca38_buffer_classifier_mlp,two_slot38,MLP,all,43,o-additive+buffer__p-functionalization+molecular_weight+concentration,0.46522914820112893,403,additive+buffer,functionalization+molecular_weight+concentration,0.8248171937476079,0.35958804554647894
classification,two_slot_pca38_buffer_classifier_mlp,two_slot38,MLP,all,43,o-salt+buffer__p-empty,0.761885398132858,403,salt+buffer,empty,0.8248171937476079,0.06293179561474982
classification,two_slot_pca38_buffer_classifier_mlp,two_slot38,MLP,all,43,o-salt+buffer__p-functionalization,0.6724102280102017,403,salt+buffer,functionalization,0.8248171937476079,0.1524069657374062
classification,two_slot_pca38_buffer_classifier_mlp,two_slot38,MLP,all,43,o-salt+buffer__p-molecular_weight,0.7062923992293728,403,salt+buffer,molecular_weight,0.8248171937476079,0.11852479451823505
classification,two_slot_pca38_buffer_classifier_mlp,two_slot38,MLP,all,43,o-salt+buffer__p-concentration,0.6760108559724007,403,salt+buffer,concentration,0.8248171937476079,0.14880633777520713
classification,two_slot_pca38_buffer_classifier_mlp,two_slot38,MLP,all,43,o-salt+buffer__p-functionalization+molecular_weight,0.6774082912787048,403,salt+buffer,functionalization+molecular_weight,0.8248171937476079,0.14740890246890304
classification,two_slot_pca38_buffer_classifier_mlp,two_slot38,MLP,all,43,o-salt+buffer__p-functionalization+concentration,0.6594407481748966,403,salt+buffer,functionalization+concentration,0.8248171937476079,0.16537644557271125
classification,two_slot_pca38_buffer_classifier_mlp,two_slot38,MLP,all,43,o-salt+buffer__p-molecular_weight+concentration,0.6709883237622293,403,salt+buffer,molecular_weight+concentration,0.8248171937476079,0.1538288699853786
classification,two_slot_pca38_buffer_classifier_mlp,two_slot38,MLP,all,43,o-salt+buffer__p-functionalization+molecular_weight+concentration,0.6596677399753069,403,salt+buffer,functionalization+molecular_weight+concentration,0.8248171937476079,0.16514945377230095
classification,two_slot_pca38_buffer_classifier_mlp,two_slot38,MLP,all,43,o-additive+salt+buffer__p-empty,0.5753908016586308,403,additive+salt+buffer,empty,0.8248171937476079,0.2494263920889771
classification,two_slot_pca38_buffer_classifier_mlp,two_slot38,MLP,all,43,o-additive+salt+buffer__p-functionalization,0.41581009276746467,403,additive+salt+buffer,functionalization,0.8248171937476079,0.4090071009801432
classification,two_slot_pca38_buffer_classifier_mlp,two_slot38,MLP,all,43,o-additive+salt+buffer__p-molecular_weight,0.5430804332261049,403,additive+salt+buffer,molecular_weight,0.8248171937476079,0.281736760521503
classification,two_slot_pca38_buffer_classifier_mlp,two_slot38,MLP,all,43,o-additive+salt+buffer__p-concentration,0.37418399069159736,403,additive+salt+buffer,concentration,0.8248171937476079,0.4506332030560105
classification,two_slot_pca38_buffer_classifier_mlp,two_slot38,MLP,all,43,o-additive+salt+buffer__p-functionalization+molecular_weight,0.46290308947048364,403,additive+salt+buffer,functionalization+molecular_weight,0.8248171937476079,0.3619141042771242
classification,two_slot_pca38_buffer_classifier_mlp,two_slot38,MLP,all,43,o-additive+salt+buffer__p-functionalization+concentration,0.39263063078895655,403,additive+salt+buffer,functionalization+concentration,0.8248171937476079,0.4321865629586513
classification,two_slot_pca38_buffer_classifier_mlp,two_slot38,MLP,all,43,o-additive+salt+buffer__p-molecular_weight+concentration,0.3954568627727389,403,additive+salt+buffer,molecular_weight+concentration,0.8248171937476079,0.429360330974869
classification,two_slot_pca38_buffer_classifier_mlp,two_slot38,MLP,all,43,o-additive+salt+buffer__p-functionalization+molecular_weight+concentration,0.381783326389645,403,additive+salt+buffer,functionalization+molecular_weight+concentration,0.8248171937476079,0.44303386735796285
classification,two_slot_pca38_buffer_classifier_mlp,two_slot38,MLP,all,44,o-empty__p-empty,0.8248609513924037,403,empty,empty,0.8248609513924037,0.0
classification,two_slot_pca38_buffer_classifier_mlp,two_slot38,MLP,all,44,o-empty__p-functionalization,0.7334544732157936,403,empty,functionalization,0.8248609513924037,0.09140647817661007
classification,two_slot_pca38_buffer_classifier_mlp,two_slot38,MLP,all,44,o-empty__p-molecular_weight,0.7431088519004787,403,empty,molecular_weight,0.8248609513924037,0.08175209949192497
classification,two_slot_pca38_buffer_classifier_mlp,two_slot38,MLP,all,44,o-empty__p-concentration,0.7230058341983754,403,empty,concentration,0.8248609513924037,0.10185511719402829
classification,two_slot_pca38_buffer_classifier_mlp,two_slot38,MLP,all,44,o-empty__p-functionalization+molecular_weight,0.7305610190821997,403,empty,functionalization+molecular_weight,0.8248609513924037,0.09429993231020395
classification,two_slot_pca38_buffer_classifier_mlp,two_slot38,MLP,all,44,o-empty__p-functionalization+concentration,0.7132629057040497,403,empty,functionalization+concentration,0.8248609513924037,0.11159804568835396
classification,two_slot_pca38_buffer_classifier_mlp,two_slot38,MLP,all,44,o-empty__p-molecular_weight+concentration,0.6907992768726041,403,empty,molecular_weight+concentration,0.8248609513924037,0.13406167451979956
classification,two_slot_pca38_buffer_classifier_mlp,two_slot38,MLP,all,44,o-empty__p-functionalization+molecular_weight+concentration,0.695550776487878,403,empty,functionalization+molecular_weight+concentration,0.8248609513924037,0.12931017490452568
classification,two_slot_pca38_buffer_classifier_mlp,two_slot38,MLP,all,44,o-additive__p-empty,0.5773996637437746,403,additive,empty,0.8248609513924037,0.24746128764862907
classification,two_slot_pca38_buffer_classifier_mlp,two_slot38,MLP,all,44,o-additive__p-functionalization,0.5126709491961629,403,additive,functionalization,0.8248609513924037,0.3121900021962408
classification,two_slot_pca38_buffer_classifier_mlp,two_slot38,MLP,all,44,o-additive__p-molecular_weight,0.5315536575029602,403,additive,molecular_weight,0.8248609513924037,0.29330729388944343
classification,two_slot_pca38_buffer_classifier_mlp,two_slot38,MLP,all,44,o-additive__p-concentration,0.46646042452116654,403,additive,concentration,0.8248609513924037,0.35840052687123714
classification,two_slot_pca38_buffer_classifier_mlp,two_slot38,MLP,all,44,o-additive__p-functionalization+molecular_weight,0.504199595006111,403,additive,functionalization+molecular_weight,0.8248609513924037,0.3206613563862927
classification,two_slot_pca38_buffer_classifier_mlp,two_slot38,MLP,all,44,o-additive__p-functionalization+concentration,0.46972868483075914,403,additive,functionalization+concentration,0.8248609513924037,0.35513226656164454
classification,two_slot_pca38_buffer_classifier_mlp,two_slot38,MLP,all,44,o-additive__p-molecular_weight+concentration,0.46323974258590056,403,additive,molecular_weight+concentration,0.8248609513924037,0.3616212088065031
classification,two_slot_pca38_buffer_classifier_mlp,two_slot38,MLP,all,44,o-additive__p-functionalization+molecular_weight+concentration,0.45030017375361997,403,additive,functionalization+molecular_weight+concentration,0.8248609513924037,0.3745607776387837
classification,two_slot_pca38_buffer_classifier_mlp,two_slot38,MLP,all,44,o-salt__p-empty,0.7984253168741061,403,salt,empty,0.8248609513924037,0.026435634518297557
classification,two_slot_pca38_buffer_classifier_mlp,two_slot38,MLP,all,44,o-salt__p-functionalization,0.7079510247391009,403,salt,functionalization,0.8248609513924037,0.1169099266533028
classification,two_slot_pca38_buffer_classifier_mlp,two_slot38,MLP,all,44,o-salt__p-molecular_weight,0.7522470020108978,403,salt,molecular_weight,0.8248609513924037,0.0726139493815059
classification,two_slot_pca38_buffer_classifier_mlp,two_slot38,MLP,all,44,o-salt__p-concentration,0.6983592092807968,403,salt,concentration,0.8248609513924037,0.12650174211160692
classification,two_slot_pca38_buffer_classifier_mlp,two_slot38,MLP,all,44,o-salt__p-functionalization+molecular_weight,0.7140157814541351,403,salt,functionalization+molecular_weight,0.8248609513924037,0.11084516993826854
classification,two_slot_pca38_buffer_classifier_mlp,two_slot38,MLP,all,44,o-salt__p-functionalization+concentration,0.702242892346799,403,salt,functionalization+concentration,0.8248609513924037,0.12261805904560463
classification,two_slot_pca38_buffer_classifier_mlp,two_slot38,MLP,all,44,o-salt__p-molecular_weight+concentration,0.6966068236566803,403,salt,molecular_weight+concentration,0.8248609513924037,0.12825412773572342
classification,two_slot_pca38_buffer_classifier_mlp,two_slot38,MLP,all,44,o-salt__p-functionalization+molecular_weight+concentration,0.6968445716996297,403,salt,functionalization+molecular_weight+concentration,0.8248609513924037,0.12801637969277402
classification,two_slot_pca38_buffer_classifier_mlp,two_slot38,MLP,all,44,o-buffer__p-empty,0.8213432331921886,403,buffer,empty,0.8248609513924037,0.0035177182002150698
classification,two_slot_pca38_buffer_classifier_mlp,two_slot38,MLP,all,44,o-buffer__p-functionalization,0.7183080942614816,403,buffer,functionalization,0.8248609513924037,0.10655285713092211
classification,two_slot_pca38_buffer_classifier_mlp,two_slot38,MLP,all,44,o-buffer__p-molecular_weight,0.7362582278438897,403,buffer,molecular_weight,0.8248609513924037,0.08860272354851395
classification,two_slot_pca38_buffer_classifier_mlp,two_slot38,MLP,all,44,o-buffer__p-concentration,0.7296316451915108,403,buffer,concentration,0.8248609513924037,0.09522930620089287
classification,two_slot_pca38_buffer_classifier_mlp,two_slot38,MLP,all,44,o-buffer__p-functionalization+molecular_weight,0.7182977512649756,403,buffer,functionalization+molecular_weight,0.8248609513924037,0.10656320012742804
classification,two_slot_pca38_buffer_classifier_mlp,two_slot38,MLP,all,44,o-buffer__p-functionalization+concentration,0.7013939301499554,403,buffer,functionalization+concentration,0.8248609513924037,0.12346702124244824
classification,two_slot_pca38_buffer_classifier_mlp,two_slot38,MLP,all,44,o-buffer__p-molecular_weight+concentration,0.7068858144789743,403,buffer,molecular_weight+concentration,0.8248609513924037,0.11797513691342942
classification,two_slot_pca38_buffer_classifier_mlp,two_slot38,MLP,all,44,o-buffer__p-functionalization+molecular_weight+concentration,0.6826273330291676,403,buffer,functionalization+molecular_weight+concentration,0.8248609513924037,0.14223361836323611
classification,two_slot_pca38_buffer_classifier_mlp,two_slot38,MLP,all,44,o-additive+salt__p-empty,0.5286131011968593,403,additive+salt,empty,0.8248609513924037,0.29624785019554434
classification,two_slot_pca38_buffer_classifier_mlp,two_slot38,MLP,all,44,o-additive+salt__p-functionalization,0.43127566918460564,403,additive+salt,functionalization,0.8248609513924037,0.39358528220779804
classification,two_slot_pca38_buffer_classifier_mlp,two_slot38,MLP,all,44,o-additive+salt__p-molecular_weight,0.5342088638214074,403,additive+salt,molecular_weight,0.8248609513924037,0.29065208757099625
classification,two_slot_pca38_buffer_classifier_mlp,two_slot38,MLP,all,44,o-additive+salt__p-concentration,0.44649805902143,403,additive+salt,concentration,0.8248609513924037,0.37836289237097365
classification,two_slot_pca38_buffer_classifier_mlp,two_slot38,MLP,all,44,o-additive+salt__p-functionalization+molecular_weight,0.45500111154929707,403,additive+salt,functionalization+molecular_weight,0.8248609513924037,0.3698598398431066
classification,two_slot_pca38_buffer_classifier_mlp,two_slot38,MLP,all,44,o-additive+salt__p-functionalization+concentration,0.4270383004331177,403,additive+salt,functionalization+concentration,0.8248609513924037,0.397822650959286
classification,two_slot_pca38_buffer_classifier_mlp,two_slot38,MLP,all,44,o-additive+salt__p-molecular_weight+concentration,0.4372808267500831,403,additive+salt,molecular_weight+concentration,0.8248609513924037,0.38758012464232056
classification,two_slot_pca38_buffer_classifier_mlp,two_slot38,MLP,all,44,o-additive+salt__p-functionalization+molecular_weight+concentration,0.40344572570928455,403,additive+salt,functionalization+molecular_weight+concentration,0.8248609513924037,0.4214152256831191
classification,two_slot_pca38_buffer_classifier_mlp,two_slot38,MLP,all,44,o-additive+buffer__p-empty,0.5668294296230834,403,additive+buffer,empty,0.8248609513924037,0.2580315217693203
classification,two_slot_pca38_buffer_classifier_mlp,two_slot38,MLP,all,44,o-additive+buffer__p-functionalization,0.5004199928052476,403,additive+buffer,functionalization,0.8248609513924037,0.32444095858715605
classification,two_slot_pca38_buffer_classifier_mlp,two_slot38,MLP,all,44,o-additive+buffer__p-molecular_weight,0.5387742250227525,403,additive+buffer,molecular_weight,0.8248609513924037,0.28608672636965116
classification,two_slot_pca38_buffer_classifier_mlp,two_slot38,MLP,all,44,o-additive+buffer__p-concentration,0.46884796197214906,403,additive+buffer,concentration,0.8248609513924037,0.3560129894202546
classification,two_slot_pca38_buffer_classifier_mlp,two_slot38,MLP,all,44,o-additive+buffer__p-functionalization+molecular_weight,0.497646119139289,403,additive+buffer,functionalization+molecular_weight,0.8248609513924037,0.32721483225311465
classification,two_slot_pca38_buffer_classifier_mlp,two_slot38,MLP,all,44,o-additive+buffer__p-functionalization+concentration,0.4568741421258085,403,additive+buffer,functionalization+concentration,0.8248609513924037,0.36798680926659516
classification,two_slot_pca38_buffer_classifier_mlp,two_slot38,MLP,all,44,o-additive+buffer__p-molecular_weight+concentration,0.4290071350909017,403,additive+buffer,molecular_weight+concentration,0.8248609513924037,0.39585381630150196
classification,two_slot_pca38_buffer_classifier_mlp,two_slot38,MLP,all,44,o-additive+buffer__p-functionalization+molecular_weight+concentration,0.4299511494540233,403,additive+buffer,functionalization+molecular_weight+concentration,0.8248609513924037,0.3949098019383804
classification,two_slot_pca38_buffer_classifier_mlp,two_slot38,MLP,all,44,o-salt+buffer__p-empty,0.7921380915965719,403,salt+buffer,empty,0.8248609513924037,0.03272285979583178
classification,two_slot_pca38_buffer_classifier_mlp,two_slot38,MLP,all,44,o-salt+buffer__p-functionalization,0.7085181223238745,403,salt+buffer,functionalization,0.8248609513924037,0.11634282906852922
classification,two_slot_pca38_buffer_classifier_mlp,two_slot38,MLP,all,44,o-salt+buffer__p-molecular_weight,0.7498962483642856,403,salt+buffer,molecular_weight,0.8248609513924037,0.07496470302811808
classification,two_slot_pca38_buffer_classifier_mlp,two_slot38,MLP,all,44,o-salt+buffer__p-concentration,0.684940809342358,403,salt+buffer,concentration,0.8248609513924037,0.13992014205004566
classification,two_slot_pca38_buffer_classifier_mlp,two_slot38,MLP,all,44,o-salt+buffer__p-functionalization+molecular_weight,0.7083846891962203,403,salt+buffer,functionalization+molecular_weight,0.8248609513924037,0.11647626219618334
classification,two_slot_pca38_buffer_classifier_mlp,two_slot38,MLP,all,44,o-salt+buffer__p-functionalization+concentration,0.6815286063492986,403,salt+buffer,functionalization+concentration,0.8248609513924037,0.1433323450431051
classification,two_slot_pca38_buffer_classifier_mlp,two_slot38,MLP,all,44,o-salt+buffer__p-molecular_weight+concentration,0.678456057182222,403,salt+buffer,molecular_weight+concentration,0.8248609513924037,0.14640489421018166
classification,two_slot_pca38_buffer_classifier_mlp,two_slot38,MLP,all,44,o-salt+buffer__p-functionalization+molecular_weight+concentration,0.6887188733824655,403,salt+buffer,functionalization+molecular_weight+concentration,0.8248609513924037,0.13614207800993816
classification,two_slot_pca38_buffer_classifier_mlp,two_slot38,MLP,all,44,o-additive+salt+buffer__p-empty,0.5293631125002346,403,additive+salt+buffer,empty,0.8248609513924037,0.2954978388921691
classification,two_slot_pca38_buffer_classifier_mlp,two_slot38,MLP,all,44,o-additive+salt+buffer__p-functionalization,0.4447686170979104,403,additive+salt+buffer,functionalization,0.8248609513924037,0.3800923342944933
classification,two_slot_pca38_buffer_classifier_mlp,two_slot38,MLP,all,44,o-additive+salt+buffer__p-molecular_weight,0.5032030076582076,403,additive+salt+buffer,molecular_weight,0.8248609513924037,0.3216579437341961
classification,two_slot_pca38_buffer_classifier_mlp,two_slot38,MLP,all,44,o-additive+salt+buffer__p-concentration,0.4300805996167728,403,additive+salt+buffer,concentration,0.8248609513924037,0.39478035177563087
classification,two_slot_pca38_buffer_classifier_mlp,two_slot38,MLP,all,44,o-additive+salt+buffer__p-functionalization+molecular_weight,0.411407592332917,403,additive+salt+buffer,functionalization+molecular_weight,0.8248609513924037,0.41345335905948666
classification,two_slot_pca38_buffer_classifier_mlp,two_slot38,MLP,all,44,o-additive+salt+buffer__p-functionalization+concentration,0.40004136287427383,403,additive+salt+buffer,functionalization+concentration,0.8248609513924037,0.42481958851812984
classification,two_slot_pca38_buffer_classifier_mlp,two_slot38,MLP,all,44,o-additive+salt+buffer__p-molecular_weight+concentration,0.4043651313992271,403,additive+salt+buffer,molecular_weight+concentration,0.8248609513924037,0.4204958199931766
classification,two_slot_pca38_buffer_classifier_mlp,two_slot38,MLP,all,44,o-additive+salt+buffer__p-functionalization+molecular_weight+concentration,0.3821438689402683,403,additive+salt+buffer,functionalization+molecular_weight+concentration,0.8248609513924037,0.44271708245213537
classification,two_slot_pca38_buffer_classifier_mlp,two_slot38,MLP,all,45,o-empty__p-empty,0.8248367368495156,403,empty,empty,0.8248367368495156,0.0
classification,two_slot_pca38_buffer_classifier_mlp,two_slot38,MLP,all,45,o-empty__p-functionalization,0.7481881020834413,403,empty,functionalization,0.8248367368495156,0.07664863476607431
classification,two_slot_pca38_buffer_classifier_mlp,two_slot38,MLP,all,45,o-empty__p-molecular_weight,0.8001484050279013,403,empty,molecular_weight,0.8248367368495156,0.02468833182161434
classification,two_slot_pca38_buffer_classifier_mlp,two_slot38,MLP,all,45,o-empty__p-concentration,0.7450003775356874,403,empty,concentration,0.8248367368495156,0.07983635931382826
classification,two_slot_pca38_buffer_classifier_mlp,two_slot38,MLP,all,45,o-empty__p-functionalization+molecular_weight,0.762825432083367,403,empty,functionalization+molecular_weight,0.8248367368495156,0.06201130476614869
classification,two_slot_pca38_buffer_classifier_mlp,two_slot38,MLP,all,45,o-empty__p-functionalization+concentration,0.7303476210370212,403,empty,functionalization+concentration,0.8248367368495156,0.09448911581249442
classification,two_slot_pca38_buffer_classifier_mlp,two_slot38,MLP,all,45,o-empty__p-molecular_weight+concentration,0.7205412858807251,403,empty,molecular_weight+concentration,0.8248367368495156,0.10429545096879056
classification,two_slot_pca38_buffer_classifier_mlp,two_slot38,MLP,all,45,o-empty__p-functionalization+molecular_weight+concentration,0.7044557955131298,403,empty,functionalization+molecular_weight+concentration,0.8248367368495156,0.12038094133638588
classification,two_slot_pca38_buffer_classifier_mlp,two_slot38,MLP,all,45,o-additive__p-empty,0.557714558818354,403,additive,empty,0.8248367368495156,0.2671221780311617
classification,two_slot_pca38_buffer_classifier_mlp,two_slot38,MLP,all,45,o-additive__p-functionalization,0.5055819981062599,403,additive,functionalization,0.8248367368495156,0.3192547387432557
classification,two_slot_pca38_buffer_classifier_mlp,two_slot38,MLP,all,45,o-additive__p-molecular_weight,0.5266608477299713,403,additive,molecular_weight,0.8248367368495156,0.2981758891195443
classification,two_slot_pca38_buffer_classifier_mlp,two_slot38,MLP,all,45,o-additive__p-concentration,0.46137397505171873,403,additive,concentration,0.8248367368495156,0.3634627617977969
classification,two_slot_pca38_buffer_classifier_mlp,two_slot38,MLP,all,45,o-additive__p-functionalization+molecular_weight,0.4918576813401036,403,additive,functionalization+molecular_weight,0.8248367368495156,0.33297905550941204
classification,two_slot_pca38_buffer_classifier_mlp,two_slot38,MLP,all,45,o-additive__p-functionalization+concentration,0.4500919005482959,403,additive,functionalization+concentration,0.8248367368495156,0.37474483630121974
classification,two_slot_pca38_buffer_classifier_mlp,two_slot38,MLP,all,45,o-additive__p-molecular_weight+concentration,0.4440601214168382,403,additive,molecular_weight+concentration,0.8248367368495156,0.38077661543267743
classification,two_slot_pca38_buffer_classifier_mlp,two_slot38,MLP,all,45,o-additive__p-functionalization+molecular_weight+concentration,0.42516956194648714,403,additive,functionalization+molecular_weight+concentration,0.8248367368495156,0.3996671749030285
classification,two_slot_pca38_buffer_classifier_mlp,two_slot38,MLP,all,45,o-salt__p-empty,0.7926854776809757,403,salt,empty,0.8248367368495156,0.03215125916853989
classification,two_slot_pca38_buffer_classifier_mlp,two_slot38,MLP,all,45,o-salt__p-functionalization,0.7524749823252317,403,salt,functionalization,0.8248367368495156,0.07236175452428395
classification,two_slot_pca38_buffer_classifier_mlp,two_slot38,MLP,all,45,o-salt__p-molecular_weight,0.7769559293547925,403,salt,molecular_weight,0.8248367368495156,0.04788080749472312
classification,two_slot_pca38_buffer_classifier_mlp,two_slot38,MLP,all,45,o-salt__p-concentration,0.7196336700287802,403,salt,concentration,0.8248367368495156,0.10520306682073544
classification,two_slot_pca38_buffer_classifier_mlp,two_slot38,MLP,all,45,o-salt__p-functionalization+molecular_weight,0.7455243541416071,403,salt,functionalization+molecular_weight,0.8248367368495156,0.07931238270790852
classification,two_slot_pca38_buffer_classifier_mlp,two_slot38,MLP,all,45,o-salt__p-functionalization+concentration,0.7153880368475981,403,salt,functionalization+concentration,0.8248367368495156,0.10944870000191753
classification,two_slot_pca38_buffer_classifier_mlp,two_slot38,MLP,all,45,o-salt__p-molecular_weight+concentration,0.7099158169550044,403,salt,molecular_weight+concentration,0.8248367368495156,0.11492091989451125
classification,two_slot_pca38_buffer_classifier_mlp,two_slot38,MLP,all,45,o-salt__p-functionalization+molecular_weight+concentration,0.7168479500462671,403,salt,functionalization+molecular_weight+concentration,0.8248367368495156,0.10798878680324853
classification,two_slot_pca38_buffer_classifier_mlp,two_slot38,MLP,all,45,o-buffer__p-empty,0.8218893420212265,403,buffer,empty,0.8248367368495156,0.002947394828289096
classification,two_slot_pca38_buffer_classifier_mlp,two_slot38,MLP,all,45,o-buffer__p-functionalization,0.7099308529861313,403,buffer,functionalization,0.8248367368495156,0.1149058838633843
classification,two_slot_pca38_buffer_classifier_mlp,two_slot38,MLP,all,45,o-buffer__p-molecular_weight,0.7940650463499866,403,buffer,molecular_weight,0.8248367368495156,0.030771690499528992
classification,two_slot_pca38_buffer_classifier_mlp,two_slot38,MLP,all,45,o-buffer__p-concentration,0.7391868070164361,403,buffer,concentration,0.8248367368495156,0.08564992983307951
classification,two_slot_pca38_buffer_classifier_mlp,two_slot38,MLP,all,45,o-buffer__p-functionalization+molecular_weight,0.7675447453495785,403,buffer,functionalization+molecular_weight,0.8248367368495156,0.057291991499937134
classification,two_slot_pca38_buffer_classifier_mlp,two_slot38,MLP,all,45,o-buffer__p-functionalization+concentration,0.713064168671554,403,buffer,functionalization+concentration,0.8248367368495156,0.11177256817796166
classification,two_slot_pca38_buffer_classifier_mlp,two_slot38,MLP,all,45,o-buffer__p-molecular_weight+concentration,0.6969190907891663,403,buffer,molecular_weight+concentration,0.8248367368495156,0.1279176460603494
classification,two_slot_pca38_buffer_classifier_mlp,two_slot38,MLP,all,45,o-buffer__p-functionalization+molecular_weight+concentration,0.6886540614781149,403,buffer,functionalization+molecular_weight+concentration,0.8248367368495156,0.13618267537140072
classification,two_slot_pca38_buffer_classifier_mlp,two_slot38,MLP,all,45,o-additive+salt__p-empty,0.5079760580265938,403,additive+salt,empty,0.8248367368495156,0.3168606788229218
classification,two_slot_pca38_buffer_classifier_mlp,two_slot38,MLP,all,45,o-additive+salt__p-functionalization,0.4439156676122466,403,additive+salt,functionalization,0.8248367368495156,0.38092106923726904
classification,two_slot_pca38_buffer_classifier_mlp,two_slot38,MLP,all,45,o-additive+salt__p-molecular_weight,0.4883384151754043,403,additive+salt,molecular_weight,0.8248367368495156,0.33649832167411137
classification,two_slot_pca38_buffer_classifier_mlp,two_slot38,MLP,all,45,o-additive+salt__p-concentration,0.3778142008006404,403,additive+salt,concentration,0.8248367368495156,0.44702253604887526
classification,two_slot_pca38_buffer_classifier_mlp,two_slot38,MLP,all,45,o-additive+salt__p-functionalization+molecular_weight,0.4028953969583165,403,additive+salt,functionalization+molecular_weight,0.8248367368495156,0.42194133989119914
classification,two_slot_pca38_buffer_classifier_mlp,two_slot38,MLP,all,45,o-additive+salt__p-functionalization+concentration,0.3565137576406502,403,additive+salt,functionalization+concentration,0.8248367368495156,0.46832297920886545
classification,two_slot_pca38_buffer_classifier_mlp,two_slot38,MLP,all,45,o-additive+salt__p-molecular_weight+concentration,0.36822275092947265,403,additive+salt,molecular_weight+concentration,0.8248367368495156,0.456613985920043
classification,two_slot_pca38_buffer_classifier_mlp,two_slot38,MLP,all,45,o-additive+salt__p-functionalization+molecular_weight+concentration,0.37528641364060683,403,additive+salt,functionalization+molecular_weight+concentration,0.8248367368495156,0.4495503232089088
classification,two_slot_pca38_buffer_classifier_mlp,two_slot38,MLP,all,45,o-additive+buffer__p-empty,0.5512237241525512,403,additive+buffer,empty,0.8248367368495156,0.2736130126969645
classification,two_slot_pca38_buffer_classifier_mlp,two_slot38,MLP,all,45,o-additive+buffer__p-functionalization,0.483522205666686,403,additive+buffer,functionalization,0.8248367368495156,0.3413145311828296
classification,two_slot_pca38_buffer_classifier_mlp,two_slot38,MLP,all,45,o-additive+buffer__p-molecular_weight,0.5110736539641536,403,additive+buffer,molecular_weight,0.8248367368495156,0.31376308288536203
classification,two_slot_pca38_buffer_classifier_mlp,two_slot38,MLP,all,45,o-additive+buffer__p-concentration,0.44817338422232705,403,additive+buffer,concentration,0.8248367368495156,0.3766633526271886
classification,two_slot_pca38_buffer_classifier_mlp,two_slot38,MLP,all,45,o-additive+buffer__p-functionalization+molecular_weight,0.455519462714735,403,additive+buffer,functionalization+molecular_weight,0.8248367368495156,0.36931727413478066
classification,two_slot_pca38_buffer_classifier_mlp,two_slot38,MLP,all,45,o-additive+buffer__p-functionalization+concentration,0.4225877091915157,403,additive+buffer,functionalization+concentration,0.8248367368495156,0.4022490276579999
classification,two_slot_pca38_buffer_classifier_mlp,two_slot38,MLP,all,45,o-additive+buffer__p-molecular_weight+concentration,0.43257720038884273,403,additive+buffer,molecular_weight+concentration,0.8248367368495156,0.3922595364606729
classification,two_slot_pca38_buffer_classifier_mlp,two_slot38,MLP,all,45,o-additive+buffer__p-functionalization+molecular_weight+concentration,0.4171334368452436,403,additive+buffer,functionalization+molecular_weight+concentration,0.8248367368495156,0.407703300004272
classification,two_slot_pca38_buffer_classifier_mlp,two_slot38,MLP,all,45,o-salt+buffer__p-empty,0.7864653547782811,403,salt+buffer,empty,0.8248367368495156,0.03837138207123458
classification,two_slot_pca38_buffer_classifier_mlp,two_slot38,MLP,all,45,o-salt+buffer__p-functionalization,0.7375947863048374,403,salt+buffer,functionalization,0.8248367368495156,0.0872419505446782
classification,two_slot_pca38_buffer_classifier_mlp,two_slot38,MLP,all,45,o-salt+buffer__p-molecular_weight,0.756851303483763,403,salt+buffer,molecular_weight,0.8248367368495156,0.06798543336575269
classification,two_slot_pca38_buffer_classifier_mlp,two_slot38,MLP,all,45,o-salt+buffer__p-concentration,0.7023419397566835,403,salt+buffer,concentration,0.8248367368495156,0.12249479709283217
classification,two_slot_pca38_buffer_classifier_mlp,two_slot38,MLP,all,45,o-salt+buffer__p-functionalization+molecular_weight,0.7504067589696002,403,salt+buffer,functionalization+molecular_weight,0.8248367368495156,0.07442997787991545
classification,two_slot_pca38_buffer_classifier_mlp,two_slot38,MLP,all,45,o-salt+buffer__p-functionalization+concentration,0.7302446591809788,403,salt+buffer,functionalization+concentration,0.8248367368495156,0.09459207766853683
classification,two_slot_pca38_buffer_classifier_mlp,two_slot38,MLP,all,45,o-salt+buffer__p-molecular_weight+concentration,0.7159977625955855,403,salt+buffer,molecular_weight+concentration,0.8248367368495156,0.10883897425393019
classification,two_slot_pca38_buffer_classifier_mlp,two_slot38,MLP,all,45,o-salt+buffer__p-functionalization+molecular_weight+concentration,0.7141870675603887,403,salt+buffer,functionalization+molecular_weight+concentration,0.8248367368495156,0.1106496692891269
classification,two_slot_pca38_buffer_classifier_mlp,two_slot38,MLP,all,45,o-additive+salt+buffer__p-empty,0.49693394617819525,403,additive+salt+buffer,empty,0.8248367368495156,0.3279027906713204
classification,two_slot_pca38_buffer_classifier_mlp,two_slot38,MLP,all,45,o-additive+salt+buffer__p-functionalization,0.39901198970756996,403,additive+salt+buffer,functionalization,0.8248367368495156,0.4258247471419457
classification,two_slot_pca38_buffer_classifier_mlp,two_slot38,MLP,all,45,o-additive+salt+buffer__p-molecular_weight,0.4596333202737218,403,additive+salt+buffer,molecular_weight,0.8248367368495156,0.36520341657579386
classification,two_slot_pca38_buffer_classifier_mlp,two_slot38,MLP,all,45,o-additive+salt+buffer__p-concentration,0.34545046894037873,403,additive+salt+buffer,concentration,0.8248367368495156,0.4793862679091369
classification,two_slot_pca38_buffer_classifier_mlp,two_slot38,MLP,all,45,o-additive+salt+buffer__p-functionalization+molecular_weight,0.4027189394001433,403,additive+salt+buffer,functionalization+molecular_weight,0.8248367368495156,0.42211779744937233
classification,two_slot_pca38_buffer_classifier_mlp,two_slot38,MLP,all,45,o-additive+salt+buffer__p-functionalization+concentration,0.3255371478931134,403,additive+salt+buffer,functionalization+concentration,0.8248367368495156,0.49929958895640225
classification,two_slot_pca38_buffer_classifier_mlp,two_slot38,MLP,all,45,o-additive+salt+buffer__p-molecular_weight+concentration,0.3296033189362078,403,additive+salt+buffer,molecular_weight+concentration,0.8248367368495156,0.4952334179133078
classification,two_slot_pca38_buffer_classifier_mlp,two_slot38,MLP,all,45,o-additive+salt+buffer__p-functionalization+molecular_weight+concentration,0.3378505519052241,403,additive+salt+buffer,functionalization+molecular_weight+concentration,0.8248367368495156,0.4869861849442915
classification,two_slot_pca38_buffer_classifier_mlp,two_slot38,MLP,all,46,o-empty__p-empty,0.8247608818141566,403,empty,empty,0.8247608818141566,0.0
classification,two_slot_pca38_buffer_classifier_mlp,two_slot38,MLP,all,46,o-empty__p-functionalization,0.7340294920568297,403,empty,functionalization,0.8247608818141566,0.09073138975732697
classification,two_slot_pca38_buffer_classifier_mlp,two_slot38,MLP,all,46,o-empty__p-molecular_weight,0.7642304625573422,403,empty,molecular_weight,0.8247608818141566,0.06053041925681446
classification,two_slot_pca38_buffer_classifier_mlp,two_slot38,MLP,all,46,o-empty__p-concentration,0.7249500283820494,403,empty,concentration,0.8247608818141566,0.09981085343210727
classification,two_slot_pca38_buffer_classifier_mlp,two_slot38,MLP,all,46,o-empty__p-functionalization+molecular_weight,0.7363639199975729,403,empty,functionalization+molecular_weight,0.8247608818141566,0.08839696181658374
classification,two_slot_pca38_buffer_classifier_mlp,two_slot38,MLP,all,46,o-empty__p-functionalization+concentration,0.7072480251654907,403,empty,functionalization+concentration,0.8247608818141566,0.11751285664866595
classification,two_slot_pca38_buffer_classifier_mlp,two_slot38,MLP,all,46,o-empty__p-molecular_weight+concentration,0.7145447368479485,403,empty,molecular_weight+concentration,0.8247608818141566,0.11021614496620813
classification,two_slot_pca38_buffer_classifier_mlp,two_slot38,MLP,all,46,o-empty__p-functionalization+molecular_weight+concentration,0.7021509846831052,403,empty,functionalization+molecular_weight+concentration,0.8247608818141566,0.12260989713105142
classification,two_slot_pca38_buffer_classifier_mlp,two_slot38,MLP,all,46,o-additive__p-empty,0.5748922249869247,403,additive,empty,0.8247608818141566,0.24986865682723192
classification,two_slot_pca38_buffer_classifier_mlp,two_slot38,MLP,all,46,o-additive__p-functionalization,0.5227812638765911,403,additive,functionalization,0.8247608818141566,0.30197961793756556
classification,two_slot_pca38_buffer_classifier_mlp,two_slot38,MLP,all,46,o-additive__p-molecular_weight,0.5639162949295828,403,additive,molecular_weight,0.8247608818141566,0.2608445868845738
classification,two_slot_pca38_buffer_classifier_mlp,two_slot38,MLP,all,46,o-additive__p-concentration,0.4665815153550637,403,additive,concentration,0.8247608818141566,0.35817936645909293
classification,two_slot_pca38_buffer_classifier_mlp,two_slot38,MLP,all,46,o-additive__p-functionalization+molecular_weight,0.49314746246829305,403,additive,functionalization+molecular_weight,0.8247608818141566,0.3316134193458636
classification,two_slot_pca38_buffer_classifier_mlp,two_slot38,MLP,all,46,o-additive__p-functionalization+concentration,0.46971585959577433,403,additive,functionalization+concentration,0.8247608818141566,0.3550450222183823
classification,two_slot_pca38_buffer_classifier_mlp,two_slot38,MLP,all,46,o-additive__p-molecular_weight+concentration,0.45384937241621354,403,additive,molecular_weight+concentration,0.8247608818141566,0.3709115093979431
classification,two_slot_pca38_buffer_classifier_mlp,two_slot38,MLP,all,46,o-additive__p-functionalization+molecular_weight+concentration,0.4704483748654053,403,additive,functionalization+molecular_weight+concentration,0.8247608818141566,0.3543125069487513
classification,two_slot_pca38_buffer_classifier_mlp,two_slot38,MLP,all,46,o-salt__p-empty,0.7760647524044799,403,salt,empty,0.8247608818141566,0.048696129409676714
classification,two_slot_pca38_buffer_classifier_mlp,two_slot38,MLP,all,46,o-salt__p-functionalization,0.70731310462528,403,salt,functionalization,0.8247608818141566,0.11744777718887667
classification,two_slot_pca38_buffer_classifier_mlp,two_slot38,MLP,all,46,o-salt__p-molecular_weight,0.7265146849513953,403,salt,molecular_weight,0.8247608818141566,0.09824619686276137
classification,two_slot_pca38_buffer_classifier_mlp,two_slot38,MLP,all,46,o-salt__p-concentration,0.7021972699199263,403,salt,concentration,0.8247608818141566,0.12256361189423037
classification,two_slot_pca38_buffer_classifier_mlp,two_slot38,MLP,all,46,o-salt__p-functionalization+molecular_weight,0.7110984745965707,403,salt,functionalization+molecular_weight,0.8247608818141566,0.11366240721758591
classification,two_slot_pca38_buffer_classifier_mlp,two_slot38,MLP,all,46,o-salt__p-functionalization+concentration,0.6929356206812739,403,salt,functionalization+concentration,0.8247608818141566,0.13182526113288273
classification,two_slot_pca38_buffer_classifier_mlp,two_slot38,MLP,all,46,o-salt__p-molecular_weight+concentration,0.70155752192008,403,salt,molecular_weight+concentration,0.8247608818141566,0.1232033598940766
classification,two_slot_pca38_buffer_classifier_mlp,two_slot38,MLP,all,46,o-salt__p-functionalization+molecular_weight+concentration,0.6934384100550492,403,salt,functionalization+molecular_weight+concentration,0.8247608818141566,0.13132247175910738
classification,two_slot_pca38_buffer_classifier_mlp,two_slot38,MLP,all,46,o-buffer__p-empty,0.8239071097146783,403,buffer,empty,0.8247608818141566,0.0008537720994783449
classification,two_slot_pca38_buffer_classifier_mlp,two_slot38,MLP,all,46,o-buffer__p-functionalization,0.7158935780968185,403,buffer,functionalization,0.8247608818141566,0.1088673037173381
classification,two_slot_pca38_buffer_classifier_mlp,two_slot38,MLP,all,46,o-buffer__p-molecular_weight,0.7429994249238274,403,buffer,molecular_weight,0.8247608818141566,0.08176145689032921
classification,two_slot_pca38_buffer_classifier_mlp,two_slot38,MLP,all,46,o-buffer__p-concentration,0.7123109219920898,403,buffer,concentration,0.8247608818141566,0.11244995982206685
classification,two_slot_pca38_buffer_classifier_mlp,two_slot38,MLP,all,46,o-buffer__p-functionalization+molecular_weight,0.7119508163867954,403,buffer,functionalization+molecular_weight,0.8247608818141566,0.11281006542736127
classification,two_slot_pca38_buffer_classifier_mlp,two_slot38,MLP,all,46,o-buffer__p-functionalization+concentration,0.6933553197565113,403,buffer,functionalization+concentration,0.8247608818141566,0.1314055620576453
classification,two_slot_pca38_buffer_classifier_mlp,two_slot38,MLP,all,46,o-buffer__p-molecular_weight+concentration,0.7027209445186651,403,buffer,molecular_weight+concentration,0.8247608818141566,0.12203993729549156
classification,two_slot_pca38_buffer_classifier_mlp,two_slot38,MLP,all,46,o-buffer__p-functionalization+molecular_weight+concentration,0.6632783632159456,403,buffer,functionalization+molecular_weight+concentration,0.8247608818141566,0.16148251859821106
classification,two_slot_pca38_buffer_classifier_mlp,two_slot38,MLP,all,46,o-additive+salt__p-empty,0.5197621824134037,403,additive+salt,empty,0.8247608818141566,0.30499869940075297
classification,two_slot_pca38_buffer_classifier_mlp,two_slot38,MLP,all,46,o-additive+salt__p-functionalization,0.4406517558492824,403,additive+salt,functionalization,0.8247608818141566,0.38410912596487423
classification,two_slot_pca38_buffer_classifier_mlp,two_slot38,MLP,all,46,o-additive+salt__p-molecular_weight,0.489359799564906,403,additive+salt,molecular_weight,0.8247608818141566,0.33540108224925064
classification,two_slot_pca38_buffer_classifier_mlp,two_slot38,MLP,all,46,o-additive+salt__p-concentration,0.4188389085376503,403,additive+salt,concentration,0.8247608818141566,0.4059219732765063
classification,two_slot_pca38_buffer_classifier_mlp,two_slot38,MLP,all,46,o-additive+salt__p-functionalization+molecular_weight,0.4167176480764327,403,additive+salt,functionalization+molecular_weight,0.8247608818141566,0.40804323373772394
classification,two_slot_pca38_buffer_classifier_mlp,two_slot38,MLP,all,46,o-additive+salt__p-functionalization+concentration,0.38871801361341063,403,additive+salt,functionalization+concentration,0.8247608818141566,0.436042868200746
classification,two_slot_pca38_buffer_classifier_mlp,two_slot38,MLP,all,46,o-additive+salt__p-molecular_weight+concentration,0.40689323567954583,403,additive+salt,molecular_weight+concentration,0.8247608818141566,0.4178676461346108
classification,two_slot_pca38_buffer_classifier_mlp,two_slot38,MLP,all,46,o-additive+salt__p-functionalization+molecular_weight+concentration,0.4180009487147485,403,additive+salt,functionalization+molecular_weight+concentration,0.8247608818141566,0.4067599330994081
classification,two_slot_pca38_buffer_classifier_mlp,two_slot38,MLP,all,46,o-additive+buffer__p-empty,0.5661283925978137,403,additive+buffer,empty,0.8247608818141566,0.25863248921634296
classification,two_slot_pca38_buffer_classifier_mlp,two_slot38,MLP,all,46,o-additive+buffer__p-functionalization,0.49037278687393954,403,additive+buffer,functionalization,0.8247608818141566,0.3343880949402171
classification,two_slot_pca38_buffer_classifier_mlp,two_slot38,MLP,all,46,o-additive+buffer__p-molecular_weight,0.5149818222263142,403,additive+buffer,molecular_weight,0.8247608818141566,0.30977905958784246
classification,two_slot_pca38_buffer_classifier_mlp,two_slot38,MLP,all,46,o-additive+buffer__p-concentration,0.4465984679172125,403,additive+buffer,concentration,0.8247608818141566,0.3781624138969441
classification,two_slot_pca38_buffer_classifier_mlp,two_slot38,MLP,all,46,o-additive+buffer__p-functionalization+molecular_weight,0.48865553390610056,403,additive+buffer,functionalization+molecular_weight,0.8247608818141566,0.3361053479080561
classification,two_slot_pca38_buffer_classifier_mlp,two_slot38,MLP,all,46,o-additive+buffer__p-functionalization+concentration,0.4670363066499405,403,additive+buffer,functionalization+concentration,0.8247608818141566,0.35772457516421613
classification,two_slot_pca38_buffer_classifier_mlp,two_slot38,MLP,all,46,o-additive+buffer__p-molecular_weight+concentration,0.4620122547331984,403,additive+buffer,molecular_weight+concentration,0.8247608818141566,0.36274862708095823
classification,two_slot_pca38_buffer_classifier_mlp,two_slot38,MLP,all,46,o-additive+buffer__p-functionalization+molecular_weight+concentration,0.437452997138907,403,additive+buffer,functionalization+molecular_weight+concentration,0.8247608818141566,0.3873078846752496
classification,two_slot_pca38_buffer_classifier_mlp,two_slot38,MLP,all,46,o-salt+buffer__p-empty,0.7627505546161198,403,salt+buffer,empty,0.8247608818141566,0.062010327198036785
classification,two_slot_pca38_buffer_classifier_mlp,two_slot38,MLP,all,46,o-salt+buffer__p-functionalization,0.6762177571183469,403,salt+buffer,functionalization,0.8247608818141566,0.14854312469580977
classification,two_slot_pca38_buffer_classifier_mlp,two_slot38,MLP,all,46,o-salt+buffer__p-molecular_weight,0.7046661113528956,403,salt+buffer,molecular_weight,0.8247608818141566,0.12009477046126105
classification,two_slot_pca38_buffer_classifier_mlp,two_slot38,MLP,all,46,o-salt+buffer__p-concentration,0.6810025641948477,403,salt+buffer,concentration,0.8247608818141566,0.1437583176193089
classification,two_slot_pca38_buffer_classifier_mlp,two_slot38,MLP,all,46,o-salt+buffer__p-functionalization+molecular_weight,0.6768687653788399,403,salt+buffer,functionalization+molecular_weight,0.8247608818141566,0.14789211643531675
classification,two_slot_pca38_buffer_classifier_mlp,two_slot38,MLP,all,46,o-salt+buffer__p-functionalization+concentration,0.6777877599340338,403,salt+buffer,functionalization+concentration,0.8247608818141566,0.1469731218801228
classification,two_slot_pca38_buffer_classifier_mlp,two_slot38,MLP,all,46,o-salt+buffer__p-molecular_weight+concentration,0.6828630179086653,403,salt+buffer,molecular_weight+concentration,0.8247608818141566,0.1418978639054913
classification,two_slot_pca38_buffer_classifier_mlp,two_slot38,MLP,all,46,o-salt+buffer__p-functionalization+molecular_weight+concentration,0.6748704385526791,403,salt+buffer,functionalization+molecular_weight+concentration,0.8247608818141566,0.1498904432614775
classification,two_slot_pca38_buffer_classifier_mlp,two_slot38,MLP,all,46,o-additive+salt+buffer__p-empty,0.5106289601817575,403,additive+salt+buffer,empty,0.8247608818141566,0.3141319216323991
classification,two_slot_pca38_buffer_classifier_mlp,two_slot38,MLP,all,46,o-additive+salt+buffer__p-functionalization,0.3925035433578854,403,additive+salt+buffer,functionalization,0.8247608818141566,0.43225733845627123
classification,two_slot_pca38_buffer_classifier_mlp,two_slot38,MLP,all,46,o-additive+salt+buffer__p-molecular_weight,0.4790625084097321,403,additive+salt+buffer,molecular_weight,0.8247608818141566,0.34569837340442455
classification,two_slot_pca38_buffer_classifier_mlp,two_slot38,MLP,all,46,o-additive+salt+buffer__p-concentration,0.379149906136193,403,additive+salt+buffer,concentration,0.8247608818141566,0.44561097567796365
classification,two_slot_pca38_buffer_classifier_mlp,two_slot38,MLP,all,46,o-additive+salt+buffer__p-functionalization+molecular_weight,0.4215380350145004,403,additive+salt+buffer,functionalization+molecular_weight,0.8247608818141566,0.40322284679965625
classification,two_slot_pca38_buffer_classifier_mlp,two_slot38,MLP,all,46,o-additive+salt+buffer__p-functionalization+concentration,0.4065321375675094,403,additive+salt+buffer,functionalization+concentration,0.8247608818141566,0.41822874424664724
classification,two_slot_pca38_buffer_classifier_mlp,two_slot38,MLP,all,46,o-additive+salt+buffer__p-molecular_weight+concentration,0.4070784004964333,403,additive+salt+buffer,molecular_weight+concentration,0.8247608818141566,0.41768248131772334
classification,two_slot_pca38_buffer_classifier_mlp,two_slot38,MLP,all,46,o-additive+salt+buffer__p-functionalization+molecular_weight+concentration,0.41693709106362553,403,additive+salt+buffer,functionalization+molecular_weight+concentration,0.8247608818141566,0.4078237907505311
classification,two_slot_pca38_buffer_classifier_mlp,two_slot38,MLP,dexma_only,42,o-empty__p-empty,0.7289463219466153,355,empty,empty,0.7289463219466153,0.0
classification,two_slot_pca38_buffer_classifier_mlp,two_slot38,MLP,dexma_only,42,o-empty__p-functionalization,0.7199399263410408,355,empty,functionalization,0.7289463219466153,0.00900639560557459
classification,two_slot_pca38_buffer_classifier_mlp,two_slot38,MLP,dexma_only,42,o-empty__p-molecular_weight,0.7340129889601362,355,empty,molecular_weight,0.7289463219466153,-0.005066667013520876
classification,two_slot_pca38_buffer_classifier_mlp,two_slot38,MLP,dexma_only,42,o-empty__p-concentration,0.7032052398987771,355,empty,concentration,0.7289463219466153,0.025741082047838204
classification,two_slot_pca38_buffer_classifier_mlp,two_slot38,MLP,dexma_only,42,o-empty__p-functionalization+molecular_weight,0.7237131274500359,355,empty,functionalization+molecular_weight,0.7289463219466153,0.005233194496579441
classification,two_slot_pca38_buffer_classifier_mlp,two_slot38,MLP,dexma_only,42,o-empty__p-functionalization+concentration,0.7066752893228518,355,empty,functionalization+concentration,0.7289463219466153,0.02227103262376351
classification,two_slot_pca38_buffer_classifier_mlp,two_slot38,MLP,dexma_only,42,o-empty__p-molecular_weight+concentration,0.7055089699696683,355,empty,molecular_weight+concentration,0.7289463219466153,0.023437351976947074
classification,two_slot_pca38_buffer_classifier_mlp,two_slot38,MLP,dexma_only,42,o-empty__p-functionalization+molecular_weight+concentration,0.6894813729422316,355,empty,functionalization+molecular_weight+concentration,0.7289463219466153,0.0394649490043838
classification,two_slot_pca38_buffer_classifier_mlp,two_slot38,MLP,dexma_only,42,o-additive__p-empty,0.5191717837688712,355,additive,empty,0.7289463219466153,0.20977453817774416
classification,two_slot_pca38_buffer_classifier_mlp,two_slot38,MLP,dexma_only,42,o-additive__p-functionalization,0.47827552378570526,355,additive,functionalization,0.7289463219466153,0.2506707981609101
classification,two_slot_pca38_buffer_classifier_mlp,two_slot38,MLP,dexma_only,42,o-additive__p-molecular_weight,0.4859064154348676,355,additive,molecular_weight,0.7289463219466153,0.24303990651174773
classification,two_slot_pca38_buffer_classifier_mlp,two_slot38,MLP,dexma_only,42,o-additive__p-concentration,0.44002159804463165,355,additive,concentration,0.7289463219466153,0.2889247239019837
classification,two_slot_pca38_buffer_classifier_mlp,two_slot38,MLP,dexma_only,42,o-additive__p-functionalization+molecular_weight,0.47357612377289415,355,additive,functionalization+molecular_weight,0.7289463219466153,0.2553701981737212
classification,two_slot_pca38_buffer_classifier_mlp,two_slot38,MLP,dexma_only,42,o-additive__p-functionalization+concentration,0.43731702253154897,355,additive,functionalization+concentration,0.7289463219466153,0.2916292994150664
classification,two_slot_pca38_buffer_classifier_mlp,two_slot38,MLP,dexma_only,42,o-additive__p-molecular_weight+concentration,0.422216598630271,355,additive,molecular_weight+concentration,0.7289463219466153,0.30672972331634435
classification,two_slot_pca38_buffer_classifier_mlp,two_slot38,MLP,dexma_only,42,o-additive__p-functionalization+molecular_weight+concentration,0.42311024597126,355,additive,functionalization+molecular_weight+concentration,0.7289463219466153,0.30583607597535534
classification,two_slot_pca38_buffer_classifier_mlp,two_slot38,MLP,dexma_only,42,o-salt__p-empty,0.6981978496612299,355,salt,empty,0.7289463219466153,0.030748472285385464
classification,two_slot_pca38_buffer_classifier_mlp,two_slot38,MLP,dexma_only,42,o-salt__p-functionalization,0.6913101392421147,355,salt,functionalization,0.7289463219466153,0.03763618270450064
classification,two_slot_pca38_buffer_classifier_mlp,two_slot38,MLP,dexma_only,42,o-salt__p-molecular_weight,0.6958864226000965,355,salt,molecular_weight,0.7289463219466153,0.03305989934651887
classification,two_slot_pca38_buffer_classifier_mlp,two_slot38,MLP,dexma_only,42,o-salt__p-concentration,0.6851543961245381,355,salt,concentration,0.7289463219466153,0.04379192582207725
classification,two_slot_pca38_buffer_classifier_mlp,two_slot38,MLP,dexma_only,42,o-salt__p-functionalization+molecular_weight,0.6891176192100373,355,salt,functionalization+molecular_weight,0.7289463219466153,0.039828702736578014
classification,two_slot_pca38_buffer_classifier_mlp,two_slot38,MLP,dexma_only,42,o-salt__p-functionalization+concentration,0.6728058863060341,355,salt,functionalization+concentration,0.7289463219466153,0.05614043564058124
classification,two_slot_pca38_buffer_classifier_mlp,two_slot38,MLP,dexma_only,42,o-salt__p-molecular_weight+concentration,0.6888110205108176,355,salt,molecular_weight+concentration,0.7289463219466153,0.0401353014357978
classification,two_slot_pca38_buffer_classifier_mlp,two_slot38,MLP,dexma_only,42,o-salt__p-functionalization+molecular_weight+concentration,0.6823261652215167,355,salt,functionalization+molecular_weight+concentration,0.7289463219466153,0.04662015672509867
classification,two_slot_pca38_buffer_classifier_mlp,two_slot38,MLP,dexma_only,42,o-buffer__p-empty,0.731215274454738,355,buffer,empty,0.7289463219466153,-0.002268952508122646
classification,two_slot_pca38_buffer_classifier_mlp,two_slot38,MLP,dexma_only,42,o-buffer__p-functionalization,0.7160385358501332,355,buffer,functionalization,0.7289463219466153,0.012907786096482132
classification,two_slot_pca38_buffer_classifier_mlp,two_slot38,MLP,dexma_only,42,o-buffer__p-molecular_weight,0.7323384647204952,355,buffer,molecular_weight,0.7289463219466153,-0.0033921427738798915
classification,two_slot_pca38_buffer_classifier_mlp,two_slot38,MLP,dexma_only,42,o-buffer__p-concentration,0.7041522036381632,355,buffer,concentration,0.7289463219466153,0.02479411830845213
classification,two_slot_pca38_buffer_classifier_mlp,two_slot38,MLP,dexma_only,42,o-buffer__p-functionalization+molecular_weight,0.7114646610373899,355,buffer,functionalization+molecular_weight,0.7289463219466153,0.017481660909225427
classification,two_slot_pca38_buffer_classifier_mlp,two_slot38,MLP,dexma_only,42,o-buffer__p-functionalization+concentration,0.6861883604130491,355,buffer,functionalization+concentration,0.7289463219466153,0.04275796153356626
classification,two_slot_pca38_buffer_classifier_mlp,two_slot38,MLP,dexma_only,42,o-buffer__p-molecular_weight+concentration,0.6904958952640066,355,buffer,molecular_weight+concentration,0.7289463219466153,0.038450426682608785
classification,two_slot_pca38_buffer_classifier_mlp,two_slot38,MLP,dexma_only,42,o-buffer__p-functionalization+molecular_weight+concentration,0.6870856192098934,355,buffer,functionalization+molecular_weight+concentration,0.7289463219466153,0.04186070273672193
classification,two_slot_pca38_buffer_classifier_mlp,two_slot38,MLP,dexma_only,42,o-additive+salt__p-empty,0.4399873284367167,355,additive+salt,empty,0.7289463219466153,0.2889589935098987
classification,two_slot_pca38_buffer_classifier_mlp,two_slot38,MLP,dexma_only,42,o-additive+salt__p-functionalization,0.392909535976898,355,additive+salt,functionalization,0.7289463219466153,0.33603678596971737
classification,two_slot_pca38_buffer_classifier_mlp,two_slot38,MLP,dexma_only,42,o-additive+salt__p-molecular_weight,0.4657297307163012,355,additive+salt,molecular_weight,0.7289463219466153,0.26321659123031416
classification,two_slot_pca38_buffer_classifier_mlp,two_slot38,MLP,dexma_only,42,o-additive+salt__p-concentration,0.3835331836270783,355,additive+salt,concentration,0.7289463219466153,0.34541313831953707
classification,two_slot_pca38_buffer_classifier_mlp,two_slot38,MLP,dexma_only,42,o-additive+salt__p-functionalization+molecular_weight,0.39423781868756186,355,additive+salt,functionalization+molecular_weight,0.7289463219466153,0.3347085032590535
classification,two_slot_pca38_buffer_classifier_mlp,two_slot38,MLP,dexma_only,42,o-additive+salt__p-functionalization+concentration,0.371129378374933,355,additive+salt,functionalization+concentration,0.7289463219466153,0.35781694357168237
classification,two_slot_pca38_buffer_classifier_mlp,two_slot38,MLP,dexma_only,42,o-additive+salt__p-molecular_weight+concentration,0.3728643151757042,355,additive+salt,molecular_weight+concentration,0.7289463219466153,0.3560820067709112
classification,two_slot_pca38_buffer_classifier_mlp,two_slot38,MLP,dexma_only,42,o-additive+salt__p-functionalization+molecular_weight+concentration,0.3332809894924323,355,additive+salt,functionalization+molecular_weight+concentration,0.7289463219466153,0.39566533245418306
classification,two_slot_pca38_buffer_classifier_mlp,two_slot38,MLP,dexma_only,42,o-additive+buffer__p-empty,0.505278515211796,355,additive+buffer,empty,0.7289463219466153,0.22366780673481934
classification,two_slot_pca38_buffer_classifier_mlp,two_slot38,MLP,dexma_only,42,o-additive+buffer__p-functionalization,0.4605645189561298,355,additive+buffer,functionalization,0.7289463219466153,0.26838180299048553
classification,two_slot_pca38_buffer_classifier_mlp,two_slot38,MLP,dexma_only,42,o-additive+buffer__p-molecular_weight,0.4834619961162732,355,additive+buffer,molecular_weight,0.7289463219466153,0.24548432583034213
classification,two_slot_pca38_buffer_classifier_mlp,two_slot38,MLP,dexma_only,42,o-additive+buffer__p-concentration,0.43068524043960965,355,additive+buffer,concentration,0.7289463219466153,0.2982610815070057
classification,two_slot_pca38_buffer_classifier_mlp,two_slot38,MLP,dexma_only,42,o-additive+buffer__p-functionalization+molecular_weight,0.44894977699480976,355,additive+buffer,functionalization+molecular_weight,0.7289463219466153,0.2799965449518056
classification,two_slot_pca38_buffer_classifier_mlp,two_slot38,MLP,dexma_only,42,o-additive+buffer__p-functionalization+concentration,0.427561603136291,355,additive+buffer,functionalization+concentration,0.7289463219466153,0.30138471881032436
classification,two_slot_pca38_buffer_classifier_mlp,two_slot38,MLP,dexma_only,42,o-additive+buffer__p-molecular_weight+concentration,0.4285667012218456,355,additive+buffer,molecular_weight+concentration,0.7289463219466153,0.30037962072476976
classification,two_slot_pca38_buffer_classifier_mlp,two_slot38,MLP,dexma_only,42,o-additive+buffer__p-functionalization+molecular_weight+concentration,0.43738250323565536,355,additive+buffer,functionalization+molecular_weight+concentration,0.7289463219466153,0.29156381871096
classification,two_slot_pca38_buffer_classifier_mlp,two_slot38,MLP,dexma_only,42,o-salt+buffer__p-empty,0.694638014448733,355,salt+buffer,empty,0.7289463219466153,0.034308307497882384
classification,two_slot_pca38_buffer_classifier_mlp,two_slot38,MLP,dexma_only,42,o-salt+buffer__p-functionalization,0.6809274870919414,355,salt+buffer,functionalization,0.7289463219466153,0.04801883485467395
classification,two_slot_pca38_buffer_classifier_mlp,two_slot38,MLP,dexma_only,42,o-salt+buffer__p-molecular_weight,0.7038305687995347,355,salt+buffer,molecular_weight,0.7289463219466153,0.0251157531470807
classification,two_slot_pca38_buffer_classifier_mlp,two_slot38,MLP,dexma_only,42,o-salt+buffer__p-concentration,0.6829096000097307,355,salt+buffer,concentration,0.7289463219466153,0.046036721936884684
classification,two_slot_pca38_buffer_classifier_mlp,two_slot38,MLP,dexma_only,42,o-salt+buffer__p-functionalization+molecular_weight,0.6731924878621146,355,salt+buffer,functionalization+molecular_weight,0.7289463219466153,0.05575383408450074
classification,two_slot_pca38_buffer_classifier_mlp,two_slot38,MLP,dexma_only,42,o-salt+buffer__p-functionalization+concentration,0.6752952527967874,355,salt+buffer,functionalization+concentration,0.7289463219466153,0.05365106914982798
classification,two_slot_pca38_buffer_classifier_mlp,two_slot38,MLP,dexma_only,42,o-salt+buffer__p-molecular_weight+concentration,0.6714764356317157,355,salt+buffer,molecular_weight+concentration,0.7289463219466153,0.05746988631489969
classification,two_slot_pca38_buffer_classifier_mlp,two_slot38,MLP,dexma_only,42,o-salt+buffer__p-functionalization+molecular_weight+concentration,0.6676301842415,355,salt+buffer,functionalization+molecular_weight+concentration,0.7289463219466153,0.06131613770511535
classification,two_slot_pca38_buffer_classifier_mlp,two_slot38,MLP,dexma_only,42,o-additive+salt+buffer__p-empty,0.5019427625906696,355,additive+salt+buffer,empty,0.7289463219466153,0.22700355935594574
classification,two_slot_pca38_buffer_classifier_mlp,two_slot38,MLP,dexma_only,42,o-additive+salt+buffer__p-functionalization,0.39055825561587093,355,additive+salt+buffer,functionalization,0.7289463219466153,0.3383880663307444
classification,two_slot_pca38_buffer_classifier_mlp,two_slot38,MLP,dexma_only,42,o-additive+salt+buffer__p-molecular_weight,0.48094660580420007,355,additive+salt+buffer,molecular_weight,0.7289463219466153,0.24799971614241528
classification,two_slot_pca38_buffer_classifier_mlp,two_slot38,MLP,dexma_only,42,o-additive+salt+buffer__p-concentration,0.4029966433605326,355,additive+salt+buffer,concentration,0.7289463219466153,0.32594967858608276
classification,two_slot_pca38_buffer_classifier_mlp,two_slot38,MLP,dexma_only,42,o-additive+salt+buffer__p-functionalization+molecular_weight,0.3381121056002649,355,additive+salt+buffer,functionalization+molecular_weight,0.7289463219466153,0.39083421634635046
classification,two_slot_pca38_buffer_classifier_mlp,two_slot38,MLP,dexma_only,42,o-additive+salt+buffer__p-functionalization+concentration,0.3165738459085184,355,additive+salt+buffer,functionalization+concentration,0.7289463219466153,0.41237247603809696
classification,two_slot_pca38_buffer_classifier_mlp,two_slot38,MLP,dexma_only,42,o-additive+salt+buffer__p-molecular_weight+concentration,0.3351618565051081,355,additive+salt+buffer,molecular_weight+concentration,0.7289463219466153,0.39378446544150725
classification,two_slot_pca38_buffer_classifier_mlp,two_slot38,MLP,dexma_only,42,o-additive+salt+buffer__p-functionalization+molecular_weight+concentration,0.3955440446623037,355,additive+salt+buffer,functionalization+molecular_weight+concentration,0.7289463219466153,0.33340227728431165
classification,two_slot_pca38_buffer_classifier_mlp,two_slot38,MLP,dexma_only,43,o-empty__p-empty,0.7290245909626104,355,empty,empty,0.7290245909626104,0.0
classification,two_slot_pca38_buffer_classifier_mlp,two_slot38,MLP,dexma_only,43,o-empty__p-functionalization,0.7208550507382597,355,empty,functionalization,0.7290245909626104,0.00816954022435068
classification,two_slot_pca38_buffer_classifier_mlp,two_slot38,MLP,dexma_only,43,o-empty__p-molecular_weight,0.731227633759902,355,empty,molecular_weight,0.7290245909626104,-0.0022030427972915545
classification,two_slot_pca38_buffer_classifier_mlp,two_slot38,MLP,dexma_only,43,o-empty__p-concentration,0.7010977764862975,355,empty,concentration,0.7290245909626104,0.027926814476312956
classification,two_slot_pca38_buffer_classifier_mlp,two_slot38,MLP,dexma_only,43,o-empty__p-functionalization+molecular_weight,0.7175598091460307,355,empty,functionalization+molecular_weight,0.7290245909626104,0.011464781816579728
classification,two_slot_pca38_buffer_classifier_mlp,two_slot38,MLP,dexma_only,43,o-empty__p-functionalization+concentration,0.6841270132335762,355,empty,functionalization+concentration,0.7290245909626104,0.044897577729034244
classification,two_slot_pca38_buffer_classifier_mlp,two_slot38,MLP,dexma_only,43,o-empty__p-molecular_weight+concentration,0.6730620279749499,355,empty,molecular_weight+concentration,0.7290245909626104,0.05596256298766056
classification,two_slot_pca38_buffer_classifier_mlp,two_slot38,MLP,dexma_only,43,o-empty__p-functionalization+molecular_weight+concentration,0.6923350769704923,355,empty,functionalization+molecular_weight+concentration,0.7290245909626104,0.03668951399211806
classification,two_slot_pca38_buffer_classifier_mlp,two_slot38,MLP,dexma_only,43,o-additive__p-empty,0.5250772642332407,355,additive,empty,0.7290245909626104,0.20394732672936966
classification,two_slot_pca38_buffer_classifier_mlp,two_slot38,MLP,dexma_only,43,o-additive__p-functionalization,0.5032604599853218,355,additive,functionalization,0.7290245909626104,0.22576413097728865
classification,two_slot_pca38_buffer_classifier_mlp,two_slot38,MLP,dexma_only,43,o-additive__p-molecular_weight,0.5166409330574965,355,additive,molecular_weight,0.7290245909626104,0.21238365790511393
classification,two_slot_pca38_buffer_classifier_mlp,two_slot38,MLP,dexma_only,43,o-additive__p-concentration,0.45724258479479424,355,additive,concentration,0.7290245909626104,0.27178200616781617
classification,two_slot_pca38_buffer_classifier_mlp,two_slot38,MLP,dexma_only,43,o-additive__p-functionalization+molecular_weight,0.5089120343981062,355,additive,functionalization+molecular_weight,0.7290245909626104,0.22011255656450424
classification,two_slot_pca38_buffer_classifier_mlp,two_slot38,MLP,dexma_only,43,o-additive__p-functionalization+concentration,0.4529041717709053,355,additive,functionalization+concentration,0.7290245909626104,0.2761204191917051
classification,two_slot_pca38_buffer_classifier_mlp,two_slot38,MLP,dexma_only,43,o-additive__p-molecular_weight+concentration,0.44410430513968985,355,additive,molecular_weight+concentration,0.7290245909626104,0.28492028582292056
classification,two_slot_pca38_buffer_classifier_mlp,two_slot38,MLP,dexma_only,43,o-additive__p-functionalization+molecular_weight+concentration,0.42522964448584266,355,additive,functionalization+molecular_weight+concentration,0.7290245909626104,0.30379494647676775
classification,two_slot_pca38_buffer_classifier_mlp,two_slot38,MLP,dexma_only,43,o-salt__p-empty,0.6743833824621325,355,salt,empty,0.7290245909626104,0.054641208500477934
classification,two_slot_pca38_buffer_classifier_mlp,two_slot38,MLP,dexma_only,43,o-salt__p-functionalization,0.6793817687033639,355,salt,functionalization,0.7290245909626104,0.049642822259246544
classification,two_slot_pca38_buffer_classifier_mlp,two_slot38,MLP,dexma_only,43,o-salt__p-molecular_weight,0.6776624940236716,355,salt,molecular_weight,0.7290245909626104,0.051362096938938784
classification,two_slot_pca38_buffer_classifier_mlp,two_slot38,MLP,dexma_only,43,o-salt__p-concentration,0.6673376254652752,355,salt,concentration,0.7290245909626104,0.06168696549733521
classification,two_slot_pca38_buffer_classifier_mlp,two_slot38,MLP,dexma_only,43,o-salt__p-functionalization+molecular_weight,0.6832698414845327,355,salt,functionalization+molecular_weight,0.7290245909626104,0.04575474947807767
classification,two_slot_pca38_buffer_classifier_mlp,two_slot38,MLP,dexma_only,43,o-salt__p-functionalization+concentration,0.6648183175442312,355,salt,functionalization+concentration,0.7290245909626104,0.06420627341837926
classification,two_slot_pca38_buffer_classifier_mlp,two_slot38,MLP,dexma_only,43,o-salt__p-molecular_weight+concentration,0.6591647057565757,355,salt,molecular_weight+concentration,0.7290245909626104,0.0698598852060347
classification,two_slot_pca38_buffer_classifier_mlp,two_slot38,MLP,dexma_only,43,o-salt__p-functionalization+molecular_weight+concentration,0.6578253624822267,355,salt,functionalization+molecular_weight+concentration,0.7290245909626104,0.07119922848038374
classification,two_slot_pca38_buffer_classifier_mlp,two_slot38,MLP,dexma_only,43,o-buffer__p-empty,0.7304859503487168,355,buffer,empty,0.7290245909626104,-0.0014613593861063645
classification,two_slot_pca38_buffer_classifier_mlp,two_slot38,MLP,dexma_only,43,o-buffer__p-functionalization,0.7170821091231897,355,buffer,functionalization,0.7290245909626104,0.011942481839420704
classification,two_slot_pca38_buffer_classifier_mlp,two_slot38,MLP,dexma_only,43,o-buffer__p-molecular_weight,0.7302984574607402,355,buffer,molecular_weight,0.7290245909626104,-0.001273866498129772
classification,two_slot_pca38_buffer_classifier_mlp,two_slot38,MLP,dexma_only,43,o-buffer__p-concentration,0.6976500310077305,355,buffer,concentration,0.7290245909626104,0.03137455995487992
classification,two_slot_pca38_buffer_classifier_mlp,two_slot38,MLP,dexma_only,43,o-buffer__p-functionalization+molecular_weight,0.7247689227076317,355,buffer,functionalization+molecular_weight,0.7290245909626104,0.004255668254978695
classification,two_slot_pca38_buffer_classifier_mlp,two_slot38,MLP,dexma_only,43,o-buffer__p-functionalization+concentration,0.6993408177703699,355,buffer,functionalization+concentration,0.7290245909626104,0.02968377319224047
classification,two_slot_pca38_buffer_classifier_mlp,two_slot38,MLP,dexma_only,43,o-buffer__p-molecular_weight+concentration,0.6904166475188727,355,buffer,molecular_weight+concentration,0.7290245909626104,0.03860794344373775
classification,two_slot_pca38_buffer_classifier_mlp,two_slot38,MLP,dexma_only,43,o-buffer__p-functionalization+molecular_weight+concentration,0.6755741993684335,355,buffer,functionalization+molecular_weight+concentration,0.7290245909626104,0.05345039159417686
classification,two_slot_pca38_buffer_classifier_mlp,two_slot38,MLP,dexma_only,43,o-additive+salt__p-empty,0.4879005991567499,355,additive+salt,empty,0.7290245909626104,0.24112399180586053
classification,two_slot_pca38_buffer_classifier_mlp,two_slot38,MLP,dexma_only,43,o-additive+salt__p-functionalization,0.44751542713656367,355,additive+salt,functionalization,0.7290245909626104,0.28150916382604674
classification,two_slot_pca38_buffer_classifier_mlp,two_slot38,MLP,dexma_only,43,o-additive+salt__p-molecular_weight,0.46330700125742436,355,additive+salt,molecular_weight,0.7290245909626104,0.26571758970518605
classification,two_slot_pca38_buffer_classifier_mlp,two_slot38,MLP,dexma_only,43,o-additive+salt__p-concentration,0.37686939417611104,355,additive+salt,concentration,0.7290245909626104,0.35215519678649937
classification,two_slot_pca38_buffer_classifier_mlp,two_slot38,MLP,dexma_only,43,o-additive+salt__p-functionalization+molecular_weight,0.4031492356251122,355,additive+salt,functionalization+molecular_weight,0.7290245909626104,0.32587535533749823
classification,two_slot_pca38_buffer_classifier_mlp,two_slot38,MLP,dexma_only,43,o-additive+salt__p-functionalization+concentration,0.3628064095781833,355,additive+salt,functionalization+concentration,0.7290245909626104,0.36621818138442713
classification,two_slot_pca38_buffer_classifier_mlp,two_slot38,MLP,dexma_only,43,o-additive+salt__p-molecular_weight+concentration,0.37266307920425523,355,additive+salt,molecular_weight+concentration,0.7290245909626104,0.3563615117583552
classification,two_slot_pca38_buffer_classifier_mlp,two_slot38,MLP,dexma_only,43,o-additive+salt__p-functionalization+molecular_weight+concentration,0.3245112707153093,355,additive+salt,functionalization+molecular_weight+concentration,0.7290245909626104,0.40451332024730113
classification,two_slot_pca38_buffer_classifier_mlp,two_slot38,MLP,dexma_only,43,o-additive+buffer__p-empty,0.5297233321721936,355,additive+buffer,empty,0.7290245909626104,0.19930125879041682
classification,two_slot_pca38_buffer_classifier_mlp,two_slot38,MLP,dexma_only,43,o-additive+buffer__p-functionalization,0.5406462911645116,355,additive+buffer,functionalization,0.7290245909626104,0.18837829979809884
classification,two_slot_pca38_buffer_classifier_mlp,two_slot38,MLP,dexma_only,43,o-additive+buffer__p-molecular_weight,0.5908741378522329,355,additive+buffer,molecular_weight,0.7290245909626104,0.13815045311037755
classification,two_slot_pca38_buffer_classifier_mlp,two_slot38,MLP,dexma_only,43,o-additive+buffer__p-concentration,0.4414343983866623,355,additive+buffer,concentration,0.7290245909626104,0.2875901925759481
classification,two_slot_pca38_buffer_classifier_mlp,two_slot38,MLP,dexma_only,43,o-additive+buffer__p-functionalization+molecular_weight,0.4958237820567037,355,additive+buffer,functionalization+molecular_weight,0.7290245909626104,0.23320080890590672
classification,two_slot_pca38_buffer_classifier_mlp,two_slot38,MLP,dexma_only,43,o-additive+buffer__p-functionalization+concentration,0.46548016921948815,355,additive+buffer,functionalization+concentration,0.7290245909626104,0.26354442174312226
classification,two_slot_pca38_buffer_classifier_mlp,two_slot38,MLP,dexma_only,43,o-additive+buffer__p-molecular_weight+concentration,0.4375930316381673,355,additive+buffer,molecular_weight+concentration,0.7290245909626104,0.2914315593244431
classification,two_slot_pca38_buffer_classifier_mlp,two_slot38,MLP,dexma_only,43,o-additive+buffer__p-functionalization+molecular_weight+concentration,0.44609101854856403,355,additive+buffer,functionalization+molecular_weight+concentration,0.7290245909626104,0.2829335724140464
classification,two_slot_pca38_buffer_classifier_mlp,two_slot38,MLP,dexma_only,43,o-salt+buffer__p-empty,0.6720485794914759,355,salt+buffer,empty,0.7290245909626104,0.05697601147113451
classification,two_slot_pca38_buffer_classifier_mlp,two_slot38,MLP,dexma_only,43,o-salt+buffer__p-functionalization,0.6582177799273982,355,salt+buffer,functionalization,0.7290245909626104,0.07080681103521225
classification,two_slot_pca38_buffer_classifier_mlp,two_slot38,MLP,dexma_only,43,o-salt+buffer__p-molecular_weight,0.6654214637598547,355,salt+buffer,molecular_weight,0.7290245909626104,0.06360312720275574
classification,two_slot_pca38_buffer_classifier_mlp,two_slot38,MLP,dexma_only,43,o-salt+buffer__p-concentration,0.647754545150782,355,salt+buffer,concentration,0.7290245909626104,0.0812700458118284
classification,two_slot_pca38_buffer_classifier_mlp,two_slot38,MLP,dexma_only,43,o-salt+buffer__p-functionalization+molecular_weight,0.6634865560536001,355,salt+buffer,functionalization+molecular_weight,0.7290245909626104,0.06553803490901033
classification,two_slot_pca38_buffer_classifier_mlp,two_slot38,MLP,dexma_only,43,o-salt+buffer__p-functionalization+concentration,0.645471708495256,355,salt+buffer,functionalization+concentration,0.7290245909626104,0.08355288246735437
classification,two_slot_pca38_buffer_classifier_mlp,two_slot38,MLP,dexma_only,43,o-salt+buffer__p-molecular_weight+concentration,0.6488511648179976,355,salt+buffer,molecular_weight+concentration,0.7290245909626104,0.08017342614461276
classification,two_slot_pca38_buffer_classifier_mlp,two_slot38,MLP,dexma_only,43,o-salt+buffer__p-functionalization+molecular_weight+concentration,0.6467559571537198,355,salt+buffer,functionalization+molecular_weight+concentration,0.7290245909626104,0.0822686338088906
classification,two_slot_pca38_buffer_classifier_mlp,two_slot38,MLP,dexma_only,43,o-additive+salt+buffer__p-empty,0.504384144512263,355,additive+salt+buffer,empty,0.7290245909626104,0.22464044645034742
classification,two_slot_pca38_buffer_classifier_mlp,two_slot38,MLP,dexma_only,43,o-additive+salt+buffer__p-functionalization,0.3767116738174026,355,additive+salt+buffer,functionalization,0.7290245909626104,0.3523129171452078
classification,two_slot_pca38_buffer_classifier_mlp,two_slot38,MLP,dexma_only,43,o-additive+salt+buffer__p-molecular_weight,0.47901716211561707,355,additive+salt+buffer,molecular_weight,0.7290245909626104,0.25000742884699334
classification,two_slot_pca38_buffer_classifier_mlp,two_slot38,MLP,dexma_only,43,o-additive+salt+buffer__p-concentration,0.3295498619193057,355,additive+salt+buffer,concentration,0.7290245909626104,0.3994747290433047
classification,two_slot_pca38_buffer_classifier_mlp,two_slot38,MLP,dexma_only,43,o-additive+salt+buffer__p-functionalization+molecular_weight,0.4314080554343078,355,additive+salt+buffer,functionalization+molecular_weight,0.7290245909626104,0.2976165355283026
classification,two_slot_pca38_buffer_classifier_mlp,two_slot38,MLP,dexma_only,43,o-additive+salt+buffer__p-functionalization+concentration,0.35695921240668754,355,additive+salt+buffer,functionalization+concentration,0.7290245909626104,0.37206537855592287
classification,two_slot_pca38_buffer_classifier_mlp,two_slot38,MLP,dexma_only,43,o-additive+salt+buffer__p-molecular_weight+concentration,0.3511136765804502,355,additive+salt+buffer,molecular_weight+concentration,0.7290245909626104,0.37791091438216023
classification,two_slot_pca38_buffer_classifier_mlp,two_slot38,MLP,dexma_only,43,o-additive+salt+buffer__p-functionalization+molecular_weight+concentration,0.34339656075723696,355,additive+salt+buffer,functionalization+molecular_weight+concentration,0.7290245909626104,0.38562803020537345
classification,two_slot_pca38_buffer_classifier_mlp,two_slot38,MLP,dexma_only,44,o-empty__p-empty,0.7290658535623911,355,empty,empty,0.7290658535623911,0.0
classification,two_slot_pca38_buffer_classifier_mlp,two_slot38,MLP,dexma_only,44,o-empty__p-functionalization,0.7201225236475398,355,empty,functionalization,0.7290658535623911,0.00894332991485125
classification,two_slot_pca38_buffer_classifier_mlp,two_slot38,MLP,dexma_only,44,o-empty__p-molecular_weight,0.7236138085620873,355,empty,molecular_weight,0.7290658535623911,0.005452045000303718
classification,two_slot_pca38_buffer_classifier_mlp,two_slot38,MLP,dexma_only,44,o-empty__p-concentration,0.6946635301771987,355,empty,concentration,0.7290658535623911,0.034402323385192335
classification,two_slot_pca38_buffer_classifier_mlp,two_slot38,MLP,dexma_only,44,o-empty__p-functionalization+molecular_weight,0.7178428663927326,355,empty,functionalization+molecular_weight,0.7290658535623911,0.011222987169658416
classification,two_slot_pca38_buffer_classifier_mlp,two_slot38,MLP,dexma_only,44,o-empty__p-functionalization+concentration,0.6976656850939893,355,empty,functionalization+concentration,0.7290658535623911,0.03140016846840177
classification,two_slot_pca38_buffer_classifier_mlp,two_slot38,MLP,dexma_only,44,o-empty__p-molecular_weight+concentration,0.6708845465456466,355,empty,molecular_weight+concentration,0.7290658535623911,0.05818130701674451
classification,two_slot_pca38_buffer_classifier_mlp,two_slot38,MLP,dexma_only,44,o-empty__p-functionalization+molecular_weight+concentration,0.6777637654188345,355,empty,functionalization+molecular_weight+concentration,0.7290658535623911,0.051302088143556523
classification,two_slot_pca38_buffer_classifier_mlp,two_slot38,MLP,dexma_only,44,o-additive__p-empty,0.5268625735691812,355,additive,empty,0.7290658535623911,0.20220327999320986
classification,two_slot_pca38_buffer_classifier_mlp,two_slot38,MLP,dexma_only,44,o-additive__p-functionalization,0.4983548099267841,355,additive,functionalization,0.7290658535623911,0.23071104363560696
classification,two_slot_pca38_buffer_classifier_mlp,two_slot38,MLP,dexma_only,44,o-additive__p-molecular_weight,0.4983890028416711,355,additive,molecular_weight,0.7290658535623911,0.23067685072071997
classification,two_slot_pca38_buffer_classifier_mlp,two_slot38,MLP,dexma_only,44,o-additive__p-concentration,0.4487082637324368,355,additive,concentration,0.7290658535623911,0.2803575898299543
classification,two_slot_pca38_buffer_classifier_mlp,two_slot38,MLP,dexma_only,44,o-additive__p-functionalization+molecular_weight,0.4897576555250981,355,additive,functionalization+molecular_weight,0.7290658535623911,0.23930819803729297
classification,two_slot_pca38_buffer_classifier_mlp,two_slot38,MLP,dexma_only,44,o-additive__p-functionalization+concentration,0.4512605919722981,355,additive,functionalization+concentration,0.7290658535623911,0.27780526159009294
classification,two_slot_pca38_buffer_classifier_mlp,two_slot38,MLP,dexma_only,44,o-additive__p-molecular_weight+concentration,0.4398870682431307,355,additive,molecular_weight+concentration,0.7290658535623911,0.2891787853192604
classification,two_slot_pca38_buffer_classifier_mlp,two_slot38,MLP,dexma_only,44,o-additive__p-functionalization+molecular_weight+concentration,0.43030073462289253,355,additive,functionalization+molecular_weight+concentration,0.7290658535623911,0.29876511893949853
classification,two_slot_pca38_buffer_classifier_mlp,two_slot38,MLP,dexma_only,44,o-salt__p-empty,0.7095106267471532,355,salt,empty,0.7290658535623911,0.019555226815237914
classification,two_slot_pca38_buffer_classifier_mlp,two_slot38,MLP,dexma_only,44,o-salt__p-functionalization,0.6831185805531534,355,salt,functionalization,0.7290658535623911,0.04594727300923762
classification,two_slot_pca38_buffer_classifier_mlp,two_slot38,MLP,dexma_only,44,o-salt__p-molecular_weight,0.6941581907093813,355,salt,molecular_weight,0.7290658535623911,0.034907662853009724
classification,two_slot_pca38_buffer_classifier_mlp,two_slot38,MLP,dexma_only,44,o-salt__p-concentration,0.6646445306969869,355,salt,concentration,0.7290658535623911,0.06442132286540414
classification,two_slot_pca38_buffer_classifier_mlp,two_slot38,MLP,dexma_only,44,o-salt__p-functionalization+molecular_weight,0.6871264537796014,355,salt,functionalization+molecular_weight,0.7290658535623911,0.04193939978278971
classification,two_slot_pca38_buffer_classifier_mlp,two_slot38,MLP,dexma_only,44,o-salt__p-functionalization+concentration,0.6746951281011702,355,salt,functionalization+concentration,0.7290658535623911,0.0543707254612209
classification,two_slot_pca38_buffer_classifier_mlp,two_slot38,MLP,dexma_only,44,o-salt__p-molecular_weight+concentration,0.6617693819709743,355,salt,molecular_weight+concentration,0.7290658535623911,0.06729647159141672
classification,two_slot_pca38_buffer_classifier_mlp,two_slot38,MLP,dexma_only,44,o-salt__p-functionalization+molecular_weight+concentration,0.6728150801955314,355,salt,functionalization+molecular_weight+concentration,0.7290658535623911,0.056250773366859685
classification,two_slot_pca38_buffer_classifier_mlp,two_slot38,MLP,dexma_only,44,o-buffer__p-empty,0.7283170840746502,355,buffer,empty,0.7290658535623911,0.0007487694877408302
classification,two_slot_pca38_buffer_classifier_mlp,two_slot38,MLP,dexma_only,44,o-buffer__p-functionalization,0.7166376099115019,355,buffer,functionalization,0.7290658535623911,0.012428243650889126
classification,two_slot_pca38_buffer_classifier_mlp,two_slot38,MLP,dexma_only,44,o-buffer__p-molecular_weight,0.7252383301297725,355,buffer,molecular_weight,0.7290658535623911,0.003827523432618607
classification,two_slot_pca38_buffer_classifier_mlp,two_slot38,MLP,dexma_only,44,o-buffer__p-concentration,0.6983427852614285,355,buffer,concentration,0.7290658535623911,0.030723068300962608
classification,two_slot_pca38_buffer_classifier_mlp,two_slot38,MLP,dexma_only,44,o-buffer__p-functionalization+molecular_weight,0.7162582087227732,355,buffer,functionalization+molecular_weight,0.7290658535623911,0.012807644839617827
classification,two_slot_pca38_buffer_classifier_mlp,two_slot38,MLP,dexma_only,44,o-buffer__p-functionalization+concentration,0.6937317359080803,355,buffer,functionalization+concentration,0.7290658535623911,0.035334117654310715
classification,two_slot_pca38_buffer_classifier_mlp,two_slot38,MLP,dexma_only,44,o-buffer__p-molecular_weight+concentration,0.684068528836742,355,buffer,molecular_weight+concentration,0.7290658535623911,0.0449973247256491
classification,two_slot_pca38_buffer_classifier_mlp,two_slot38,MLP,dexma_only,44,o-buffer__p-functionalization+molecular_weight+concentration,0.6625614616427757,355,buffer,functionalization+molecular_weight+concentration,0.7290658535623911,0.06650439191961532
classification,two_slot_pca38_buffer_classifier_mlp,two_slot38,MLP,dexma_only,44,o-additive+salt__p-empty,0.43497891393340915,355,additive+salt,empty,0.7290658535623911,0.2940869396289819
classification,two_slot_pca38_buffer_classifier_mlp,two_slot38,MLP,dexma_only,44,o-additive+salt__p-functionalization,0.388419815064516,355,additive+salt,functionalization,0.7290658535623911,0.34064603849787506
classification,two_slot_pca38_buffer_classifier_mlp,two_slot38,MLP,dexma_only,44,o-additive+salt__p-molecular_weight,0.4425429735249668,355,additive+salt,molecular_weight,0.7290658535623911,0.28652288003742427
classification,two_slot_pca38_buffer_classifier_mlp,two_slot38,MLP,dexma_only,44,o-additive+salt__p-concentration,0.37487322558564207,355,additive+salt,concentration,0.7290658535623911,0.354192627976749
classification,two_slot_pca38_buffer_classifier_mlp,two_slot38,MLP,dexma_only,44,o-additive+salt__p-functionalization+molecular_weight,0.4112088864840708,355,additive+salt,functionalization+molecular_weight,0.7290658535623911,0.3178569670783203
classification,two_slot_pca38_buffer_classifier_mlp,two_slot38,MLP,dexma_only,44,o-additive+salt__p-functionalization+concentration,0.38960124924986655,355,additive+salt,functionalization+concentration,0.7290658535623911,0.3394646043125245
classification,two_slot_pca38_buffer_classifier_mlp,two_slot38,MLP,dexma_only,44,o-additive+salt__p-molecular_weight+concentration,0.3794128941206145,355,additive+salt,molecular_weight+concentration,0.7290658535623911,0.34965295944177655
classification,two_slot_pca38_buffer_classifier_mlp,two_slot38,MLP,dexma_only,44,o-additive+salt__p-functionalization+molecular_weight+concentration,0.34672148292882027,355,additive+salt,functionalization+molecular_weight+concentration,0.7290658535623911,0.3823443706335708
classification,two_slot_pca38_buffer_classifier_mlp,two_slot38,MLP,dexma_only,44,o-additive+buffer__p-empty,0.5156058833306146,355,additive+buffer,empty,0.7290658535623911,0.21345997023177643
classification,two_slot_pca38_buffer_classifier_mlp,two_slot38,MLP,dexma_only,44,o-additive+buffer__p-functionalization,0.5017378731637995,355,additive+buffer,functionalization,0.7290658535623911,0.2273279803985916
classification,two_slot_pca38_buffer_classifier_mlp,two_slot38,MLP,dexma_only,44,o-additive+buffer__p-molecular_weight,0.5053459490706537,355,additive+buffer,molecular_weight,0.7290658535623911,0.2237199044917374
classification,two_slot_pca38_buffer_classifier_mlp,two_slot38,MLP,dexma_only,44,o-additive+buffer__p-concentration,0.4489159068733714,355,additive+buffer,concentration,0.7290658535623911,0.28014994668901966
classification,two_slot_pca38_buffer_classifier_mlp,two_slot38,MLP,dexma_only,44,o-additive+buffer__p-functionalization+molecular_weight,0.4964288362173805,355,additive+buffer,functionalization+molecular_weight,0.7290658535623911,0.23263701734501058
classification,two_slot_pca38_buffer_classifier_mlp,two_slot38,MLP,dexma_only,44,o-additive+buffer__p-functionalization+concentration,0.4413261462546613,355,additive+buffer,functionalization+concentration,0.7290658535623911,0.28773970730772974
classification,two_slot_pca38_buffer_classifier_mlp,two_slot38,MLP,dexma_only,44,o-additive+buffer__p-molecular_weight+concentration,0.4157570363668181,355,additive+buffer,molecular_weight+concentration,0.7290658535623911,0.31330881719557296
classification,two_slot_pca38_buffer_classifier_mlp,two_slot38,MLP,dexma_only,44,o-additive+buffer__p-functionalization+molecular_weight+concentration,0.42816980336946275,355,additive+buffer,functionalization+molecular_weight+concentration,0.7290658535623911,0.3008960501929283
classification,two_slot_pca38_buffer_classifier_mlp,two_slot38,MLP,dexma_only,44,o-salt+buffer__p-empty,0.7018423419760067,355,salt+buffer,empty,0.7290658535623911,0.027223511586384364
classification,two_slot_pca38_buffer_classifier_mlp,two_slot38,MLP,dexma_only,44,o-salt+buffer__p-functionalization,0.6757786714204802,355,salt+buffer,functionalization,0.7290658535623911,0.05328718214191086
classification,two_slot_pca38_buffer_classifier_mlp,two_slot38,MLP,dexma_only,44,o-salt+buffer__p-molecular_weight,0.6845183773669405,355,salt+buffer,molecular_weight,0.7290658535623911,0.04454747619545052
classification,two_slot_pca38_buffer_classifier_mlp,two_slot38,MLP,dexma_only,44,o-salt+buffer__p-concentration,0.6482356684837208,355,salt+buffer,concentration,0.7290658535623911,0.08083018507867024
classification,two_slot_pca38_buffer_classifier_mlp,two_slot38,MLP,dexma_only,44,o-salt+buffer__p-functionalization+molecular_weight,0.6809594107094927,355,salt+buffer,functionalization+molecular_weight,0.7290658535623911,0.048106442852898335
classification,two_slot_pca38_buffer_classifier_mlp,two_slot38,MLP,dexma_only,44,o-salt+buffer__p-functionalization+concentration,0.6572644450660508,355,salt+buffer,functionalization+concentration,0.7290658535623911,0.07180140849634031
classification,two_slot_pca38_buffer_classifier_mlp,two_slot38,MLP,dexma_only,44,o-salt+buffer__p-molecular_weight+concentration,0.6477767282425226,355,salt+buffer,molecular_weight+concentration,0.7290658535623911,0.08128912531986843
classification,two_slot_pca38_buffer_classifier_mlp,two_slot38,MLP,dexma_only,44,o-salt+buffer__p-functionalization+molecular_weight+concentration,0.663956954297599,355,salt+buffer,functionalization+molecular_weight+concentration,0.7290658535623911,0.06510889926479202
classification,two_slot_pca38_buffer_classifier_mlp,two_slot38,MLP,dexma_only,44,o-additive+salt+buffer__p-empty,0.4440665532050933,355,additive+salt+buffer,empty,0.7290658535623911,0.28499930035729776
classification,two_slot_pca38_buffer_classifier_mlp,two_slot38,MLP,dexma_only,44,o-additive+salt+buffer__p-functionalization,0.42123701484702186,355,additive+salt+buffer,functionalization,0.7290658535623911,0.3078288387153692
classification,two_slot_pca38_buffer_classifier_mlp,two_slot38,MLP,dexma_only,44,o-additive+salt+buffer__p-molecular_weight,0.43232227809797374,355,additive+salt+buffer,molecular_weight,0.7290658535623911,0.2967435754644173
classification,two_slot_pca38_buffer_classifier_mlp,two_slot38,MLP,dexma_only,44,o-additive+salt+buffer__p-concentration,0.37568578657346624,355,additive+salt+buffer,concentration,0.7290658535623911,0.3533800669889248
classification,two_slot_pca38_buffer_classifier_mlp,two_slot38,MLP,dexma_only,44,o-additive+salt+buffer__p-functionalization+molecular_weight,0.38681467722231544,355,additive+salt+buffer,functionalization+molecular_weight,0.7290658535623911,0.3422511763400756
classification,two_slot_pca38_buffer_classifier_mlp,two_slot38,MLP,dexma_only,44,o-additive+salt+buffer__p-functionalization+concentration,0.3684972403954971,355,additive+salt+buffer,functionalization+concentration,0.7290658535623911,0.360568613166894
classification,two_slot_pca38_buffer_classifier_mlp,two_slot38,MLP,dexma_only,44,o-additive+salt+buffer__p-molecular_weight+concentration,0.354499024276493,355,additive+salt+buffer,molecular_weight+concentration,0.7290658535623911,0.3745668292858981
classification,two_slot_pca38_buffer_classifier_mlp,two_slot38,MLP,dexma_only,44,o-additive+salt+buffer__p-functionalization+molecular_weight+concentration,0.354205811056824,355,additive+salt+buffer,functionalization+molecular_weight+concentration,0.7290658535623911,0.37486004250556704
classification,two_slot_pca38_buffer_classifier_mlp,two_slot38,MLP,dexma_only,45,o-empty__p-empty,0.7291078857035196,355,empty,empty,0.7291078857035196,0.0
classification,two_slot_pca38_buffer_classifier_mlp,two_slot38,MLP,dexma_only,45,o-empty__p-functionalization,0.7234476718572347,355,empty,functionalization,0.7291078857035196,0.0056602138462849005
classification,two_slot_pca38_buffer_classifier_mlp,two_slot38,MLP,dexma_only,45,o-empty__p-molecular_weight,0.7291666374622777,355,empty,molecular_weight,0.7291078857035196,-5.875175875813543e-05
classification,two_slot_pca38_buffer_classifier_mlp,two_slot38,MLP,dexma_only,45,o-empty__p-concentration,0.6987336667118444,355,empty,concentration,0.7291078857035196,0.03037421899167514
classification,two_slot_pca38_buffer_classifier_mlp,two_slot38,MLP,dexma_only,45,o-empty__p-functionalization+molecular_weight,0.7172941014558353,355,empty,functionalization+molecular_weight,0.7291078857035196,0.011813784247684311
classification,two_slot_pca38_buffer_classifier_mlp,two_slot38,MLP,dexma_only,45,o-empty__p-functionalization+concentration,0.6923956472523233,355,empty,functionalization+concentration,0.7291078857035196,0.03671223845119631
classification,two_slot_pca38_buffer_classifier_mlp,two_slot38,MLP,dexma_only,45,o-empty__p-molecular_weight+concentration,0.6809961767511832,355,empty,molecular_weight+concentration,0.7291078857035196,0.04811170895233641
classification,two_slot_pca38_buffer_classifier_mlp,two_slot38,MLP,dexma_only,45,o-empty__p-functionalization+molecular_weight+concentration,0.6740864483120478,355,empty,functionalization+molecular_weight+concentration,0.7291078857035196,0.055021437391471806
classification,two_slot_pca38_buffer_classifier_mlp,two_slot38,MLP,dexma_only,45,o-additive__p-empty,0.4999751219420512,355,additive,empty,0.7291078857035196,0.2291327637614684
classification,two_slot_pca38_buffer_classifier_mlp,two_slot38,MLP,dexma_only,45,o-additive__p-functionalization,0.4867261537806994,355,additive,functionalization,0.7291078857035196,0.2423817319228202
classification,two_slot_pca38_buffer_classifier_mlp,two_slot38,MLP,dexma_only,45,o-additive__p-molecular_weight,0.48910753630334597,355,additive,molecular_weight,0.7291078857035196,0.24000034940017362
classification,two_slot_pca38_buffer_classifier_mlp,two_slot38,MLP,dexma_only,45,o-additive__p-concentration,0.43646140943928347,355,additive,concentration,0.7291078857035196,0.2926464762642361
classification,two_slot_pca38_buffer_classifier_mlp,two_slot38,MLP,dexma_only,45,o-additive__p-functionalization+molecular_weight,0.47553819845443895,355,additive,functionalization+molecular_weight,0.7291078857035196,0.25356968724908063
classification,two_slot_pca38_buffer_classifier_mlp,two_slot38,MLP,dexma_only,45,o-additive__p-functionalization+concentration,0.43278821222459446,355,additive,functionalization+concentration,0.7291078857035196,0.2963196734789251
classification,two_slot_pca38_buffer_classifier_mlp,two_slot38,MLP,dexma_only,45,o-additive__p-molecular_weight+concentration,0.42150915902042,355,additive,molecular_weight+concentration,0.7291078857035196,0.30759872668309957
classification,two_slot_pca38_buffer_classifier_mlp,two_slot38,MLP,dexma_only,45,o-additive__p-functionalization+molecular_weight+concentration,0.40503720461550546,355,additive,functionalization+molecular_weight+concentration,0.7291078857035196,0.3240706810880141
classification,two_slot_pca38_buffer_classifier_mlp,two_slot38,MLP,dexma_only,45,o-salt__p-empty,0.7022721852106104,355,salt,empty,0.7291078857035196,0.026835700492909176
classification,two_slot_pca38_buffer_classifier_mlp,two_slot38,MLP,dexma_only,45,o-salt__p-functionalization,0.7154479353147444,355,salt,functionalization,0.7291078857035196,0.01365995038877521
classification,two_slot_pca38_buffer_classifier_mlp,two_slot38,MLP,dexma_only,45,o-salt__p-molecular_weight,0.7019037905036061,355,salt,molecular_weight,0.7291078857035196,0.027204095199913514
classification,two_slot_pca38_buffer_classifier_mlp,two_slot38,MLP,dexma_only,45,o-salt__p-concentration,0.6750851996224811,355,salt,concentration,0.7291078857035196,0.05402268608103844
classification,two_slot_pca38_buffer_classifier_mlp,two_slot38,MLP,dexma_only,45,o-salt__p-functionalization+molecular_weight,0.705033819303974,355,salt,functionalization+molecular_weight,0.7291078857035196,0.02407406639954557
classification,two_slot_pca38_buffer_classifier_mlp,two_slot38,MLP,dexma_only,45,o-salt__p-functionalization+concentration,0.6775453925841383,355,salt,functionalization+concentration,0.7291078857035196,0.051562493119381325
classification,two_slot_pca38_buffer_classifier_mlp,two_slot38,MLP,dexma_only,45,o-salt__p-molecular_weight+concentration,0.6612002186305888,355,salt,molecular_weight+concentration,0.7291078857035196,0.06790766707293083
classification,two_slot_pca38_buffer_classifier_mlp,two_slot38,MLP,dexma_only,45,o-salt__p-functionalization+molecular_weight+concentration,0.6814191568638541,355,salt,functionalization+molecular_weight+concentration,0.7291078857035196,0.04768872883966546
classification,two_slot_pca38_buffer_classifier_mlp,two_slot38,MLP,dexma_only,45,o-buffer__p-empty,0.7309680722765629,355,buffer,empty,0.7291078857035196,-0.001860186573043321
classification,two_slot_pca38_buffer_classifier_mlp,two_slot38,MLP,dexma_only,45,o-buffer__p-functionalization,0.7145510037558278,355,buffer,functionalization,0.7291078857035196,0.01455688194769178
classification,two_slot_pca38_buffer_classifier_mlp,two_slot38,MLP,dexma_only,45,o-buffer__p-molecular_weight,0.7310371990768195,355,buffer,molecular_weight,0.7291078857035196,-0.0019293133732999346
classification,two_slot_pca38_buffer_classifier_mlp,two_slot38,MLP,dexma_only,45,o-buffer__p-concentration,0.6924432745150739,355,buffer,concentration,0.7291078857035196,0.03666461118844566
classification,two_slot_pca38_buffer_classifier_mlp,two_slot38,MLP,dexma_only,45,o-buffer__p-functionalization+molecular_weight,0.7172484362696554,355,buffer,functionalization+molecular_weight,0.7291078857035196,0.011859449433864189
classification,two_slot_pca38_buffer_classifier_mlp,two_slot38,MLP,dexma_only,45,o-buffer__p-functionalization+concentration,0.6896857895458066,355,buffer,functionalization+concentration,0.7291078857035196,0.03942209615771297
classification,two_slot_pca38_buffer_classifier_mlp,two_slot38,MLP,dexma_only,45,o-buffer__p-molecular_weight+concentration,0.6667401155359408,355,buffer,molecular_weight+concentration,0.7291078857035196,0.06236777016757877
classification,two_slot_pca38_buffer_classifier_mlp,two_slot38,MLP,dexma_only,45,o-buffer__p-functionalization+molecular_weight+concentration,0.6777342158213228,355,buffer,functionalization+molecular_weight+concentration,0.7291078857035196,0.051373669882196826
classification,two_slot_pca38_buffer_classifier_mlp,two_slot38,MLP,dexma_only,45,o-additive+salt__p-empty,0.40621545737951154,355,additive+salt,empty,0.7291078857035196,0.32289242832400805
classification,two_slot_pca38_buffer_classifier_mlp,two_slot38,MLP,dexma_only,45,o-additive+salt__p-functionalization,0.3844378661354169,355,additive+salt,functionalization,0.7291078857035196,0.34467001956810267
classification,two_slot_pca38_buffer_classifier_mlp,two_slot38,MLP,dexma_only,45,o-additive+salt__p-molecular_weight,0.39853995980479706,355,additive+salt,molecular_weight,0.7291078857035196,0.3305679258987225
classification,two_slot_pca38_buffer_classifier_mlp,two_slot38,MLP,dexma_only,45,o-additive+salt__p-concentration,0.29996114191099266,355,additive+salt,concentration,0.7291078857035196,0.42914674379252693
classification,two_slot_pca38_buffer_classifier_mlp,two_slot38,MLP,dexma_only,45,o-additive+salt__p-functionalization+molecular_weight,0.3511930962011625,355,additive+salt,functionalization+molecular_weight,0.7291078857035196,0.3779147895023571
classification,two_slot_pca38_buffer_classifier_mlp,two_slot38,MLP,dexma_only,45,o-additive+salt__p-functionalization+concentration,0.30079200295307623,355,additive+salt,functionalization+concentration,0.7291078857035196,0.42831588275044336
classification,two_slot_pca38_buffer_classifier_mlp,two_slot38,MLP,dexma_only,45,o-additive+salt__p-molecular_weight+concentration,0.298255472623509,355,additive+salt,molecular_weight+concentration,0.7291078857035196,0.4308524130800106
classification,two_slot_pca38_buffer_classifier_mlp,two_slot38,MLP,dexma_only,45,o-additive+salt__p-functionalization+molecular_weight+concentration,0.319981435514194,355,additive+salt,functionalization+molecular_weight+concentration,0.7291078857035196,0.4091264501893256
classification,two_slot_pca38_buffer_classifier_mlp,two_slot38,MLP,dexma_only,45,o-additive+buffer__p-empty,0.49441811257742035,355,additive+buffer,empty,0.7291078857035196,0.23468977312609923
classification,two_slot_pca38_buffer_classifier_mlp,two_slot38,MLP,dexma_only,45,o-additive+buffer__p-functionalization,0.4827313474152466,355,additive+buffer,functionalization,0.7291078857035196,0.246376538288273
classification,two_slot_pca38_buffer_classifier_mlp,two_slot38,MLP,dexma_only,45,o-additive+buffer__p-molecular_weight,0.47911399981456376,355,additive+buffer,molecular_weight,0.7291078857035196,0.24999388588895582
classification,two_slot_pca38_buffer_classifier_mlp,two_slot38,MLP,dexma_only,45,o-additive+buffer__p-concentration,0.42563010013125613,355,additive+buffer,concentration,0.7291078857035196,0.30347778557226346
classification,two_slot_pca38_buffer_classifier_mlp,two_slot38,MLP,dexma_only,45,o-additive+buffer__p-functionalization+molecular_weight,0.44992651649582166,355,additive+buffer,functionalization+molecular_weight,0.7291078857035196,0.2791813692076979
classification,two_slot_pca38_buffer_classifier_mlp,two_slot38,MLP,dexma_only,45,o-additive+buffer__p-functionalization+concentration,0.4203407757902568,355,additive+buffer,functionalization+concentration,0.7291078857035196,0.3087671099132628
classification,two_slot_pca38_buffer_classifier_mlp,two_slot38,MLP,dexma_only,45,o-additive+buffer__p-molecular_weight+concentration,0.4088883619079858,355,additive+buffer,molecular_weight+concentration,0.7291078857035196,0.3202195237955338
classification,two_slot_pca38_buffer_classifier_mlp,two_slot38,MLP,dexma_only,45,o-additive+buffer__p-functionalization+molecular_weight+concentration,0.40097862678133145,355,additive+buffer,functionalization+molecular_weight+concentration,0.7291078857035196,0.32812925892218814
classification,two_slot_pca38_buffer_classifier_mlp,two_slot38,MLP,dexma_only,45,o-salt+buffer__p-empty,0.6944237261340668,355,salt+buffer,empty,0.7291078857035196,0.03468415956945281
classification,two_slot_pca38_buffer_classifier_mlp,two_slot38,MLP,dexma_only,45,o-salt+buffer__p-functionalization,0.7016199813389478,355,salt+buffer,functionalization,0.7291078857035196,0.027487904364571825
classification,two_slot_pca38_buffer_classifier_mlp,two_slot38,MLP,dexma_only,45,o-salt+buffer__p-molecular_weight,0.6823534584288028,355,salt+buffer,molecular_weight,0.7291078857035196,0.04675442727471679
classification,two_slot_pca38_buffer_classifier_mlp,two_slot38,MLP,dexma_only,45,o-salt+buffer__p-concentration,0.6546337175621946,355,salt+buffer,concentration,0.7291078857035196,0.07447416814132501
classification,two_slot_pca38_buffer_classifier_mlp,two_slot38,MLP,dexma_only,45,o-salt+buffer__p-functionalization+molecular_weight,0.7054392060085142,355,salt+buffer,functionalization+molecular_weight,0.7291078857035196,0.023668679695005412
classification,two_slot_pca38_buffer_classifier_mlp,two_slot38,MLP,dexma_only,45,o-salt+buffer__p-functionalization+concentration,0.6918159095297239,355,salt+buffer,functionalization+concentration,0.7291078857035196,0.03729197617379565
classification,two_slot_pca38_buffer_classifier_mlp,two_slot38,MLP,dexma_only,45,o-salt+buffer__p-molecular_weight+concentration,0.6684863553496484,355,salt+buffer,molecular_weight+concentration,0.7291078857035196,0.06062153035387119
classification,two_slot_pca38_buffer_classifier_mlp,two_slot38,MLP,dexma_only,45,o-salt+buffer__p-functionalization+molecular_weight+concentration,0.6730894088524313,355,salt+buffer,functionalization+molecular_weight+concentration,0.7291078857035196,0.056018476851088295
classification,two_slot_pca38_buffer_classifier_mlp,two_slot38,MLP,dexma_only,45,o-additive+salt+buffer__p-empty,0.392989619419819,355,additive+salt+buffer,empty,0.7291078857035196,0.33611826628370056
classification,two_slot_pca38_buffer_classifier_mlp,two_slot38,MLP,dexma_only,45,o-additive+salt+buffer__p-functionalization,0.35137639356456435,355,additive+salt+buffer,functionalization,0.7291078857035196,0.37773149213895524
classification,two_slot_pca38_buffer_classifier_mlp,two_slot38,MLP,dexma_only,45,o-additive+salt+buffer__p-molecular_weight,0.3772688131393435,355,additive+salt+buffer,molecular_weight,0.7291078857035196,0.35183907256417607
classification,two_slot_pca38_buffer_classifier_mlp,two_slot38,MLP,dexma_only,45,o-additive+salt+buffer__p-concentration,0.28847148349835583,355,additive+salt+buffer,concentration,0.7291078857035196,0.44063640220516376
classification,two_slot_pca38_buffer_classifier_mlp,two_slot38,MLP,dexma_only,45,o-additive+salt+buffer__p-functionalization+molecular_weight,0.3592942575485934,355,additive+salt+buffer,functionalization+molecular_weight,0.7291078857035196,0.3698136281549262
classification,two_slot_pca38_buffer_classifier_mlp,two_slot38,MLP,dexma_only,45,o-additive+salt+buffer__p-functionalization+concentration,0.2904348911807704,355,additive+salt+buffer,functionalization+concentration,0.7291078857035196,0.43867299452274916
classification,two_slot_pca38_buffer_classifier_mlp,two_slot38,MLP,dexma_only,45,o-additive+salt+buffer__p-molecular_weight+concentration,0.2914048974335718,355,additive+salt+buffer,molecular_weight+concentration,0.7291078857035196,0.4377029882699478
classification,two_slot_pca38_buffer_classifier_mlp,two_slot38,MLP,dexma_only,45,o-additive+salt+buffer__p-functionalization+molecular_weight+concentration,0.2852365385489641,355,additive+salt+buffer,functionalization+molecular_weight+concentration,0.7291078857035196,0.4438713471545555
classification,two_slot_pca38_buffer_classifier_mlp,two_slot38,MLP,dexma_only,46,o-empty__p-empty,0.729008712241629,355,empty,empty,0.729008712241629,0.0
classification,two_slot_pca38_buffer_classifier_mlp,two_slot38,MLP,dexma_only,46,o-empty__p-functionalization,0.7197133680758111,355,empty,functionalization,0.729008712241629,0.009295344165817898
classification,two_slot_pca38_buffer_classifier_mlp,two_slot38,MLP,dexma_only,46,o-empty__p-molecular_weight,0.7299257118305231,355,empty,molecular_weight,0.729008712241629,-0.0009169995888941296
classification,two_slot_pca38_buffer_classifier_mlp,two_slot38,MLP,dexma_only,46,o-empty__p-concentration,0.6939542760452088,355,empty,concentration,0.729008712241629,0.035054436196420236
classification,two_slot_pca38_buffer_classifier_mlp,two_slot38,MLP,dexma_only,46,o-empty__p-functionalization+molecular_weight,0.7200423968847687,355,empty,functionalization+molecular_weight,0.729008712241629,0.008966315356860322
classification,two_slot_pca38_buffer_classifier_mlp,two_slot38,MLP,dexma_only,46,o-empty__p-functionalization+concentration,0.6880054875562244,355,empty,functionalization+concentration,0.729008712241629,0.04100322468540463
classification,two_slot_pca38_buffer_classifier_mlp,two_slot38,MLP,dexma_only,46,o-empty__p-molecular_weight+concentration,0.6928600574521036,355,empty,molecular_weight+concentration,0.729008712241629,0.03614865478952545
classification,two_slot_pca38_buffer_classifier_mlp,two_slot38,MLP,dexma_only,46,o-empty__p-functionalization+molecular_weight+concentration,0.6833205579394712,355,empty,functionalization+molecular_weight+concentration,0.729008712241629,0.04568815430215778
classification,two_slot_pca38_buffer_classifier_mlp,two_slot38,MLP,dexma_only,46,o-additive__p-empty,0.5133965587766947,355,additive,empty,0.729008712241629,0.21561215346493434
classification,two_slot_pca38_buffer_classifier_mlp,two_slot38,MLP,dexma_only,46,o-additive__p-functionalization,0.4903728304053083,355,additive,functionalization,0.729008712241629,0.23863588183632067
classification,two_slot_pca38_buffer_classifier_mlp,two_slot38,MLP,dexma_only,46,o-additive__p-molecular_weight,0.5165742499078488,355,additive,molecular_weight,0.729008712241629,0.21243446233378016
classification,two_slot_pca38_buffer_classifier_mlp,two_slot38,MLP,dexma_only,46,o-additive__p-concentration,0.4374495155812973,355,additive,concentration,0.729008712241629,0.2915591966603317
classification,two_slot_pca38_buffer_classifier_mlp,two_slot38,MLP,dexma_only,46,o-additive__p-functionalization+molecular_weight,0.4673373335823781,355,additive,functionalization+molecular_weight,0.729008712241629,0.2616713786592509
classification,two_slot_pca38_buffer_classifier_mlp,two_slot38,MLP,dexma_only,46,o-additive__p-functionalization+concentration,0.4351732293837543,355,additive,functionalization+concentration,0.729008712241629,0.2938354828578747
classification,two_slot_pca38_buffer_classifier_mlp,two_slot38,MLP,dexma_only,46,o-additive__p-molecular_weight+concentration,0.4172011301870181,355,additive,molecular_weight+concentration,0.729008712241629,0.3118075820546109
classification,two_slot_pca38_buffer_classifier_mlp,two_slot38,MLP,dexma_only,46,o-additive__p-functionalization+molecular_weight+concentration,0.44008489877855106,355,additive,functionalization+molecular_weight+concentration,0.729008712241629,0.28892381346307794
classification,two_slot_pca38_buffer_classifier_mlp,two_slot38,MLP,dexma_only,46,o-salt__p-empty,0.6897164722997363,355,salt,empty,0.729008712241629,0.03929223994189268
classification,two_slot_pca38_buffer_classifier_mlp,two_slot38,MLP,dexma_only,46,o-salt__p-functionalization,0.6807383081309741,355,salt,functionalization,0.729008712241629,0.04827040411065486
classification,two_slot_pca38_buffer_classifier_mlp,two_slot38,MLP,dexma_only,46,o-salt__p-molecular_weight,0.6772409750619918,355,salt,molecular_weight,0.729008712241629,0.05176773717963723
classification,two_slot_pca38_buffer_classifier_mlp,two_slot38,MLP,dexma_only,46,o-salt__p-concentration,0.6697498646626789,355,salt,concentration,0.729008712241629,0.05925884757895006
classification,two_slot_pca38_buffer_classifier_mlp,two_slot38,MLP,dexma_only,46,o-salt__p-functionalization+molecular_weight,0.6847726730335473,355,salt,functionalization+molecular_weight,0.729008712241629,0.04423603920808172
classification,two_slot_pca38_buffer_classifier_mlp,two_slot38,MLP,dexma_only,46,o-salt__p-functionalization+concentration,0.6634019341178492,355,salt,functionalization+concentration,0.729008712241629,0.0656067781237798
classification,two_slot_pca38_buffer_classifier_mlp,two_slot38,MLP,dexma_only,46,o-salt__p-molecular_weight+concentration,0.6651563787436385,355,salt,molecular_weight+concentration,0.729008712241629,0.06385233349799047
classification,two_slot_pca38_buffer_classifier_mlp,two_slot38,MLP,dexma_only,46,o-salt__p-functionalization+molecular_weight+concentration,0.6629994855392619,355,salt,functionalization+molecular_weight+concentration,0.729008712241629,0.06600922670236709
classification,two_slot_pca38_buffer_classifier_mlp,two_slot38,MLP,dexma_only,46,o-buffer__p-empty,0.7308587337976472,355,buffer,empty,0.729008712241629,-0.001850021556018211
classification,two_slot_pca38_buffer_classifier_mlp,two_slot38,MLP,dexma_only,46,o-buffer__p-functionalization,0.7199176509541775,355,buffer,functionalization,0.729008712241629,0.009091061287451518
classification,two_slot_pca38_buffer_classifier_mlp,two_slot38,MLP,dexma_only,46,o-buffer__p-molecular_weight,0.7294376091377232,355,buffer,molecular_weight,0.729008712241629,-0.00042889689609415527
classification,two_slot_pca38_buffer_classifier_mlp,two_slot38,MLP,dexma_only,46,o-buffer__p-concentration,0.6955523573324154,355,buffer,concentration,0.729008712241629,0.033456354909213615
classification,two_slot_pca38_buffer_classifier_mlp,two_slot38,MLP,dexma_only,46,o-buffer__p-functionalization+molecular_weight,0.7149008745514863,355,buffer,functionalization+molecular_weight,0.729008712241629,0.014107837690142677
classification,two_slot_pca38_buffer_classifier_mlp,two_slot38,MLP,dexma_only,46,o-buffer__p-functionalization+concentration,0.689504664514957,355,buffer,functionalization+concentration,0.729008712241629,0.03950404772667204
classification,two_slot_pca38_buffer_classifier_mlp,two_slot38,MLP,dexma_only,46,o-buffer__p-molecular_weight+concentration,0.6859748251631189,355,buffer,molecular_weight+concentration,0.729008712241629,0.04303388707851008
classification,two_slot_pca38_buffer_classifier_mlp,two_slot38,MLP,dexma_only,46,o-buffer__p-functionalization+molecular_weight+concentration,0.6622394754458576,355,buffer,functionalization+molecular_weight+concentration,0.729008712241629,0.0667692367957714
classification,two_slot_pca38_buffer_classifier_mlp,two_slot38,MLP,dexma_only,46,o-additive+salt__p-empty,0.42275940924624106,355,additive+salt,empty,0.729008712241629,0.30624930299538794
classification,two_slot_pca38_buffer_classifier_mlp,two_slot38,MLP,dexma_only,46,o-additive+salt__p-functionalization,0.3752218724215863,355,additive+salt,functionalization,0.729008712241629,0.3537868398200427
classification,two_slot_pca38_buffer_classifier_mlp,two_slot38,MLP,dexma_only,46,o-additive+salt__p-molecular_weight,0.3965067452925928,355,additive+salt,molecular_weight,0.729008712241629,0.3325019669490362
classification,two_slot_pca38_buffer_classifier_mlp,two_slot38,MLP,dexma_only,46,o-additive+salt__p-concentration,0.34686107200068766,355,additive+salt,concentration,0.729008712241629,0.38214764024094133
classification,two_slot_pca38_buffer_classifier_mlp,two_slot38,MLP,dexma_only,46,o-additive+salt__p-functionalization+molecular_weight,0.36278432277746503,355,additive+salt,functionalization+molecular_weight,0.729008712241629,0.36622438946416397
classification,two_slot_pca38_buffer_classifier_mlp,two_slot38,MLP,dexma_only,46,o-additive+salt__p-functionalization+concentration,0.3355584468485858,355,additive+salt,functionalization+concentration,0.729008712241629,0.3934502653930432
classification,two_slot_pca38_buffer_classifier_mlp,two_slot38,MLP,dexma_only,46,o-additive+salt__p-molecular_weight+concentration,0.34706729855150825,355,additive+salt,molecular_weight+concentration,0.729008712241629,0.38194141369012075
classification,two_slot_pca38_buffer_classifier_mlp,two_slot38,MLP,dexma_only,46,o-additive+salt__p-functionalization+molecular_weight+concentration,0.35737944960100393,355,additive+salt,functionalization+molecular_weight+concentration,0.729008712241629,0.37162926264062507
classification,two_slot_pca38_buffer_classifier_mlp,two_slot38,MLP,dexma_only,46,o-additive+buffer__p-empty,0.511331637957848,355,additive+buffer,empty,0.729008712241629,0.21767707428378102
classification,two_slot_pca38_buffer_classifier_mlp,two_slot38,MLP,dexma_only,46,o-additive+buffer__p-functionalization,0.48561133400667633,355,additive+buffer,functionalization,0.729008712241629,0.24339737823495267
classification,two_slot_pca38_buffer_classifier_mlp,two_slot38,MLP,dexma_only,46,o-additive+buffer__p-molecular_weight,0.4907830931093438,355,additive+buffer,molecular_weight,0.729008712241629,0.23822561913228518
classification,two_slot_pca38_buffer_classifier_mlp,two_slot38,MLP,dexma_only,46,o-additive+buffer__p-concentration,0.4194355315830808,355,additive+buffer,concentration,0.729008712241629,0.3095731806585482
classification,two_slot_pca38_buffer_classifier_mlp,two_slot38,MLP,dexma_only,46,o-additive+buffer__p-functionalization+molecular_weight,0.48419765677533305,355,additive+buffer,functionalization+molecular_weight,0.729008712241629,0.24481105546629595
classification,two_slot_pca38_buffer_classifier_mlp,two_slot38,MLP,dexma_only,46,o-additive+buffer__p-functionalization+concentration,0.4463484819862031,355,additive+buffer,functionalization+concentration,0.729008712241629,0.2826602302554259
classification,two_slot_pca38_buffer_classifier_mlp,two_slot38,MLP,dexma_only,46,o-additive+buffer__p-molecular_weight+concentration,0.43605053109412345,355,additive+buffer,molecular_weight+concentration,0.729008712241629,0.29295818114750555
classification,two_slot_pca38_buffer_classifier_mlp,two_slot38,MLP,dexma_only,46,o-additive+buffer__p-functionalization+molecular_weight+concentration,0.4198889736187656,355,additive+buffer,functionalization+molecular_weight+concentration,0.729008712241629,0.3091197386228634
classification,two_slot_pca38_buffer_classifier_mlp,two_slot38,MLP,dexma_only,46,o-salt+buffer__p-empty,0.6688056557831537,355,salt+buffer,empty,0.729008712241629,0.060203056458475346
classification,two_slot_pca38_buffer_classifier_mlp,two_slot38,MLP,dexma_only,46,o-salt+buffer__p-functionalization,0.6623567571685083,355,salt+buffer,functionalization,0.729008712241629,0.06665195507312072
classification,two_slot_pca38_buffer_classifier_mlp,two_slot38,MLP,dexma_only,46,o-salt+buffer__p-molecular_weight,0.6648606174190919,355,salt+buffer,molecular_weight,0.729008712241629,0.06414809482253714
classification,two_slot_pca38_buffer_classifier_mlp,two_slot38,MLP,dexma_only,46,o-salt+buffer__p-concentration,0.6484492611248465,355,salt+buffer,concentration,0.729008712241629,0.08055945111678253
classification,two_slot_pca38_buffer_classifier_mlp,two_slot38,MLP,dexma_only,46,o-salt+buffer__p-functionalization+molecular_weight,0.6636981687539549,355,salt+buffer,functionalization+molecular_weight,0.729008712241629,0.06531054348767407
classification,two_slot_pca38_buffer_classifier_mlp,two_slot38,MLP,dexma_only,46,o-salt+buffer__p-functionalization+concentration,0.651220099012503,355,salt+buffer,functionalization+concentration,0.729008712241629,0.077788613229126
classification,two_slot_pca38_buffer_classifier_mlp,two_slot38,MLP,dexma_only,46,o-salt+buffer__p-molecular_weight+concentration,0.646873921120048,355,salt+buffer,molecular_weight+concentration,0.729008712241629,0.08213479112158095
classification,two_slot_pca38_buffer_classifier_mlp,two_slot38,MLP,dexma_only,46,o-salt+buffer__p-functionalization+molecular_weight+concentration,0.6452106179274291,355,salt+buffer,functionalization+molecular_weight+concentration,0.729008712241629,0.08379809431419993
classification,two_slot_pca38_buffer_classifier_mlp,two_slot38,MLP,dexma_only,46,o-additive+salt+buffer__p-empty,0.4111887581692165,355,additive+salt+buffer,empty,0.729008712241629,0.3178199540724125
classification,two_slot_pca38_buffer_classifier_mlp,two_slot38,MLP,dexma_only,46,o-additive+salt+buffer__p-functionalization,0.35120208452840257,355,additive+salt+buffer,functionalization,0.729008712241629,0.37780662771322643
classification,two_slot_pca38_buffer_classifier_mlp,two_slot38,MLP,dexma_only,46,o-additive+salt+buffer__p-molecular_weight,0.40217112039479425,355,additive+salt+buffer,molecular_weight,0.729008712241629,0.32683759184683475
classification,two_slot_pca38_buffer_classifier_mlp,two_slot38,MLP,dexma_only,46,o-additive+salt+buffer__p-concentration,0.3220621248060828,355,additive+salt+buffer,concentration,0.729008712241629,0.4069465874355462
classification,two_slot_pca38_buffer_classifier_mlp,two_slot38,MLP,dexma_only,46,o-additive+salt+buffer__p-functionalization+molecular_weight,0.3640428847959008,355,additive+salt+buffer,functionalization+molecular_weight,0.729008712241629,0.3649658274457282
classification,two_slot_pca38_buffer_classifier_mlp,two_slot38,MLP,dexma_only,46,o-additive+salt+buffer__p-functionalization+concentration,0.35183010859875335,355,additive+salt+buffer,functionalization+concentration,0.729008712241629,0.37717860364287564
classification,two_slot_pca38_buffer_classifier_mlp,two_slot38,MLP,dexma_only,46,o-additive+salt+buffer__p-molecular_weight+concentration,0.34777412831344695,355,additive+salt+buffer,molecular_weight+concentration,0.729008712241629,0.38123458392818205
classification,two_slot_pca38_buffer_classifier_mlp,two_slot38,MLP,dexma_only,46,o-additive+salt+buffer__p-functionalization+molecular_weight+concentration,0.36338929714517826,355,additive+salt+buffer,functionalization+molecular_weight+concentration,0.729008712241629,0.36561941509645074
